strategy_total_return,buy_hold_total_return,excess_total_return,strategy_sharpe,buy_hold_sharpe,strategy_max_dd,buy_hold_max_dd
-0.15717345465069288,0.09149816124640209,-0.24867161589709497,-1.5543067480204413,0.9406883311115604,-0.22612377156672536,-0.14448311442629025
-0.25725704303271413,0.4128391961721689,-0.670096239204883,-3.03699288193555,3.774511200638941,-0.2696039079875412,-0.061084581045201536
-0.16973589921505505,0.291656544099399,-0.46139244331445406,-1.7425172826641182,2.650161120438112,-0.21846542708116878,-0.10186810535853641
-0.22360824976537652,0.2794084127969725,-0.503016662562349,-2.2977554011740193,2.4410608798078464,-0.2483462186298111,-0.10179775303520211
-0.1986277871284151,0.27677956436439244,-0.47540735149280755,-2.262432404830397,2.6994046442686535,-0.22951138650124225,-0.07271421694883251
-0.17776912066315975,0.192452118855299,-0.37022123951845876,-1.7797792905630776,1.79324397997926,-0.1719856899453277,-0.12920137018273758
-0.1610279213055521,0.18210647092943577,-0.3431343922349879,-2.042463185453111,2.1061168429168005,-0.19432700849149454,-0.08548239592283657
-0.22003263341473334,0.2326291561329501,-0.45266178954768344,-2.226232581312895,2.0663072897811423,-0.23489768765982877,-0.07730017188993332
-0.20452199562780404,0.30194699685904935,-0.5064689924868534,-2.2145248531215254,2.779395005500482,-0.2295709201283347,-0.12681480262919753
-0.23798570335128233,0.20752910980427597,-0.4455148131555583,-2.778673843142498,2.0751986977253063,-0.2727566775462513,-0.08077912284053379
-0.2730361868830373,0.48076156941595327,-0.7537977562989906,-3.5249550345808482,4.60598572432108,-0.26846727815787597,-0.055996631320163304
-0.20231002280290367,0.18288475355843725,-0.3851947763613409,-2.3224997071419584,1.8854368967517603,-0.21644327384362505,-0.0740764846706834
-0.2606805762501624,0.2412074168525935,-0.5018879931027559,-3.284823498900079,2.492839750836189,-0.2736916423053357,-0.07186639778506443
-0.11018534358201615,0.11610203078785108,-0.22628737436986723,-1.5856011205025962,1.6390366738749877,-0.16686839242657658,-0.06896891079401168
-0.25588137582653525,0.3688086025518442,-0.6246899783783795,-2.990262754348037,3.3957666440280563,-0.24609623154820182,-0.07485154405502747
-0.3115800906921403,0.4493461309368372,-0.7609262216289775,-3.2459446780904693,3.4643072890965008,-0.3104848666088964,-0.10535248383423435
-0.20542993128582854,0.0815930337804942,-0.28702296506632274,-2.1888151640140863,0.8664320787274709,-0.21894603757686248,-0.1898758718382889
-0.14410247741545013,0.23152444310841735,-0.3756269205238675,-1.4294968274935962,2.149670390262431,-0.229436356688702,-0.06418234709053883
-0.16125003531180504,0.17595401728518478,-0.3372040525969898,-1.466566379481132,1.5567623405630897,-0.2069309789711573,-0.11461603858836356
-0.10987071003171545,0.20197877159347066,-0.3118494816251861,-1.2689755540921186,2.233086473752079,-0.14415202747174893,-0.09507793673840259
-0.2516237538056615,0.2826203584386404,-0.5342441122443019,-3.0817343249263867,2.809520824445852,-0.28122793639755406,-0.0656635879437355
-0.177451128334997,0.05116981361084849,-0.22862094194584548,-2.3001043507276235,0.6801222564771428,-0.20555485332496626,-0.11348009738906162
-0.22960326670807762,0.3285937971801196,-0.5581970638881972,-2.5900002996668317,3.0398735222864013,-0.28111447366712994,-0.0709185883064426
-0.2666535605554585,0.15874278996492586,-0.4253963505203844,-3.222878351547461,1.6452288156226451,-0.25240793648616244,-0.11249125917890013
-0.09162011790561475,0.11778417395903773,-0.20940429186465248,-1.008247445432901,1.3504759089525662,-0.1279409199454662,-0.08524304185055742
-0.14868425354773995,0.363840808200099,-0.512525061747839,-1.1645220534057215,2.618879710815685,-0.21281474577111004,-0.05963125558746363
-0.21785977582399296,0.38486380997013137,-0.6027235857941243,-2.6681736896026136,3.803658480986618,-0.22159096057510053,-0.0718663977850642
-0.18412804973299013,0.17121577667274046,-0.3553438264057306,-2.028357799323492,1.7313158695586794,-0.20813264529952358,-0.12209895206514021
-0.22252037721849494,0.29777478582967754,-0.5202951630481725,-2.355021682337934,2.6505312757181345,-0.22726593023107855,-0.08267020919876045
-0.23479183912851276,0.35699087843501864,-0.5917827175635314,-2.8484610310845664,3.4660763969268844,-0.24523966145107667,-0.08077912284053379
-0.23789749516183545,0.44935549098624006,-0.6872529861480755,-2.616889640984801,3.8621712626065525,-0.26088321771263867,-0.058827375585608244
-0.2461152817134562,0.41133817652860083,-0.657453458242057,-3.654793400858338,4.728410763233451,-0.25898033645645036,-0.055452970089249654
-0.12561517621655138,0.4135066261570022,-0.5391218023735536,-1.2771969878768212,3.7092712933700107,-0.14442120513297463,-0.08226964858909769
-0.27428746684396144,0.39480286010285326,-0.6690903269468147,-3.295418613273745,3.6299477647293004,-0.30786591034836264,-0.06418234709053905
-0.2542485542813572,0.6602638921083601,-0.9145124463897173,-2.8564026195651033,5.422952021773829,-0.26459521004917397,-0.052898055712141456
-0.15257291389758698,0.21855091068625443,-0.3711238245838414,-1.5619652945965765,2.0808125180702173,-0.21205606974954627,-0.1077208145144335
-0.26607049853046927,0.5150982918779969,-0.7811687904084662,-2.5728506531976727,3.771857943906301,-0.28231143687902227,-0.0631714718221894
-0.11288830925186577,-0.0522839159510593,-0.06060439330080647,-1.2837192123893861,-0.5349659675071183,-0.12491298398223671,-0.14104888357875411
-0.18553685069802128,0.5974785421416751,-0.7830153928396963,-1.9858676304952823,5.032337031291738,-0.19223267812850642,-0.06855245848448144
-0.1741634995305683,0.3178678848563192,-0.49203138438688754,-1.7861220712928014,2.848867949514836,-0.19117511036731205,-0.08992874692323582
-0.20009491121216227,0.35686440114258056,-0.5569593123547428,-2.192635470087175,3.2534681606718783,-0.2185586209248893,-0.1236802808555798
-0.14050339989713667,0.3636058384495957,-0.5041092383467324,-1.3177025398315172,3.0477389378166158,-0.1991107983507715,-0.05192607620937717
-0.2007027753783378,0.37784007632181726,-0.5785428517001551,-2.4158384890848468,3.7291847057639482,-0.2422995247017461,-0.08377658927386888
-0.1563532810734103,0.22927902497839425,-0.38563230605180454,-1.453451469617567,2.004074019717518,-0.21970398333786922,-0.1357407014287667
-0.2659673730602349,0.3999330802837304,-0.6659004533439653,-3.178383106495104,3.6836703997112568,-0.2707367377470644,-0.05408560278033403
-0.23399889915835437,0.5967973990436493,-0.8307962982020036,-2.650009620908299,5.106247325999774,-0.2608050755823683,-0.04826507666512703
-0.15775609651120126,0.3552106847684733,-0.5129667812796745,-1.4694935611408708,2.9272547195716387,-0.1979812313776762,-0.08377658927386877
-0.24568905172999367,0.23488541344409608,-0.48057446517408975,-3.15095966438163,2.495338098552872,-0.24993571995070019,-0.1365938554488938
-0.2788442747066674,0.20365862499444476,-0.48250289970111215,-3.63048239640049,2.170084249217021,-0.2896214111326634,-0.0666379525859856
-0.17905587096241937,0.3800992566475925,-0.5591551276100118,-1.9140086376987455,3.431827446172921,-0.21667234132599456,-0.1253344566160235
-0.23821961886773024,0.3624486951862058,-0.6006683140539361,-2.638695891026358,3.234396588485694,-0.28772437297907605,-0.0656635879437355
-0.22467937983814257,0.5113751300895029,-0.7360545099276454,-2.296932401896492,4.069017570674493,-0.2333675198526345,-0.06331028974578734
-0.25995056740078604,0.7166483771456023,-0.9765989445463883,-2.3804489698934725,4.747722978961301,-0.2953785147281258,-0.08269471901875947
-0.21641923780956085,0.46151009266778376,-0.6779293304773446,-1.8851834750596603,3.283305023876307,-0.24480145967597378,-0.08591078998748569
-0.1846742224858603,0.13025925249264647,-0.31493347497850677,-1.746963074043349,1.211700723459671,-0.19228535155489346,-0.13634057732481275
-0.29105342020467995,0.3900052326042176,-0.6810586528088975,-3.728257490700063,3.7471827964094384,-0.30189347717424897,-0.07485154405502747
-0.13407989190099545,0.2895753012001303,-0.42365519310112576,-1.3396574131245071,2.6617983251714747,-0.15116368235232636,-0.06949647745084797
-0.16117654178277008,0.27402300969715854,-0.4351995514799286,-1.9327890417125226,2.890729476054332,-0.17664219935251435,-0.08405201397268325
-0.061777738021867146,0.1494841317597586,-0.21126186978162576,-0.5493911116756633,1.4975988298631204,-0.13860824381201453,-0.08938830163542155
-0.25276906961046985,0.5513638432773165,-0.8041329128877863,-3.822604987251243,6.2312547344157405,-0.26845721631076236,-0.026621728795249044
-0.28822517603572195,0.5245386044630636,-0.8127637804987855,-3.4908147027185814,4.62535871896371,-0.2940979806245212,-0.04826507666512714
-0.23200411877574978,0.20340547189438962,-0.4354095906701394,-3.0041815460277186,2.2409296104802916,-0.24432812384916958,-0.07485154405502747
-0.12815615351206422,-0.11540682316610884,-0.012749330345955379,-1.1785079645174115,-1.0506737425092993,-0.1731434345967392,-0.1454952044541039
-0.17947984827706942,0.06784737865391288,-0.2473272269309823,-2.226936772656617,0.8450449368046248,-0.18161305058742983,-0.18228426175823842
-0.32179259776731195,0.5875763813345898,-0.9093689791019017,-3.7737473161916406,4.788521635444556,-0.3259168322309671,-0.06418234709053905
-0.22781370171598947,0.315297703519809,-0.5431114052357985,-2.9596335044540254,3.350484996375796,-0.250505369073875,-0.04817214446162277
-0.2517733554575624,0.6054400262043396,-0.857213381661902,-2.4596466951788387,4.41918062085661,-0.2988593610710035,-0.04826507666512703
-0.14580331585233874,0.3182591318852164,-0.4640624477375551,-1.9646067299601662,3.744211977587507,-0.16765806847631637,-0.056967844936333334
-0.2136706046533169,0.31646795687437734,-0.5301385615276942,-2.2558527476426904,2.810202031893454,-0.23946704570929755,-0.10125042801826856
-0.08584234777367061,0.3137283489671965,-0.3995706967408671,-1.2799734303530512,4.292113639749653,-0.11895323208339514,-0.07367142787917491
-0.22383004282454244,0.36973367829503867,-0.5935637211195811,-2.0654517485914474,2.8470886526484027,-0.21919403888189826,-0.06638963279109977
-0.1941217474767012,0.21986511754479832,-0.4139868650214995,-2.6838834566001335,2.6268656888191244,-0.19529819916274793,-0.049128640203767615
-0.1665756883528665,0.5384959026332894,-0.7050715909861559,-1.4163159293770649,3.8170052641420615,-0.21251444837261324,-0.09381302490644305
-0.19348438979018334,0.29089379607028953,-0.4843781858604729,-2.728252070967513,3.4430514535399634,-0.20009541459669866,-0.08377658927386888
-0.30590392585778026,0.35917184136186586,-0.6650757672196461,-4.671976311485072,4.05520451569728,-0.31232457328935714,-0.08081830770480647
-0.14074114543101057,0.17947023304693488,-0.32021137847794545,-1.3880385506029533,1.7193915292223156,-0.15493998469950454,-0.16403933530324633
-0.18408277709266962,0.4226244251627018,-0.6067072022553714,-1.9007348321802995,3.634040010831783,-0.22737468278294692,-0.05822233721545511
-0.22946168198769834,0.4066529105312864,-0.6361145925189847,-2.672981836029363,3.7622994718107368,-0.23695267500038608,-0.14282992773601888
-0.22008254070801847,0.5324194420770665,-0.752501982785085,-2.1860406151120024,4.130873917818686,-0.22058613602769406,-0.04826507666512725
-0.24370953915894844,0.04238659257799804,-0.2860961317369465,-2.717145468609425,0.5045588226274826,-0.29711151708862993,-0.10369865588939464
-0.1750934554609075,0.34692310901273915,-0.5220165644736466,-1.932940857604118,3.2650118442588063,-0.18761058166749622,-0.07485154405502747
-0.18419818619463524,0.3425567636117355,-0.5267549498063707,-2.215804021686181,3.4515720689441904,-0.22953872605354897,-0.07979138611195347
-0.19088936035084092,0.43664108875879015,-0.6275304491096311,-2.025352778986703,3.7986509490708316,-0.21907981698144552,-0.060766153608015294
-0.25469732598234174,0.48469630547768916,-0.7393936314600309,-2.462809881542258,3.6185901135934553,-0.2629114558950384,-0.07265566697221182
-0.23666771631712202,0.5124613908795126,-0.7491291071966346,-2.665860705605007,4.427081681343881,-0.24807515006698422,-0.04826507666512703
-0.22310368038712436,0.40621166227578054,-0.6293153426629049,-3.2938670213492762,4.729066988923692,-0.21288751010222884,-0.03178666147155129
-0.31624423238204336,0.6707511139676559,-0.9869953463496992,-3.3198070630346783,4.845725628168128,-0.3386108673912477,-0.07186639778506465
-0.23038702845251136,0.2958496977339742,-0.5262367261864855,-2.2769152623379556,2.478257223418259,-0.23282753486233765,-0.07320849573101251
-0.18916578409912643,0.3254721340511091,-0.5146379181502355,-1.7251875592363384,2.590443898078249,-0.25202596336690364,-0.07186639778506432
-0.12632816595851215,0.10937786206930245,-0.2357060280278146,-1.6962641503123712,1.4350239002835095,-0.21164559066006217,-0.05610696931478909
-0.11323604822704525,0.05548020444858448,-0.16871625267562973,-1.0525338306572942,0.6118248274433183,-0.15511115600330505,-0.12289877495050372
-0.19371683496561376,0.25472136973133175,-0.4484382046969455,-2.2764498745478314,2.5981613056896737,-0.22331218927375307,-0.06952946009984684
-0.22119098739126464,0.3227380958153001,-0.5439290832065647,-2.3010330892723867,2.800284260535012,-0.23776576362067225,-0.083776589273869
-0.23111400259702541,0.3630554092052667,-0.5941694118022921,-2.2727319512463224,2.9331731968074144,-0.2640044424145661,-0.08469870247895639
-0.25589867330661964,0.6238924971784019,-0.8797911704850215,-2.356660179486465,4.273389589201212,-0.25895398295005023,-0.07485154405502736
-0.19984285271544155,0.13416117349979007,-0.3340040262152316,-2.756051297970331,1.6692071782902305,-0.24227166813299783,-0.10145676917909852
-0.26383942893684775,0.540041938229606,-0.8038813671664538,-2.8786300402379528,4.40502409385784,-0.29361871314972265,-0.08545633764313765
-0.1355621391287477,0.03842945057916758,-0.17399158970791528,-1.270229513295137,0.4516703667689214,-0.1684344213733059,-0.12241896668814356
-0.26394806398831017,0.4820679010000064,-0.7460159649883166,-4.457810445855018,6.140177809703838,-0.2602235932684035,-0.024060843618332384
-0.20477017911363515,0.08398475149984463,-0.2887549306134798,-2.2213815877217105,0.9056186048417745,-0.22017829172062975,-0.1384313942962443
-0.2927545019636656,0.6097357691163285,-0.9024902710799941,-3.2497802938548217,4.83606026754955,-0.2985894043083497,-0.04826507666512714
-0.2066259024287952,0.15195986348489687,-0.35858576591369207,-2.5590990864594065,1.6910896575649355,-0.2576359078456196,-0.10145676917909885
-0.20817374593428417,0.34093654286975594,-0.5491102888040401,-2.4113046206231346,3.2657046730287913,-0.24134573661474967,-0.0561069693147892
-0.19849951708664104,0.22415145445874662,-0.42265097154538767,-2.1268117752318436,2.1281697039318006,-0.21053653835931652,-0.11713288787255394
-0.1873512479176329,0.1655623315887591,-0.352913579506392,-2.1059595487346066,1.71208781177125,-0.1931297302594971,-0.13479976084067014
-0.14449692775147882,-0.026723325919683072,-0.11777360183179575,-1.6266209310109454,-0.2126791112879655,-0.1650278966590032,-0.10911623191533881
-0.1888666510590341,0.387706284962301,-0.5765729360213351,-2.5694560907404855,4.334351974927035,-0.21401529846286305,-0.07485154405502747
-0.23663938083670355,0.22175896683685004,-0.4583983476735536,-2.2714895047775565,1.8735720782520968,-0.2333674983258609,-0.09380570868628235
-0.2671702661754316,0.7767040035317629,-1.0438742697071945,-3.4798643881984095,7.182860496220047,-0.2941996337551016,-0.029332867774961136
-0.1680340723571362,0.08369049646644777,-0.25172456882358396,-1.7303578072595458,0.8866849622119549,-0.23340984272944887,-0.07485154405502725
-0.2840129023783281,0.7490098567926102,-1.0330227591709384,-2.601769391269389,4.81775196234557,-0.2927232104422751,-0.05183404441810735
-0.20389023633987535,0.4013633312982816,-0.605253567638157,-2.213119182491029,3.581098277908351,-0.2051586552474972,-0.05724710943794431
-0.20967638500930785,0.5671145045243469,-0.7767908895336547,-2.2335137779055856,4.69858217356456,-0.27273291160732405,-0.06696661490246691
-0.16173631852143966,0.13251139809230095,-0.2942477166137406,-2.6889016091851596,2.0061995387917153,-0.2072580183356637,-0.07485154405502759
-0.2631935826812205,0.5307345209579399,-0.7939281036391604,-3.0536154101574224,4.585200355386427,-0.2512733946986131,-0.05916345900568387
-0.2674629123240818,0.18864794435519294,-0.45611085667927476,-2.640916754255062,1.6254563531831117,-0.2992205752454208,-0.15618683466405014
-0.18939278661329983,0.1811922139757518,-0.37058500058905164,-1.8199941144311131,1.6266052391451429,-0.19488035461640885,-0.11162777862306539
-0.17785577180546908,0.33738643434845295,-0.515242206153922,-1.9188809196051124,3.128823706810459,-0.1816698589340121,-0.10132916942944081
-0.22078192853641276,0.28319669100354505,-0.5039786195399578,-2.5891293307715255,2.784982023381317,-0.23121936297191892,-0.10299752605880985
-0.21826238580642965,0.24159461476266442,-0.45985700056909407,-2.771237350699835,2.597893346879336,-0.24461935294146742,-0.08945831852906294
-0.29525588032024097,0.5471637095308022,-0.8424195898510431,-3.4768657493977653,4.635113390399138,-0.2901512815328554,-0.04817214446162266
-0.20290672476693927,0.2796414861461223,-0.48254821091306155,-2.2615517223385506,2.6661151864623522,-0.2150234620553001,-0.06418234709053872
-0.16548823838894733,0.3944057171755404,-0.5598939555644877,-1.876201559426831,3.7739220019058477,-0.18624136227056431,-0.08377658927386877
-0.24069534472604837,0.4885048689725884,-0.7292002136986367,-3.023811161125497,4.692906469540461,-0.252998881529782,-0.05085130415121797
-0.33151783976379423,0.6020968981557884,-0.9336147379195826,-3.781069833430953,4.7150933561169595,-0.3472980649709265,-0.06418234709053894
-0.10939106849909075,0.09234916304702279,-0.20174023154611354,-1.4161528158741297,1.2127850211884572,-0.12363015686906975,-0.11208919568670972
-0.12466957764167896,0.12064620491174027,-0.24531578255341924,-1.4703815211128581,1.4084449755026023,-0.15356594348054586,-0.0992384425776981
-0.10588845956333381,0.24387943227952968,-0.3497678918428635,-1.627755428500564,3.4211504779348783,-0.18998217276420692,-0.10310965978311859
-0.11240141029685147,0.02404232084959612,-0.1364437311464476,-1.3768875027557044,0.3646092336145497,-0.13558280032898595,-0.11751655353205281
-0.21071658820634076,0.22809792736666834,-0.4388145155730091,-2.404503098278313,2.2570124424768276,-0.23569161646133652,-0.0807791228405339
-0.21536721380496293,0.1316938185739236,-0.3470610323788865,-2.8462023160790597,1.5631259061906218,-0.23876099863501288,-0.0853801027174862
-0.2938120362454677,0.39967180439860117,-0.6934838406440689,-3.474697514622663,3.5610141142253267,-0.30949233532307574,-0.07186639778506454
-0.20561297579961801,0.44753032606189236,-0.6531433018615104,-2.0299288478447535,3.5947385735036366,-0.24620417647880366,-0.05042127162448096
-0.2022253677889162,0.13433837625160172,-0.3365637440405179,-2.792627790795943,1.66443234664264,-0.21223984860410117,-0.1050705607781619
-0.23151302489115289,0.5670860919013654,-0.7985991167925183,-2.2084147496805837,4.172118213383908,-0.24008162187035154,-0.061795762072963556
-0.10895486210157501,0.20345013550036506,-0.31240499760194007,-0.9187239151685497,1.7542488296640915,-0.19615976868440943,-0.09772431988849306
-0.13176352535603408,0.18171430328968552,-0.3134778286457196,-1.5763096088542081,2.0509674456736215,-0.1907435241093366,-0.07133112735511238
-0.24136335944665377,0.4212918303106883,-0.6626551897573421,-2.491951052027175,3.4288807908053633,-0.2518470053256856,-0.13736049394067418
-0.2797573946823858,0.4567200116480301,-0.7364774063304159,-3.157586164085571,3.875674897241095,-0.27028621955051224,-0.09690953802378954
-0.26883816323103105,0.3954403404270479,-0.664278503658079,-4.046878812508795,4.552933004392383,-0.28121075978286747,-0.04087339691520697
-0.2597042595569242,0.6507994153000614,-0.9105036748569856,-2.582009101062984,4.733657072423393,-0.25852650494423246,-0.04885067663336684
-0.26283873004584923,0.33518378771429513,-0.5980225177601444,-3.494542504453893,3.4983756383875644,-0.29263318350317735,-0.08501951501207272
-0.3195056720386428,0.5997788264508805,-0.9192844984895233,-4.319526629984604,5.611570137373682,-0.3212605228570805,-0.027750842090733308
-0.18242250303620677,0.15697868725638164,-0.3394011902925884,-1.7453010757357243,1.4420453980891583,-0.19337148425698347,-0.12924677071966728
-0.14370095970501817,0.31500459285048343,-0.4587055525555016,-1.5989261046778143,3.104235314054773,-0.15450783317679306,-0.1275504641665003
-0.11276769262071706,0.07434751659138206,-0.18711520921209912,-1.5162056044307173,1.0192913803737742,-0.15090703680091877,-0.06907733068807653
-0.1411544428647341,0.24737905699314888,-0.388533499857883,-1.7251449602384206,2.7309060141882098,-0.13138607363732602,-0.07588704292565285
-0.2505249270645713,0.28152539211814687,-0.5320503191827182,-2.7754014019673665,2.568580702441329,-0.25046349541678736,-0.08903507601965122
-0.09955067029142772,0.34892783679241757,-0.4484785070838453,-0.7351195798787931,2.5682911047450423,-0.16401810836085995,-0.08400563367011316
-0.17977019884581846,-0.022243250263541903,-0.15752694858227656,-2.109669559821156,-0.1646508916025629,-0.19274474432548339,-0.18707196575891472
-0.2891084951759192,0.4662313782959404,-0.7553398734718596,-3.293181219737398,3.9528406467734456,-0.29312260887179054,-0.04817214446162288
-0.15465820335025382,0.20875036293038218,-0.363408566280636,-1.9654242998568139,2.399825306483771,-0.15882306713102745,-0.05874321165285801
-0.234956827610042,0.5869187650075629,-0.8218755926176049,-2.1410872977982836,4.098065277109356,-0.23645180498879648,-0.055614166607421356
-0.07335953999314027,0.36387651657748155,-0.4372360565706218,-0.5810597908545372,2.93753211156117,-0.16450922846094318,-0.06033753530113761
-0.20065782920111408,0.2020794823745944,-0.40273731157570847,-2.263073985433575,2.032779644258407,-0.20037703931436834,-0.06510774816866227
-0.27689317459231577,0.5650466784814769,-0.8419398530737927,-2.927487238968764,4.386565624612199,-0.287271194979312,-0.0656635879437355
-0.34352518958449496,0.6541600174706792,-0.9976852070551742,-4.182050290897183,5.34788124073777,-0.34795574599317736,-0.06566358794373517
-0.19910743378798412,0.26905035893311324,-0.46815779272109737,-2.223342985108201,2.590659863089153,-0.22886572878082434,-0.06097763272221346
-0.2510690517450638,0.29472129884191856,-0.5457903505869823,-2.7192975419208585,2.614613208127125,-0.28849078067772516,-0.10638881421797675
-0.17055965801881412,0.21849297247561927,-0.3890526304944334,-1.9897287264417352,2.290579030723954,-0.19094421969785969,-0.10560328872275782
-0.29587815058867006,0.5890800875854316,-0.8849582381741017,-3.1365589174748916,4.478734352539435,-0.3027100198571758,-0.04826507666512714
-0.19948511931517765,0.3555800078944644,-0.5550651272096421,-2.001615765587223,3.0099364671944135,-0.20457268000003825,-0.058001522610519385
-0.12996212388095396,0.27698322734703207,-0.40694535122798603,-1.9232196955427014,3.654185245174955,-0.15579133540176582,-0.0748515440550277
-0.18999405057401286,0.3972282284958859,-0.5872222790698988,-1.6269615956058583,2.9147002985227934,-0.21024684946557104,-0.083776589273869
-0.2025188967853785,0.22350907735827552,-0.426027974143654,-2.516863259273945,2.4057473008068526,-0.20696137963729966,-0.10052091570027033
-0.23135427707701328,0.5813106896801155,-0.8126649667571287,-2.0885064476010973,4.04744894346407,-0.26951774603473955,-0.05166385335203916
-0.25016015037786277,0.2093232623717154,-0.45948341274957816,-3.129053190250771,2.211707855773458,-0.25900644356061764,-0.08453553576993689
-0.17081903190422265,0.3002886182031661,-0.47110765010738875,-2.1041232016689415,3.1873438418900277,-0.18807801020740356,-0.08705202931142753
-0.0956694944215527,0.033573667268903096,-0.1292431616904558,-1.200840405936616,0.49118821425726256,-0.12370223047513806,-0.18906942713624786
-0.23448894232135553,0.29162794464282293,-0.5261168869641785,-2.368556779270832,2.4780292758846745,-0.25679526698549804,-0.08765723135976222
-0.30443103216181555,0.9611279765903709,-1.2655590087521864,-3.0087955915393403,6.252247591528424,-0.32000786643219503,-0.04826507666512714
-0.22712971299723983,0.2865981567031992,-0.513727869700439,-2.39492897398553,2.537971649551788,-0.2615646875696702,-0.16003112389087737
-0.17329779626300323,0.2189685294158381,-0.39226632567884134,-2.4118080341153556,2.680423021048893,-0.24021485468829762,-0.08077912284053368
-0.2627832058871026,0.6637999200859988,-0.9265831259731013,-2.724024495659436,4.984430269017054,-0.2752037023854573,-0.05983577393583406
-0.16679950687524503,0.04106472466931099,-0.20786423154455602,-1.982040680131992,0.5357562802866338,-0.20489884703160177,-0.10384797616379138
-0.25453175819876106,0.4914072697109648,-0.7459390279097259,-3.464771151080633,5.063509893686067,-0.2727168330473577,-0.07485154405502747
-0.10884610455209598,0.027412585743442408,-0.1362586902955384,-1.1994298380818522,0.3835485739598028,-0.16340954780664418,-0.14374039759949742
-0.12532486287718625,0.06379846440085912,-0.18912332727804537,-1.2722959562792064,0.7212680759328898,-0.15192312593297552,-0.1849054038206821
-0.1099775501457606,0.1600740450653806,-0.2700515952111412,-1.2442279711482664,1.7816436700354135,-0.1350755965100091,-0.10117200377935576
-0.30512381510124986,0.49236677004585605,-0.7974905851471059,-3.037871953654752,3.613381238261582,-0.3016076963628912,-0.06117624597232696
-0.07501411960262983,0.027766795194990257,-0.10278091479762008,-0.6809837109451362,0.36384249764826476,-0.15688364358727103,-0.08191062773477442
-0.19538133095513455,0.3846296702429206,-0.5800110011980552,-1.9347931427289453,3.1969374931740497,-0.22376394450218706,-0.05254939087238508
-0.2691534649466597,0.668989828067043,-0.9381432930137027,-3.3819599617797707,6.0189518521465954,-0.2725638665996216,-0.05254939087238486
-0.10820713538681481,0.22398224851588977,-0.3321893839027046,-1.2071398088283805,2.38139384691888,-0.1460551431805458,-0.12194903015070113
-0.23869839629557787,0.14197026733101614,-0.380668663626594,-2.538761098144199,1.3722795177517346,-0.2673371602678968,-0.15264484062109562
-0.17382407845140868,0.14986145471323664,-0.3236855331646453,-1.6509365511672531,1.385387462956486,-0.20967343860326937,-0.08422980361921406
-0.18169832330721047,0.2032145919457995,-0.38491291525300997,-1.9906005844671486,2.0161541767235263,-0.19774739691784682,-0.10703858436707381
-0.1487773657076401,0.34584380900623635,-0.49462117471387645,-1.49158283167539,3.0739977945772456,-0.19927890265437997,-0.10026058063271848
-0.1256718800607689,0.16766715720402492,-0.2933390372647938,-1.1218071442344242,1.5206685685864718,-0.18720128934500524,-0.10223995729016211
-0.3029996886391877,0.743362538608275,-1.0463622272474626,-2.9023296846935014,4.915600344117316,-0.3358437614555738,-0.04826507666512714
-0.160036852282323,0.23014720101475472,-0.3901840532970777,-1.8960483164277009,2.4603609129077486,-0.22220187905478794,-0.049932644561189066
-0.27188213464809163,0.27840316255820796,-0.5502852972062996,-3.2350896742892514,2.655318509919172,-0.29420560271691043,-0.07377582003315819
-0.17688480284538666,0.07293622670188427,-0.24982102954727092,-1.4567359542593896,0.6819802332465336,-0.21555439061842807,-0.1583065966129148
-0.18206123580049582,0.4164567864253961,-0.5985180222258919,-1.6192696382178615,3.1526465293616703,-0.2342409808567011,-0.09234337790309133
-0.20464788333124406,0.5607715459682696,-0.7654194292995137,-1.7372050553271519,3.807297370484325,-0.23045561630612288,-0.13373076358064928
-0.26692021764162244,0.20371212069446876,-0.4706323383360912,-3.054593822948129,1.9669242558665088,-0.2754581684910944,-0.07966237355755901
-0.33312040765915674,0.550788065864082,-0.8839084735232388,-3.2815484747060775,3.8228084976005072,-0.33925663201350886,-0.10065083435889532
-0.16018612558013912,0.3855973513072575,-0.5457834768873966,-2.209947776763891,4.4783612356240186,-0.17918407004161963,-0.04919344519801583
-0.28132051268672453,0.5099789343291492,-0.7912994470158737,-3.539159883118727,4.736736166993268,-0.2944028146668678,-0.037090702111732266
-0.23842547719843443,0.2914056232907345,-0.5298311004891689,-3.5085230935443508,3.465300331776522,-0.22674643657315763,-0.10289635261657426
-0.25199261436998843,0.17599377523058068,-0.4279863896005691,-2.4524055906943083,1.5286252604151682,-0.2398912150885667,-0.1263049288594693
-0.17550180394383208,0.17672077383067553,-0.3522225777745076,-2.0307076632353165,1.8735212620897175,-0.19019756986893377,-0.09348199791569378
-0.29465135462389025,0.34804735374788653,-0.6426987083717768,-4.551472926600576,4.038415375023824,-0.29245547212702105,-0.06247014001528384
-0.12762162687991707,0.27813829012009106,-0.40575991700000813,-1.3852897071206696,2.77309208688422,-0.14976742391587083,-0.07483553346637561
-0.2830521375195163,0.3405978401432621,-0.6236499776627784,-3.865607740547913,3.5684867007776577,-0.29192980356558307,-0.06668773402840011
-0.14028094047363315,0.11431845343267644,-0.2545993939063096,-1.77205261448709,1.4061983098450983,-0.17961671275023505,-0.07485154405502736
-0.30409042387154683,0.5692746863633626,-0.8733651102349095,-3.3627293921313255,4.498847187799314,-0.3096386948446552,-0.04826507666512703
-0.20083933302821533,0.013747562773046118,-0.21458689580126145,-2.120901863192242,0.22727369720376367,-0.24377987139769375,-0.15791078673835046
-0.2530676734043016,0.3959929384081309,-0.6490606118124325,-3.201633934465974,3.889420608408155,-0.26152718119497587,-0.05696784493633378
-0.273311046224086,0.7956134206675443,-1.0689244668916302,-2.89324443113563,5.87685410664183,-0.27436181904988155,-0.054799489669352996
-0.2880436321529102,0.7657430881649083,-1.0537867203178184,-2.7067053590620342,5.009321297600869,-0.2615377200672444,-0.06359070493284369
-0.3085713705849721,0.8636768817861913,-1.1722482523711633,-3.5841896079098756,6.687076162622236,-0.3140536358781746,-0.029332867774961247
-0.22219978748898228,0.3806326831984683,-0.6028324706874506,-4.026941071214282,5.508566713225273,-0.23175452485210934,-0.03178666147155118
-0.17506462420345714,0.10048522201882348,-0.2755498462222806,-2.3221509169943952,1.2654097127486992,-0.18244765797873075,-0.14132165948528708
-0.24671581416244615,0.5096400082942485,-0.7563558224566946,-2.5061877231018843,3.9757891032625334,-0.25856276801012745,-0.13650252010596475
-0.320545502485475,0.4675296616502089,-0.7880751641356839,-3.8347130622146954,4.0122281879789226,-0.32024470673467087,-0.08267020919876045
-0.25524916774996054,0.7321204948443696,-0.9873696625943301,-3.152771855294542,6.496723721065985,-0.26139349583598814,-0.07485154405502759
-0.09699342695228275,0.17102303614673442,-0.26801646309901717,-1.258940659039608,2.148865219965546,-0.11704632599544751,-0.05570199937868425
-0.27744202848360944,0.33866742174309206,-0.6161094502267015,-4.303597534571001,4.028680170749063,-0.2769369553557749,-0.06418234709053872
-0.29732722968122927,0.2925082299175896,-0.5898354595988189,-3.416300841192374,2.6407556765726192,-0.3207643781959877,-0.13439445526027005
-0.1080513988237094,0.09722667758271553,-0.20527807640642493,-1.0854446419309396,1.0435564323203932,-0.1701438830423001,-0.11354935810832001
-0.15839946842186126,0.17182315302294926,-0.3302226214448105,-1.6855886468396153,1.7310821192659567,-0.15823753049374034,-0.12895252315052408
-0.21572062651892254,0.44711389279783664,-0.6628345193167592,-2.3696470499909097,3.918333686538234,-0.2251178787074185,-0.1497121699814946
-0.20992040282843305,0.4138239183901633,-0.6237443212185964,-2.6030155224763054,4.130824636084809,-0.22289660410230128,-0.04826507666512714
-0.22831915623704335,0.3475109049994698,-0.5758300612365131,-2.0468304926046583,2.62087882897162,-0.24091803930458655,-0.08965304269301144
-0.21080298673447517,0.2529653306259194,-0.4637683173603946,-3.0688214972305112,3.0834075491652198,-0.23230587875591968,-0.04817214446162277
-0.0005306519752305006,0.0898534186136839,-0.0903840705889144,0.07713527072373953,1.0311282247230595,-0.10542671942334625,-0.09610419793940106
-0.20103006942354584,0.07541374909336929,-0.27644381851691513,-2.093257916329654,0.8019526409429201,-0.22136950751770001,-0.11625439874490517
-0.30839622608891926,0.6621386614363838,-0.970534887525303,-3.878154985037639,5.743567242990999,-0.30326478056346606,-0.03983086018165305
-0.1836563126546713,0.16611757957727735,-0.34977389223194866,-2.1764104526909778,1.8008141814540504,-0.22346699928812885,-0.07485154405502759
-0.2522663815033409,0.712832675461109,-0.9650990569644499,-2.3599700705071123,4.851710492722834,-0.2874578603713588,-0.056967844936333556
-0.08866117078582636,0.010750979623801005,-0.09941215040962736,-0.9544982446999989,0.20079819955743003,-0.13923598161166373,-0.13689190375747629
-0.09693004217060786,0.16186997038576267,-0.25880001255637053,-1.0031961947538257,1.6977371765736133,-0.16955208410919276,-0.07321965707977895
-0.2647922480942829,0.29937485590998136,-0.5641671040042643,-2.8856609810951266,2.6349484479373846,-0.3056565662523839,-0.08112447527132172
-0.2215203189091438,0.1279623604172142,-0.349482679326358,-2.71483053433064,1.4242817061772355,-0.2808516362922653,-0.1631943906323945
-0.19839832016391834,0.11537484399791675,-0.3137731641618351,-2.393364812605976,1.3057234668349598,-0.2073361446877383,-0.1275236164142579
-0.10973291937386986,0.3654236220980662,-0.4751565414719361,-0.9735745647980176,3.031880335151911,-0.16194597651155218,-0.0729614481336528
-0.21481206710151524,0.36717036786274715,-0.5819824349642624,-2.354541440809101,3.300455139344898,-0.2321103625038511,-0.08359495041590526
-0.2607920382055523,0.641159470821312,-0.9019515090268643,-2.3845877128829702,4.321260002245409,-0.2912818762234891,-0.10680283353388342
-0.2432057066722254,0.36387878055709355,-0.607084487229319,-2.7384014020284115,3.284034057468544,-0.2444016908264829,-0.06775580625347044
-0.2205705763972512,0.10453676216927588,-0.32510733856652707,-2.8358837486769897,1.239841195181432,-0.21951374490270303,-0.09334228845895376
-0.2045268856364053,0.276732667851457,-0.4812595534878623,-2.769648860201692,3.154494118204685,-0.19902150557320653,-0.09172116797648544
-0.17559327002712466,0.2243638950343252,-0.39995716506144985,-1.890249621278986,2.1825671095235313,-0.18626649200324108,-0.0850460123096144
-0.28292608893682003,0.42990879535678417,-0.7128348842936042,-2.8920639295538435,3.3636722627836564,-0.325369655276754,-0.07186639778506476
-0.2124775534123925,0.4482790967435495,-0.660756650155942,-2.7363171342832957,4.58597835104195,-0.23047625906309732,-0.05716704446284515
-0.3006507418115324,0.5668062359866175,-0.8674569777981499,-2.754449149323688,3.7707842787165995,-0.3032550193219744,-0.0811362333409561
-0.2956371123503273,0.30667071006208957,-0.6023078224124169,-3.2419332504497143,2.653187382077788,-0.2945841699665519,-0.06816814737756272
-0.03349487290002984,0.03778760063671527,-0.0712824735367451,-0.18069912858471168,0.4220704235603273,-0.09852120611978521,-0.13648765482766567
-0.18840821079744452,0.27593471188512053,-0.46434292268256505,-2.074533665210694,2.643004193423118,-0.19629831603939307,-0.08944653802452374
-0.15755878003025592,0.3678346260765488,-0.5253934061068047,-1.7565035710485781,3.521398669540357,-0.20130783054592727,-0.0837765892738691
-0.03573373047572548,-0.00841805783423799,-0.027315672641487487,-0.30757100136984994,-0.007036539050461609,-0.1257499734489419,-0.08243863731220336
-0.27897553946392006,0.5886417778505746,-0.8676173173144947,-2.7552827474359822,4.256495644415434,-0.2827442019213079,-0.057773798583133806
-0.10448890995445437,0.04720245904824494,-0.1516913690026993,-1.1167093265501888,0.5868112733665963,-0.16174393335452808,-0.09343650339048437
-0.2627183221948832,0.6234652323115313,-0.8861835545064145,-3.0025318792615496,5.1969168021529155,-0.2352695567693147,-0.04826507666512714
-0.22479296239129287,0.19051786613844413,-0.415310828529737,-3.2793496924921666,2.35750454818009,-0.24145131719324997,-0.1213288776561603
-0.18380012022420933,0.46225594730585096,-0.6460560675300603,-1.9446454852043216,4.007386015041928,-0.22223769047527442,-0.05305323449148691
-0.18611400001668432,-0.1367667905769696,-0.04934720943971471,-2.317160992695424,-1.644122059005842,-0.19994633768166947,-0.2140736854884122
-0.22614727328026962,0.29651166747121116,-0.5226589407514808,-3.4163697632984076,3.6297441374589003,-0.225437104729301,-0.07485154405502781
-0.21242323118056672,0.07326109192798791,-0.2856843231085546,-3.020867066943909,0.981997525320942,-0.2392159654242345,-0.134229743364764
-0.11494020752515399,0.0704908461794791,-0.1854310537046331,-1.2446781899507398,0.828477498187024,-0.15821182350123097,-0.11597169478955649
-0.30742012289206855,0.39066293897212234,-0.6980830618641909,-3.9700975776205083,3.7651027279409797,-0.3075923703979041,-0.03583573939303952
-0.11980300883043193,0.46065781194636,-0.580460820776792,-1.399523427123115,4.651476898902449,-0.12887436041191114,-0.05254939087238486
-0.1425135735334534,0.5113459882509246,-0.653859561784378,-1.664648608200411,4.984334134028899,-0.15467367572623325,-0.10803756631719375
-0.1570212104859432,0.43153668375778365,-0.5885578942437268,-1.7893495884785973,4.141332123262434,-0.18797246585664884,-0.04826507666512714
-0.23081464041373145,0.31121139517172125,-0.5420260355854527,-2.5615067666434483,2.85896102748847,-0.2529445121907501,-0.1019904855358198
-0.3016979105770604,0.5358622674869014,-0.8375601780639618,-3.5775338794705474,4.565991065583109,-0.29059824296018355,-0.06807028782885138
-0.2047752325766301,0.19714582806290903,-0.40192106063953914,-2.1833460921018837,1.889742690905207,-0.2380490106677795,-0.08077912284053379
-0.31299064890192696,0.9574740023165969,-1.2704646512185238,-3.292492438568832,6.574264514794348,-0.3050146428359448,-0.04826507666512714
-0.21716014390018779,0.22524940326093823,-0.442409547161126,-2.154771279741038,1.978111975825261,-0.25156528900523467,-0.1027017165208286
-0.18423734317543528,0.20487274753274565,-0.3891100907081809,-1.695754999631564,1.7586441427283677,-0.20139693169008022,-0.11637864367784956
-0.2994802779170893,0.504861671359037,-0.8043419492761263,-4.038864101653865,4.900816787475034,-0.2881471426776613,-0.03178666147155107
-0.19865823546795225,0.0411955323897879,-0.23985376785774015,-2.397836837435145,0.5334616579770007,-0.23572369299956586,-0.13059317434472273
-0.17545792955259776,0.21748827909019042,-0.3929462086427882,-2.023171718913006,2.2576919758594745,-0.17367734300702198,-0.06643642678295403
-0.26240758319469804,0.4894860292700607,-0.7518936124647587,-2.497177903496988,3.5864773639687213,-0.26789793478339696,-0.09250586798136229
-0.11723075225079294,0.10359661160010547,-0.2208273638508984,-1.029994179223335,0.9981160371840367,-0.16434312011712215,-0.11133035656513013
-0.20043252384040755,0.4015836248356093,-0.6020161486760168,-2.294262558839075,3.7624437114173377,-0.2417443789947864,-0.07367568340281838
-0.09827265183438516,0.012313261168077183,-0.11058591300246234,-0.8842720268793657,0.212153504895892,-0.1468720810331937,-0.15450829235375563
-0.2560711861776884,0.3330105765462388,-0.5890817627239272,-3.106079231758731,3.2161950342269496,-0.24725172679565954,-0.07485154405502747
-0.2646395740236731,0.6926925937333581,-0.9573321677570312,-3.0685148713260046,5.756713707319889,-0.2681320414502655,-0.04826507666512714
-0.24498807002905454,0.6771723052060903,-0.9221603752351448,-2.6875226735361513,5.46124923997402,-0.2635350753146434,-0.04826507666512725
-0.1726658460931464,0.2618981366869704,-0.43456398278011676,-2.0545974921057053,2.728698318533645,-0.2019566469650541,-0.08077912284053412
-0.24156455194441318,0.5286369558679551,-0.7702015078123683,-2.2809611372385312,3.8567656905222023,-0.26140896485352705,-0.07516270781783407
-0.2587566859854574,0.6400967405614484,-0.8988534265469058,-2.8078296915467003,5.075212412999935,-0.2864540907242509,-0.05716704446284526
-0.2567194562503792,0.559516826676129,-0.8162362829265082,-3.201099929973968,5.188144962613715,-0.27606054208465536,-0.07575214009699549
-0.2564175605964283,-0.001938595185416947,-0.25447896541101134,-2.790998766882453,0.07557799400447365,-0.2877595919027617,-0.09117320756554959
-0.04342173683872719,0.06944880871463188,-0.11287054555335907,-0.4054701572576013,0.8277103398536979,-0.1106388882511049,-0.131766099376731
-0.22786979678083696,0.7109264305121725,-0.9387962272930095,-2.14074385822127,4.9748136019330484,-0.2529205299993841,-0.04891408099514716
-0.2967568493510301,0.4690529003774562,-0.7658097497284863,-3.364458015004393,3.9222845549964065,-0.30210349516888635,-0.13305672372930344
-0.041699904193159054,0.21943120298706353,-0.2611311071802226,-0.3591000588351108,2.197127058462831,-0.11253585415175804,-0.07837565502631316
-0.26807326886984406,0.5588189277661537,-0.8268921966359978,-3.0889215468560565,4.761717122025419,-0.3028192697738038,-0.05716704446284526
-0.2878646063231751,0.751463046459161,-1.039327652782336,-3.130336794099108,5.673079535813867,-0.30467531206619647,-0.04902912665998771
-0.1446880756378568,0.09073030364614065,-0.23541837928399745,-1.3423179234293796,0.9025362717587004,-0.21341431692732238,-0.17797129974209502
-0.19273320920425974,0.4121874188077377,-0.6049206280119974,-1.842092868544941,3.2970126810493605,-0.19653714023020818,-0.12282070676809498
-0.2004522864827044,0.24254970997328096,-0.44300199645598537,-2.001902047989675,2.1508726885136453,-0.23364438974410695,-0.12369294280540755
-0.22820355854215468,0.34576374313269564,-0.5739673016748503,-2.366751228253157,2.956318684710293,-0.23039358592740777,-0.05254939087238486
-0.10167888684198156,0.009784241462420518,-0.11146312830440208,-1.025976917925671,0.1893699112191603,-0.14719277558088273,-0.10814566237287415
-0.10873563501385519,0.18314438265559008,-0.29188001766944527,-1.586548376720506,2.511999773216841,-0.13951917230621058,-0.083776589273869
-0.23694450015829394,0.361165782092995,-0.5981102822512889,-2.8963438233927343,3.522257051186212,-0.24210724545118512,-0.06360176853973509
-0.2509495923766405,0.44861267886762635,-0.6995622712442668,-3.429291707596089,4.671147060091439,-0.271448778022075,-0.031786661471551514
-0.2575637011849189,0.2972360764706974,-0.5547997776556163,-2.7979668083180433,2.636298274099381,-0.26294132741898646,-0.13587876140115096
-0.21439183227564074,0.2621885072743122,-0.47658033954995294,-3.263208384908102,3.3097893024626264,-0.22710289613168433,-0.11541567845684086
-0.21991363191597368,0.040674055305943035,-0.2605876872219167,-2.472380224543756,0.49947647725778943,-0.2500256501590985,-0.10178040722541104
-0.1259417109481652,0.15175581158567408,-0.2776975225338393,-1.1658860917336418,1.4353994842851208,-0.17620159762483156,-0.08008225602728658
-0.1782476146686125,0.43375496198959085,-0.6120025766582033,-1.9654510709046134,3.961534969946639,-0.1949776513866759,-0.05795384166844608
-0.25531318926128677,0.3591233680656325,-0.6144365573269193,-2.6688963357313242,3.010330083496247,-0.29246901678555537,-0.07485154405502759
-0.20933200576016497,0.2378443908471095,-0.4471763966072745,-2.06174322598341,2.072583930597548,-0.2122171350595119,-0.08560894053176116
-0.24442909627095677,0.30535092106019524,-0.549780017331152,-2.6963532601573714,2.764707575778135,-0.26637946734967755,-0.11616990216292666
-0.1541619528076804,0.1701718106330663,-0.3243337634407467,-1.5427090919822908,1.6356681814232052,-0.2027947792293333,-0.12241896668814345
-0.1507429931596268,0.10241780036951909,-0.2531607935291459,-1.3426158025768236,0.9690523610371686,-0.18288355667967549,-0.1113024669484719
-0.1817740825532591,0.2999676254692776,-0.4817417080225367,-1.8079314957369352,2.6203340147514753,-0.2200690186485298,-0.10499464116413904
-0.20063402778528872,0.2587223609824165,-0.45935638876770524,-1.9955691811596523,2.2624560219762353,-0.2496961718701115,-0.09527216496951463
-0.1312596783469243,0.27829018712275055,-0.40954986546967487,-1.8567202030694896,3.507093149292268,-0.16092542024810097,-0.09730216634112998
-0.34370425527446513,0.5967599350557149,-0.94046419033018,-3.577630061597326,4.260133625602204,-0.34228699420937136,-0.08077912284053357
-0.17363853492793035,0.0436647532787684,-0.21730328820669875,-2.054699310468473,0.5599411125853526,-0.1925249004345455,-0.1176802764635293
-0.25506703758100546,0.24028696431548924,-0.4953540018964947,-3.123787835454914,2.432658022797883,-0.26318674627288274,-0.12524464352452136
-0.20323100823023532,0.3962155025415428,-0.5994465107717781,-2.4860005141908426,3.943107213736654,-0.20549189700603776,-0.043960797833948795
-0.29235824277660316,0.5078092545792618,-0.800167497355865,-2.7500308610005018,3.558871519610492,-0.32904059238518335,-0.07485154405502781
-0.21764415051725972,0.3037871991923695,-0.5214313497096292,-2.7982202207206193,3.2419530272696577,-0.23054432186675244,-0.10814566237287404
-0.15265004436506713,0.2168628812136475,-0.3695129255787146,-1.9449854900254528,2.501938676419327,-0.16609153198858384,-0.07650403554962715
-0.2145829560290119,0.42459736283319094,-0.6391803188622028,-2.2521164746487723,3.6028179109153484,-0.22609350776633397,-0.04826507666512714
-0.2468359800633313,0.5610425893116773,-0.8078785693750086,-2.6788145938768455,4.5723255422703195,-0.28970653893733955,-0.08916359943585106
-0.18622181008463423,0.24852520746042384,-0.43474701754505807,-2.5791418156751575,2.9540858061628494,-0.21880334836558035,-0.10207138609761901
-0.23693285349568616,0.2706994076618374,-0.5076322611575236,-4.329447894094409,3.9912599756177713,-0.2360069834641665,-0.07204483330514466
-0.26661668314039777,0.4649018232667599,-0.7315185064071577,-3.102837828917749,4.104646454725084,-0.2763132438662299,-0.05828019409969265
-0.16283547756715322,0.3928169629212399,-0.5556524404883931,-1.5182098788529248,3.181408986024688,-0.21344116141904101,-0.08954405664597742
-0.12322119866907022,0.26890933458210786,-0.3921305332511781,-1.001272662106197,2.1488305586277487,-0.12335264712414684,-0.10906042598408783
-0.28392823593159067,0.2785000780788083,-0.5624283140103989,-3.1370195927433606,2.4743790077377987,-0.3123513342650198,-0.11315301143152035
-0.10135267191254871,0.1467550846166319,-0.2481077565291806,-1.1126130658540578,1.6253878494209055,-0.14166676234877462,-0.11358921534281718
-0.06914112808994088,0.12154891921740507,-0.19069004730734596,-0.4932757815170824,1.07710169442693,-0.15986438583845985,-0.15033396458035808
-0.28293959790581713,0.3319960561077595,-0.6149356540135766,-3.0013965846377024,2.790274290622055,-0.3043240462818143,-0.11800251320144717
-0.2155985161156222,0.46532308198083916,-0.6809215980964614,-2.4597408665406633,4.215546606989401,-0.24731813064292185,-0.04826507666512714
-0.18922151652553865,0.13850170656816108,-0.3277232230936997,-2.088075938739223,1.4373122679709467,-0.21788434514165234,-0.08629295835752704
-0.19953011938285725,0.24264842945187715,-0.4421785488347344,-1.749873656057329,1.9384458477876378,-0.25219806952208845,-0.1014567691790983
-0.21736658041886447,0.41254917288921256,-0.629915753308077,-2.34506572456565,3.5968677924842725,-0.2432526304342173,-0.04926615276224022
-0.18687337578992425,0.41777436430268167,-0.6046477400926059,-1.9917752453943212,3.6930290111940005,-0.2115000398698933,-0.061537503293397466
-0.1819053434218214,0.42891015596899784,-0.6108154993908192,-1.6315931981705802,3.2549227846701942,-0.20372286430127196,-0.08296216955127789
-0.21894339213638891,0.2209125804341252,-0.4398559725705141,-2.5359002507435426,2.211527497383252,-0.21661573992812289,-0.11052284863388262
-0.22568499597206126,0.2596955462141526,-0.48538054218621385,-2.65133475332934,2.568305793010284,-0.24937610971747903,-0.06281663791609404
-0.31905760467678035,0.7405771753079042,-1.0596347799846846,-4.417296514836309,6.914397366473181,-0.31477793683749,-0.021287749339338635
-0.1976819777891572,0.2818308698140426,-0.4795128476031998,-2.320608727571936,2.8201555619708363,-0.22154463649929335,-0.0656635879437355
-0.24541190040577976,0.4311476503952687,-0.6765595508010485,-2.6198721759845114,3.610203367423829,-0.25239212162305946,-0.1016639963556597
-0.06938761833409657,0.0945552899594495,-0.16394290829354607,-0.6861855717175629,1.058854901735257,-0.14116670171547285,-0.12335097308931553
-0.25666058209751286,0.3282530169809683,-0.5849135990784812,-3.146943627894285,3.196352652658403,-0.27948794821952516,-0.09435717499990881
-0.1897980290501634,0.38494680404946946,-0.5747448330996329,-2.5966066087596387,4.340257911150982,-0.20498208846333665,-0.05938532247041084
-0.25983372741600563,0.44752131208153956,-0.7073550394975452,-3.308763399891329,4.341922945418945,-0.2687024154882397,-0.08734074797110969
-0.22782250769863932,0.25217662779958294,-0.47999913549822226,-2.3226014714791847,2.2044329336509594,-0.24716788445603022,-0.09517995279126557
-0.16950510748648484,0.17988293674061162,-0.34938804422709646,-2.0178377360405175,1.9611299380642637,-0.19455286095395474,-0.08377658927386922
-0.23850933874958835,0.22085627206154945,-0.4593656108111378,-2.7864956218866808,2.199269058248242,-0.25760981393149296,-0.09774270784223205
-0.1433370389308839,0.07573582826706904,-0.21907286719795294,-1.961695951091578,1.0284119356395776,-0.16191147140544837,-0.08077912284053379
-0.0683269860875535,0.23330571173329995,-0.30163269782085345,-0.6005622813395193,2.172168698677263,-0.12889654493653768,-0.07553501447483879
-0.27958498921920705,0.6376927201523224,-0.9172777093715294,-3.058207126496886,4.992859119328673,-0.29762308133340754,-0.03178666147155096
-0.26268415103346754,0.6786803094861378,-0.9413644605196053,-2.5517183219122295,4.788668441398831,-0.2606202788502151,-0.04826507666512714
-0.22463928646581977,0.426699215381402,-0.6513385018472218,-1.8437108696434181,2.9017238664184766,-0.2791600099738588,-0.11567351706118523
0.017923551628999057,-0.04611406491531789,0.06403761654431694,0.28963560384008546,-0.49465922372627175,-0.10398590822625098,-0.14913911136036728
-0.1652179729043628,0.22236120432758089,-0.3875791772319437,-2.1391606346545364,2.5550030566953668,-0.17090580462182237,-0.083776589273869
-0.17984411743451778,0.04780289553922357,-0.22764701297374135,-1.8336138269400768,0.5478292371672576,-0.20107711604926004,-0.14962226536910161
-0.1481906667925279,0.11993012697236471,-0.2681207937648926,-1.5206973725218085,1.2318210539101344,-0.19660684889701896,-0.1041361891503978
-0.2953836821010396,0.7122082954333093,-1.007591977534349,-3.625271395590379,6.047631715572947,-0.299761126505398,-0.022494752732838075
-0.3323096187801423,0.514125730832719,-0.8464353496128613,-3.716621329480421,4.067473220670025,-0.32150760257718625,-0.09250586798136251
-0.20229789424799904,0.30920328544465847,-0.5115011796926575,-2.782679378498242,3.545515492969778,-0.24305848734729008,-0.04826507666512703
-0.28237855948960355,0.5726975048657705,-0.8550760643553741,-3.2152787279681,4.746377198123123,-0.288237836502497,-0.06566358794373561
-0.15463780562736396,-0.1027281157591714,-0.051909689868192554,-1.9731619018507391,-1.2536773545059636,-0.1667494475832313,-0.2075533060029583
-0.22513169205882377,0.3178420810425613,-0.5429737731013851,-2.54043517275819,2.958946686084512,-0.23943070698361135,-0.10145676917909885
-0.13325777165151398,0.12871923916193206,-0.26197701081344604,-1.5058923238709716,1.4286133401589323,-0.15356082262602033,-0.04916279543390545
-0.2277478215879074,0.6395767837071509,-0.8673246052950583,-3.2497877248071436,6.907249989916761,-0.2375056657024215,-0.04817214446162266
-0.1504398956216617,0.11367941594921538,-0.2641193115708771,-1.5011701044653407,1.1468373969903107,-0.18924696940203733,-0.13196392354907205
-0.2982892902113893,0.2271765196011135,-0.5254658098125028,-3.0439715095545834,1.9169181715179922,-0.29828960840452334,-0.11625439874490473
-0.13523390763326437,0.1162292447185358,-0.25146315235180017,-1.4576087112966152,1.2616052968452203,-0.16607619923235306,-0.13863550702578942
-0.16619484074342517,0.4994488963805035,-0.6656437371239287,-1.853665210944746,4.5772649317756775,-0.16879233935805604,-0.05739327766886848
-0.2212930054031117,0.13297175027342623,-0.3542647556765379,-2.757246895810299,1.4957598158372847,-0.244515901936447,-0.09114911757715283
-0.23467591680300914,0.5311249425166584,-0.7658008593196676,-2.260452584560516,3.967506857521655,-0.2580763797018535,-0.05031184162308178
-0.11856426154840405,0.1083337813104881,-0.22689804285889215,-1.7608740883107745,1.5580443182789392,-0.15594362628256764,-0.05828019409969243
-0.11454190770258454,0.3070710986482943,-0.42161300635087884,-1.5199387306243108,3.6600367931409217,-0.15067771600642987,-0.05254939087238486
-0.2618080061370156,0.3346468641705367,-0.5964548703075523,-3.1739032045205113,3.2151191312698852,-0.2659202105026647,-0.10003525467968011
-0.279189091716876,0.4999641615643069,-0.7791532532811829,-2.9776679322446995,3.969817263999446,-0.2746292425570984,-0.0876219435951805
-0.1545375667346479,0.3100305615885506,-0.4645681283231985,-2.4148456690391766,4.152751250856437,-0.18028843746763357,-0.040530634529161946
-0.18915469504319216,0.09512450953470064,-0.2842792045778928,-2.2114256654538322,1.0782317830496422,-0.22281580198670858,-0.14417909332083356
-0.24459969082789523,0.10308815583981956,-0.3476878466677148,-2.2313655473939695,0.9272595065367982,-0.2794575701774311,-0.1510690118132485
-0.04568917405616568,0.24944865749247458,-0.29513783154864026,-0.47500029344058087,2.752576104491679,-0.11292020647558132,-0.08692294819439961
-0.17521506877084636,0.43375319090155195,-0.6089682596723983,-1.8534765983873756,3.8235854807298106,-0.22807115885275697,-0.04826507666512703
-0.12970995176456124,0.38472533718960866,-0.5144352889541699,-1.3194185522104909,3.469605550441594,-0.15934983500572042,-0.05254939087238497
-0.1490782569385517,-0.1090057208543127,-0.040072536084239,-1.7398890161466516,-1.2253305178370097,-0.17637496997166213,-0.21169770241501695
-0.2024896778743447,0.4350251033734778,-0.6375147812478225,-2.1058596681579944,3.692243937176909,-0.23429296768917618,-0.04826507666512703
-0.2766760901754718,0.6957239917951821,-0.9724000819706539,-2.8545588203186303,5.114939508851184,-0.2810927286817383,-0.050735042678921816
-0.2646812385096208,0.43270037639523773,-0.6973816149048585,-3.2327787472360567,4.033779823313811,-0.26946298915433875,-0.06283113703122734
-0.006894729487569751,0.033976833802603856,-0.04087156329017361,-0.02270137921184264,0.5111326981502637,-0.08558816039179273,-0.09211205382244914
-0.2716297608967131,0.46883904013098077,-0.7404688010276939,-3.5433122590303574,4.584103265160817,-0.30249222648949536,-0.02933286777496169
-0.1555883359324759,0.31447232182882257,-0.47006065776129846,-1.5506592728006015,2.7928406927688196,-0.23241081640663563,-0.0789232798415953
-0.1354479396494288,0.17547302191094283,-0.31092096156037163,-1.0225972495849698,1.3892012931716673,-0.1694460437957449,-0.1649484899846423
-0.2248305883734013,0.4046104793604526,-0.6294410677338539,-2.742209383729164,3.952050859206097,-0.22655439625881857,-0.10145676917909852
-0.2869379820704735,0.5960877589038709,-0.8830257409743444,-3.09955592515752,4.638262028092313,-0.2826789170346391,-0.053683121568847914
-0.13088679068385278,0.2754317874591721,-0.40631857814302486,-1.5352828111861863,2.9298157547518593,-0.17769395451054626,-0.04081550190301786
-0.23647731720408394,0.3572003406241253,-0.5936776578282092,-2.631108666546581,3.212395327659748,-0.2558049320197642,-0.0837765892738691
-0.20493403659506004,0.24682720122037627,-0.4517612378154363,-2.2631049485958177,2.366097501686857,-0.23439494618569146,-0.06317147182218952
-0.16151216876442964,0.4357808924309665,-0.5972930611953962,-2.1104877258501977,4.728502967457524,-0.1826713548721809,-0.07317112737279974
-0.2377608605938718,0.17150784996229862,-0.4092687105561704,-2.8053476410204774,1.7758540560070604,-0.2595775004166221,-0.10140316742147937
-0.2761752290557352,0.6003378656692877,-0.8765130947250229,-3.1272417030315993,4.940031284802491,-0.2880828866049352,-0.06643642678295392
-0.15069573415115978,0.4040145582404344,-0.5547102923915942,-1.6728159734828,3.8354727907433004,-0.1519970483206302,-0.05696784493633322
-0.1268581571642543,-0.02114197318060207,-0.10571618398365223,-1.4332749201384758,-0.15674335948938076,-0.17302651624851484,-0.11520494857710573
-0.23695515239423381,0.29984510223912,-0.5368002546333538,-2.7827665385279254,2.888788412730619,-0.23715114691711903,-0.04826507666512703
-0.2073914843186212,0.35348431757866083,-0.560875801897282,-2.333174242248109,3.286140630853178,-0.2233573345997818,-0.09441699599024445
-0.23273149762125622,0.5022633931477696,-0.7349948907690258,-2.1403952149552903,3.636863130578978,-0.25321043731251236,-0.06490002826071939
-0.18129808663143432,0.22009811484665076,-0.4013962014780851,-1.658539036108258,1.8672834435859464,-0.20934284148249627,-0.1050382471344593
-0.1974914594780618,0.1242705336764438,-0.3217619931545056,-2.8304392609982827,1.6087068869814944,-0.21827432233243982,-0.11482902482214208
-0.09950473521214886,0.018408052168665145,-0.11791278738081401,-1.1266435511812707,0.2894587878394408,-0.10663887712204789,-0.12691214627076874
-0.27171969773069404,0.2787808937270959,-0.55050059145779,-3.061251469584801,2.5439836612200417,-0.2873861561716159,-0.0748515440550277
-0.1567200733446399,0.2327685349392219,-0.3894886082838618,-1.6160825267234893,2.2021072186156805,-0.18947586544917105,-0.08387346591507494
-0.21244210200166325,0.4163320287924648,-0.628774130794128,-2.8876465055203413,4.509023621800306,-0.2561172303899748,-0.05254939087238486
-0.2667661238581823,0.6707075470843806,-0.937473670942563,-3.6575911545006616,6.633143567041751,-0.2650561396232549,-0.04817214446162288
-0.16733358828986689,0.21998226874743976,-0.38731585703730664,-1.9364581921772417,2.292145033848369,-0.18727906830113528,-0.15361075347133402
-0.027509751580122144,0.11763921481611317,-0.1451489663962353,-0.16106977268796718,1.1359684997938526,-0.08659747516945815,-0.10691594317344166
-0.21125457107589052,0.47870914169456347,-0.689963712770454,-2.0028345022892737,3.6506023360438884,-0.216252035596599,-0.05800152261051916
-0.08238290453942332,0.15938026997003107,-0.2417631745094544,-1.0882075474174098,2.07766720701977,-0.15666762057329287,-0.09106714099161206
-0.22030186749052605,0.6389964035562836,-0.8592982710468097,-2.8064160267494045,6.1262039558831765,-0.2660409994013977,-0.048172144461622546
-0.2560973487461299,0.44985620304651275,-0.7059535517926426,-2.211295220382796,3.074361316403351,-0.2821025675195723,-0.09738858362679437
-0.26757871731986815,0.5289911296537471,-0.7965698469736152,-2.8823343471290674,4.265259832291421,-0.2838877692924038,-0.06432752215027249
-0.23586567982480933,0.10716563366191201,-0.34303131348672133,-2.4289024325889232,1.0537513696390097,-0.25865398451210087,-0.12286579484254212
-0.1689032171803191,-0.08102771401659026,-0.08787550316372883,-2.073840106821262,-0.9069605290431432,-0.19269068522184496,-0.1360916677201579
-0.12182745934680406,0.12900817586554147,-0.25083563521234553,-1.348877317541582,1.4310819901284595,-0.1826779072852016,-0.11087820607475063
-0.15794942652516286,0.11375532613027617,-0.27170475265543903,-1.770412637313646,1.251888728310836,-0.20632030611552965,-0.10222787839281766
-0.18949813872761034,0.40752386082205483,-0.5970219995496652,-2.249469106442274,3.969584720428931,-0.19695812858678952,-0.07800292947992027
-0.1779266113953043,0.14571862916787248,-0.3236452405631768,-2.0512176198433147,1.567875399605493,-0.19931769675865318,-0.09021780193953144
-0.22874774631309536,0.3419035565111732,-0.5706513028242686,-2.2196825841885195,2.760549887770091,-0.30128963498913375,-0.09178311541962947
-0.05875832339172782,0.29019201501938774,-0.34895033841111556,-0.77218593669665,3.6900618630427093,-0.1314525884826232,-0.057267216612685634
-0.24498991973885675,0.48510840793246013,-0.7300983276713169,-2.7160217262463417,4.130373476569901,-0.24631543489780694,-0.05131954974691422
-0.11633281501616122,0.025388720394605047,-0.14172153541076626,-1.5306304234520898,0.39544522630423773,-0.15034293536312027,-0.1428302102271638
-0.13717637719969056,0.3472694186695702,-0.48444579586926073,-1.6909140023187337,3.7439897434565483,-0.19041857384217908,-0.05940776111355828
-0.17321921184843958,0.2951949356283756,-0.4684141474768152,-3.1880373468416994,4.583573769513535,-0.1749626124881397,-0.03178666147155118
-0.22498986561157985,0.27112468704322623,-0.4961145526548061,-2.2221477196074364,2.29918277551864,-0.2254345031583609,-0.15108258830842747
-0.02807027642274673,0.1939386283819866,-0.22200890480473334,-0.28312312877401324,2.3124710212305204,-0.0994340969124432,-0.08008973703264177
-0.20467169886014436,0.3164824816339591,-0.5211541804941034,-3.1343361483751853,3.9706537089094547,-0.20952619601334876,-0.04826507666512714
-0.19535809170152818,0.25629862532119474,-0.4516567170227229,-2.0880073077875285,2.391853971599111,-0.21129941922307427,-0.09309414848334385
-0.25392454414826404,0.014986969775673487,-0.26891151392393753,-2.831423743039464,0.23902587559027824,-0.2559968746462128,-0.11809645552807191
-0.3113265451739642,0.5801964404032718,-0.891522985577236,-3.216867402097862,4.256600384085243,-0.34377823956827214,-0.10869069514729002
-0.12698196318469546,0.010916202803289865,-0.13789816598798532,-1.327449273096783,0.20081247881952763,-0.15834483522351117,-0.1424555497120188
-0.27934216604753304,0.26930359573037466,-0.5486457617779077,-3.5814932392912913,2.7428309363055225,-0.278481796113513,-0.11814645810285851
-0.25304981934574067,0.6123804638472676,-0.8654302831930083,-2.5523564211343888,4.590975845998722,-0.26164707291498757,-0.05843617095493803
-0.24207156809548058,0.4256715386917673,-0.6677431067872479,-2.549069994484923,3.547874892672004,-0.2692087154769457,-0.05192607620937695
-0.05534951554979439,0.10652928861343769,-0.16187880416323208,-0.6378030315305676,1.3504462744581514,-0.1220072358377754,-0.08961309281606111
-0.15302705280902484,0.18943929612743515,-0.34246634893646,-1.5530992806691706,1.8198464609554785,-0.19256759193776452,-0.07904900312598806
-0.20773590894831329,0.36838908633534606,-0.5761249952836593,-2.020359336111425,3.005696166493704,-0.23960566896342705,-0.10878080554148639
-0.24556107354146084,0.26725417703177157,-0.5128152505732324,-2.4615055064211213,2.2626273272334454,-0.2849877435442738,-0.090365661929377
-0.24771234416313737,0.35434114072156264,-0.6020534848847,-3.1954015606890955,3.5999312834594237,-0.25662822598202695,-0.06566358794373561
-0.1202150202235257,0.5845341927255812,-0.7047492129491069,-1.2787039574443235,5.257776130919453,-0.1842734892618464,-0.061607595054770314
-0.17477302702417097,0.07115713876513063,-0.2459301657893016,-2.127311732805112,0.8682236167189815,-0.18769395442783543,-0.10214340519186005
-0.1804441823583447,0.29097866801632444,-0.47142285037466913,-2.030556912979967,2.8439438387575526,-0.21103244793918285,-0.08266568264573981
-0.12519653501119887,0.23205048794472916,-0.35724702295592803,-1.3405427325659078,2.3294641671462393,-0.17167506142202493,-0.0914221950819023
-0.25886501364013514,0.6145049992354708,-0.8733700128756059,-2.4090274275341135,4.242428001454768,-0.30129871354961724,-0.07485154405502759
-0.21393856263638922,0.16950995035097072,-0.38344851298735994,-2.5263804712001345,1.779496509226593,-0.21351509997521345,-0.06220893616157941
-0.21805055022997155,0.3075456607631233,-0.5255962109930948,-2.435894318782114,2.8811659271826096,-0.2548975992891578,-0.0902773027415067
-0.17445632434932423,0.22481561495184055,-0.3992719393011648,-2.82013584359886,3.1546423118419873,-0.16991643529796896,-0.08022620503804989
-0.2569873541118295,0.5151120438150918,-0.7720993979269213,-2.817705115313365,4.266762668398597,-0.2797476507053206,-0.06158159101045457
-0.1376749036622542,0.11310745876859096,-0.2507823624308452,-1.702315080439248,1.3648893455361868,-0.1827458520584675,-0.14608211357581868
-0.13730483719720954,0.1827923167011849,-0.32009715389839444,-1.5291883803831041,1.9270615132894882,-0.188208642139716,-0.07187041958974338
-0.308508515940101,0.48828875847892217,-0.7967972744190231,-4.020239711682116,4.595894826752257,-0.30645007220772125,-0.07186639778506454
-0.13708779971678797,0.29927288081804115,-0.4363606805348291,-1.4008833753611944,2.7881341110050983,-0.23167881032375448,-0.09915398670903086
-0.17821257533633317,0.2972575375345712,-0.47547011287090435,-1.8324889685488106,2.668827509390475,-0.22598637052204984,-0.10873548990743542
-0.1732237561471347,0.28291727700668035,-0.45614103315381505,-1.907596579265947,2.7328117554930897,-0.19948264891582468,-0.0840873657261938
-0.2735422852210039,0.52313760979134,-0.7966798950123439,-3.051696526267094,4.358381900573897,-0.29503004309665226,-0.04826507666512703
-0.13305421257012717,0.3060600877534059,-0.43911430032353305,-1.9374124271897126,3.900680757285805,-0.16365302753344324,-0.06256293109559496
-0.19337101563975168,0.4197355558044733,-0.613106571444225,-2.0575468048258827,3.672854153563105,-0.23026506847436112,-0.07212639907026586
-0.22246539046288238,0.12534938246484195,-0.34781477292772434,-3.064603000161447,1.5462626878522534,-0.2646520942164148,-0.10369865588939509
-0.16330105816278773,0.188731127557908,-0.3520321857206957,-1.8399292378938927,1.9639123687594533,-0.17020460296323103,-0.1301679286905859
-0.2849279764536289,0.48961964836826577,-0.7745476248218947,-2.7140391393731744,3.5125446219513847,-0.30452918457258693,-0.07891782277360704
-0.08969658738918607,0.11722879459390789,-0.20692538198309396,-1.2051141268938363,1.5758898868062143,-0.10625585577059193,-0.09102259210314922
-0.199914461548792,0.31782801001059124,-0.5177424715593832,-1.793175629848076,2.4874618035962897,-0.23533487357445282,-0.08377658927386866
-0.28421403585397564,0.4254597016274133,-0.709673737481389,-2.9180286683316834,3.3389257884622823,-0.29556154780254906,-0.07081320517910217
-0.21986245651394154,0.35643696022873583,-0.5762994167426774,-2.351184668491894,3.147219590170159,-0.26818319309897276,-0.06353091052540649
-0.1449521323551951,0.27945241711004054,-0.42440454946523565,-1.8213393517230212,3.105363941472833,-0.1592273617033284,-0.06212761459054783
-0.1569268023918835,0.3357256136569249,-0.4926524160488084,-1.9211667408364417,3.531951417418909,-0.19581691566737047,-0.06336375713227604
-0.19688896174015602,0.3489217390217638,-0.5458107007619198,-2.238313565587662,3.311527778334079,-0.21417041449762642,-0.054107088882787924
-0.25033562838026147,0.3971468558832678,-0.6474824842635293,-2.8181900039019685,3.5045229667907942,-0.25539512226082395,-0.07485154405502736
-0.20144909734683225,0.3900877735549426,-0.5915368709017749,-2.007346967096407,3.228570176201857,-0.2089002760901022,-0.06177578724216648
-0.21104141249659647,0.15310694008317305,-0.3641483525797695,-2.4295587603066457,1.5941928968429722,-0.18659051515954128,-0.1465416273606469
-0.2863279576628238,0.19434425224148932,-0.48067220990431314,-3.7290482391907744,2.0658552418905534,-0.3187580643493292,-0.10944914233025438
-0.2439006259356502,0.3821956375622604,-0.6260962634979106,-2.344711008496944,2.9769607535889513,-0.2940537668067079,-0.0878479202658422
-0.12696936039308848,0.20235200082629823,-0.3293213612193867,-1.1352295799590204,1.7914857032329303,-0.15155809432248057,-0.15234969702732504
-0.07929116646643053,0.2166842424921942,-0.29597540895862473,-0.9028872435224118,2.432164940976148,-0.1416508078026204,-0.05254939087238475
-0.23247160872792694,0.3607171335360462,-0.5931887422639731,-2.8989699146079326,3.6064538763610514,-0.23523705861049404,-0.06437010966639123
-0.21678642792918823,0.3119604855319622,-0.5287469134611504,-2.051919456142913,2.527985106081999,-0.21670431843230575,-0.10154449891079131
-0.26581976994453815,0.29310570984787665,-0.5589254797924148,-3.432236807390217,3.0148222654861065,-0.2681437907857488,-0.07485154405502747
-0.2740440995834609,0.47385686590632736,-0.7479009654897882,-3.279654970474079,4.266303580149537,-0.2830615581136865,-0.03386229280111319
-0.2756265089000711,0.5664450702559247,-0.8420715791559958,-2.7783132966816364,4.207431044899327,-0.2890976253606651,-0.09921198045466817
-0.08818660981989201,0.17305708001799758,-0.2612436898378896,-0.8075882333059317,1.6642040496362498,-0.1883913264934055,-0.1183053085874447
-0.17945328587022757,0.37482784082842024,-0.5542811266986478,-1.6209091849895285,2.928410657155051,-0.2055806916382914,-0.061949879819796494
-0.11835795872502508,0.3282907015076215,-0.4466486602326466,-1.4967541572790164,3.704133198488719,-0.16363096543585476,-0.055215776086231405
-0.32503264394295894,0.6858522685541621,-1.010884912497121,-3.7957204540154805,5.42353530588288,-0.3383728731561223,-0.04817214446162266
-0.20358568775022967,0.10846492556887655,-0.3120506133191062,-2.15446741685238,1.10984009174789,-0.22122473922877683,-0.17717358028453223
-0.18206273188096267,0.27310577568631467,-0.45516850756727734,-1.9215887610238995,2.539635715384081,-0.23170196838425794,-0.07663284342734789
-0.23054910697029907,0.24100434608845234,-0.4715534530587514,-2.704055376990163,2.3921576487747904,-0.2257131703867804,-0.08944367201048775
-0.24154365184034843,0.4076336905333453,-0.6491773423736937,-3.421618823046794,4.505702820545392,-0.24289320290021932,-0.052238913165147505
-0.15992543222325406,0.3376191765225778,-0.49754460874583184,-1.8266098351990632,3.3356211861947793,-0.16999122362039365,-0.08364841178863236
-0.20223204693335184,0.2950967183109823,-0.4973287652443341,-2.1642883196793505,2.704216272229518,-0.19960590219161733,-0.14281352690174187
-0.2817599404560922,0.4548936170858804,-0.7366535575419726,-3.606320379943454,4.331784974705352,-0.29453397674248705,-0.09703061229507692
-0.21452100488544146,0.181429763042126,-0.39595076792756745,-2.4123827495828762,1.8140160966868648,-0.21931098756649425,-0.07736931138522518
-0.1540171400065795,0.317065006877179,-0.4710821468837585,-1.3297382463830765,2.506614379268284,-0.16808588856523332,-0.09363700248778661
0.012393277286859572,0.034877820281888905,-0.022484542995029333,0.22273306137412022,0.48300752882501735,-0.09353013415949796,-0.1194179291232561
-0.21010024009811357,0.4256888419207292,-0.6357890820188428,-2.3621500383663947,3.8548493285794136,-0.21537134594453444,-0.07485154405502759
-0.18918860704558815,0.6752105196007496,-0.8643991266463378,-1.8883683427135927,5.230125158680835,-0.19318014763925617,-0.08300781238439614
-0.29191200763078695,0.45858276746760884,-0.7504947750983958,-3.967276642608173,4.595048947137513,-0.30492825350593245,-0.03424494163732583
-0.23585298055876902,0.4467587830531383,-0.6826117636119073,-2.9747689113500613,4.376623267639277,-0.2410161595997493,-0.04817214446162277
-0.20451165440298025,0.48846277401013993,-0.6929744284131202,-2.782136054598443,5.259674981749553,-0.21291182658479924,-0.04957395389627317
-0.22948927976140532,0.2574016865785973,-0.4868909663400026,-2.2038001073910336,2.1365716221526654,-0.23037689460031086,-0.0837765892738691
-0.2419729568087693,0.538642438941465,-0.7806153957502343,-2.481676414062686,4.22440933147798,-0.23872540623034844,-0.08973637500103304
-0.19104901634478022,0.18579523815158638,-0.3768442544963666,-2.15424074086058,1.8991341975244287,-0.2335353931295584,-0.0917551616163036
-0.3030610193421178,0.6298509801131364,-0.9329119994552543,-3.0334940684007203,4.459384565258831,-0.33038897873936246,-0.09382313155731559
-0.17852665918716004,0.2837357154796052,-0.46226237466676523,-2.481764518724631,3.3711447608105654,-0.22384883236024666,-0.04662696902156338
-0.18268683669245023,0.3605471861350107,-0.5432340228274609,-1.8026608679063805,3.041081422097733,-0.21191179312223785,-0.07263237364976927
-0.2852335448024502,0.18208199772683042,-0.46731554252928065,-3.0347297174342356,1.6520914832935383,-0.282171331869729,-0.11226336274606907
-0.18916766216213077,0.3409359257964055,-0.5301035879585363,-2.0041137823745805,3.067812671368486,-0.2063334972616393,-0.0970117534564292
-0.13923195721635218,0.32100626709298274,-0.4602382243093349,-1.8023081402260432,3.6360870514177313,-0.15383040641704826,-0.05254939087238453
-0.20885301591621175,0.2634955191790458,-0.47234853509525754,-2.6695274128139204,2.8483801355035765,-0.22939945048102628,-0.06418234709053894
-0.2563501540855402,0.3329975026231031,-0.5893476567086433,-3.1681596869403426,3.2649732941782466,-0.26322919237871,-0.06256852283507786
-0.09937938089230935,-0.0495223308900864,-0.04985705000222296,-1.1398076849041858,-0.5140327239540955,-0.12204816149403475,-0.1559406934871902
-0.19589931675755057,0.1930446044695393,-0.3889439212270899,-2.4027272792603105,2.0999214368119,-0.25237617651910516,-0.06643642678295392
-0.24977748841032954,0.7543282812549787,-1.0041057696653084,-2.4427731510479056,5.323602036717363,-0.2858045782162236,-0.04826507666512714
-0.10076564837081559,0.10122711723283007,-0.20199276560364565,-1.1048622388334384,1.1648246558870474,-0.15696723887747077,-0.086906613713711
-0.21913645913848667,0.30882344477960877,-0.5279599039180954,-1.9056416690423625,2.3275620910074535,-0.26660024046206043,-0.09210429644305307
-0.32881009375480497,0.9121621402949007,-1.2409722340497056,-3.3740225256721676,6.0491025756542705,-0.33398883269340596,-0.04826507666512703
-0.13740795636458714,0.2925940245287273,-0.43000198089331443,-1.5193630824202027,2.9189585791691584,-0.1426584007887033,-0.1623025281897219
-0.2702542617304856,0.0054702482876511915,-0.2757245100181368,-3.031289009006089,0.14626832991634647,-0.30898576475505934,-0.13795912503737273
-0.14827469687210282,0.15612257278806774,-0.30439726966017056,-1.712201460278674,1.7118794773165038,-0.21544502474409566,-0.08037717183392024
-0.2661439165434045,0.4703570917911879,-0.7365010083345924,-3.1840048120599933,4.239100581527026,-0.28857854228727564,-0.05212669704550921
-0.3343012537075275,0.6726708429582138,-1.0069720966657414,-3.209971178091335,4.412565788805358,-0.364632437812495,-0.0768784585005634
-0.23353509108811965,0.7027518876519314,-0.9362869787400511,-2.5150178933105707,5.580693066418703,-0.25324288951697593,-0.07182294524090127
-0.16281460681305693,0.12546906239984001,-0.28828366921289694,-2.021076447043871,1.4767003996136132,-0.18437180560864852,-0.08808773097180667
-0.2601378070815431,0.432760540552954,-0.6928983476344971,-3.0195499783785644,3.86211450676513,-0.27808446983205803,-0.060687357102867545
-0.2493670457289925,0.1778496467382369,-0.4272166924672294,-2.3466565694065498,1.5087220027323733,-0.3006862138214784,-0.148564179771005
-0.2764564252175399,0.4734948503384442,-0.7499512755559841,-3.7191242233062907,4.728752043682821,-0.2895451001810442,-0.024519832796061625
-0.24776658870926072,0.584660780705488,-0.8324273694147487,-2.7919664945812768,4.910237261236968,-0.2657838937018485,-0.05176134617106731
-0.10114198726656698,0.0043397302348602285,-0.10548171750142721,-1.0318918151699241,0.13149249429294554,-0.14559147114688964,-0.10715951847052407
-0.17697081396478087,0.32443198125162387,-0.5014027952164047,-1.7675230128709807,2.8258789172167242,-0.18263814703321402,-0.15107675416571975
-0.26622365696517225,0.3755869950441819,-0.6418106520093542,-2.8387639864162293,3.1564439313348442,-0.2630800015921104,-0.07485154405502747
-0.21251303257570686,0.13188188787217436,-0.3443949204478812,-2.8913483246429426,1.6135818748109005,-0.20312812600889107,-0.07485154405502747
-0.2586084743177576,0.13772686514867738,-0.39633533946643495,-3.312052903646724,1.5328428094016662,-0.2628217145419681,-0.09616696177894268
-0.22704743720047937,0.2729926433772474,-0.5000400805777268,-2.5332579413774527,2.560831698175529,-0.25306344182792195,-0.0511498606744446
-0.23839210006848777,0.3953013917588615,-0.6336934918273492,-2.879836421640031,3.781285472811036,-0.2573322083133175,-0.0648729174162026
-0.1504552018234082,0.15445228406616618,-0.3049074858895744,-1.752400553978446,1.7046931277152872,-0.17775604703754921,-0.07964668382574747
-0.14507519642515365,0.21399871227507017,-0.3590739087002238,-1.450862908196684,2.019114263980557,-0.17281595499215363,-0.14663153312193367
-0.15662566418588553,0.4242828707935131,-0.5809085349793986,-1.5036962993392873,3.4960541291028364,-0.19141201419358178,-0.07686905419772283
-0.28771187542966603,0.264895561856368,-0.552607437286034,-3.756341268871321,2.7315209147478643,-0.28895629695773417,-0.09629809887303242
-0.13244382137044708,0.2510706001963774,-0.38351442156682447,-1.2755087329605237,2.2801605436343872,-0.16444017617604667,-0.08510131158001455
-0.21262417051827853,0.36554377333994403,-0.5781679438582226,-2.652720686233312,3.6995754886643084,-0.238937136284479,-0.04826507666512703
-0.15383516367041095,0.08577550011324186,-0.2396106637836528,-1.8768935829879654,1.04209191811796,-0.16369788877364932,-0.10086237848629187
-0.115212517553687,-0.060344438916452026,-0.054868078637234974,-1.2775658716807137,-0.6090352769086983,-0.13978934324897885,-0.18214958436434348
-0.2314498342563608,0.33683517002254626,-0.568285004278907,-2.3448836226997605,2.8212898998632125,-0.24332115095581397,-0.10733604701090937
-0.23986117838215026,0.4601185331734243,-0.6999797115555746,-3.0623777919207904,4.548601362170602,-0.2516082293329389,-0.03031548656376315
-0.17119211028281411,0.10483940672789016,-0.2760315170107043,-1.9213252823585178,1.1555850117183744,-0.218317523951567,-0.06418234709053894
-0.22204600837907262,0.4944359170500894,-0.716481925429162,-2.197837908823866,3.8722539525798787,-0.26255475368823744,-0.05854028159755775
-0.1837636698816183,0.4393497573814391,-0.6231134272630574,-1.7311505504410774,3.4619993884797977,-0.191212036284378,-0.04826507666512714
-0.11573206744588316,0.2162777581340547,-0.33200982557993786,-1.2637229583236602,2.252506680249736,-0.16504417945821204,-0.05254939087238486
-0.3375339988373136,0.3245735410598132,-0.6621075398971268,-4.127827311209635,2.953442263174416,-0.3572903121985638,-0.07485154405502759
-0.20641563096402948,0.24960120426009436,-0.45601683522412384,-2.541903539101835,2.6288066237321885,-0.25684778072824976,-0.08077912284053379
-0.2120742106420751,0.22736098166032503,-0.43943519230240013,-2.2725358979297363,2.1288769238389924,-0.2106606280417439,-0.09908025823598776
-0.2508351927552148,0.47336283552487557,-0.7241980282800904,-2.512505930090581,3.6831066739597227,-0.2653110513570466,-0.04826507666512714
-0.1471699085313335,0.14230635520707002,-0.2894762637384035,-1.8198012014767488,1.6753772339263227,-0.15460351426696128,-0.0764527190428047
-0.128454310429023,0.26138218812110603,-0.38983649855012903,-1.2236276764963543,2.348689004694103,-0.1450478276180147,-0.06236442683854937
-0.20642914039089777,0.2508462809864873,-0.4572754213773851,-3.183436541593011,3.25229310105434,-0.2211989216390854,-0.0726189310512565
-0.2192246698547735,0.2592521466273563,-0.4784768164821298,-2.8541209446200617,2.821438761561866,-0.23034551239970258,-0.0743765172518428
-0.19449838361378013,0.24162196553838156,-0.4361203491521617,-2.5403063872693057,2.725299331552562,-0.22575067530093273,-0.05832940693567823
-0.1839983796872332,0.19862848332342464,-0.38262686301065785,-2.3875083494410396,2.2822839248900326,-0.190981695578742,-0.08670230031543114
-0.27133393208251577,0.5359766063646392,-0.807310538447155,-3.3495026595829955,4.891727863008308,-0.27707522123576667,-0.050762449417910416
-0.13796306848265827,0.17913224506442038,-0.31709531354707865,-1.3124399480649538,1.6685785761258363,-0.1845244441256586,-0.174666813837823
-0.19909993002906567,0.10161577450108794,-0.3007157045301536,-2.350208127505941,1.1460062304236647,-0.24345509716709213,-0.1346970928734531
-0.2821161067430479,0.5270945727798935,-0.8092106795229413,-4.520907341850709,6.140818578692498,-0.28230050129284057,-0.03178666147155107
-0.29280096644658404,0.3859543098479892,-0.6787552762945732,-3.381545193656093,3.3853248222357846,-0.3100261893775478,-0.0876889158375529
-0.3085383679591759,0.45607892389071614,-0.764617291849892,-2.8952103537183946,3.2035917111050796,-0.33611262508103645,-0.07186639778506454
-0.20431658248545437,0.2806193774094641,-0.48493595989491844,-2.808155582376869,3.233762489459885,-0.23514628759734846,-0.0848746130334389
-0.18196931666368044,0.07311478218807776,-0.2550840988517582,-1.9169759023231256,0.7985269336536505,-0.20008712935546835,-0.19740850979393954
-0.1518622340314778,0.18806367386587075,-0.33992590789734856,-2.110784665397071,2.3760499566739615,-0.18082426768076365,-0.07430755044386439
-0.25141185821284895,0.04477517194495895,-0.2961870301578079,-3.1111150381466173,0.5612544903028073,-0.24979529306569948,-0.133590957015566
-0.2803815806817338,0.32332253151206025,-0.603704112193794,-3.471771566934805,3.128422364770575,-0.2847739624981074,-0.10145676917909852
-0.1650144786211607,0.05100875389805948,-0.21602323251922018,-1.8120422836436032,0.6104989619944634,-0.2104653774239469,-0.09844379030043215
-0.24722345907401444,0.5068529592778923,-0.7540764183519068,-2.554397512548716,4.017059614939492,-0.26483348030608056,-0.08377658927386888
-0.17167838703296012,0.23369814459636729,-0.4053765316293274,-1.9730062701749136,2.3955563444268217,-0.18757982348671776,-0.11713288787255405
-0.29712742649655877,0.4544465633238082,-0.7515739898203669,-2.9255045079505573,3.374204732355119,-0.285756226399702,-0.08482506710858118
-0.1598474705152071,0.2855144116498822,-0.4453618821650893,-1.4551586350403996,2.375206227210611,-0.19926169664758842,-0.08228000730852081
-0.056837011628645184,0.029751879276951332,-0.08658889090559652,-0.5723073905927275,0.4098357568619498,-0.070996686335012,-0.1250976972112876
-0.2601385246177479,0.7129604694342717,-0.9730989940520196,-2.764015516976507,5.457355076557648,-0.2810889400454679,-0.05561416660742169
-0.21211952009605162,0.2677919345492237,-0.4799114546452753,-2.3947084373854395,2.5859445360795075,-0.2549110672423598,-0.12235994834354458
-0.1615829758762577,0.0652650989966228,-0.2268480748728805,-1.4846700123160832,0.6711781298928265,-0.19753817951747898,-0.16903264087246495
-0.20489743217252765,0.2513853783484117,-0.45628281052093933,-3.2556837771312424,3.349481256271294,-0.20940713452535953,-0.08938830163542155
-0.28861302075705675,0.5207406040530118,-0.8093536248100686,-2.7731051230121557,3.720463529796228,-0.28776371899475284,-0.06329055237237569
-0.29707452796059197,0.6037831501053319,-0.9008576780659239,-3.1144061459828607,4.514689756741599,-0.2996607691703185,-0.04985754221114791
-0.23020410914197187,0.5607050951584662,-0.7909092043004381,-2.4736456425147764,4.610270332075534,-0.23489226158639487,-0.06898223851231655
-0.1600872368448062,0.05133859549923603,-0.21142583234404222,-1.7407938338342854,0.6127662975883723,-0.2146058613563846,-0.10123946901871028
-0.2882638367029541,0.721653884141626,-1.0099177208445802,-3.121042872121565,5.475730683564921,-0.3068863659413025,-0.04414012429674663
-0.22753339146939988,0.43883066436799867,-0.6663640558373986,-3.0059736846197582,4.533249132475274,-0.2414532857416074,-0.04817214446162299
-0.2899457145788048,0.6777400120618584,-0.9676857266406632,-2.6783715247830235,4.455525735533901,-0.30888193922366025,-0.06218040406275638
-0.19801671377684338,0.3707549921582547,-0.5687717059350981,-2.5446485038135433,3.894333662332216,-0.20487145760672631,-0.11637864367784923
-0.17478663262352856,0.5952202292091417,-0.7700068618326703,-1.4504085679862642,4.0276374862266335,-0.21126901378965246,-0.06363265307434096
-0.2521390045187155,0.4181515112994445,-0.67029051581816,-2.7075947182500655,3.520226323888561,-0.26995016088905954,-0.04826507666512703
-0.20351445177192884,0.49255042027164,-0.6960648720435688,-2.1090452884082547,4.086312313006367,-0.24039824814856303,-0.056967844936333445
-0.20853313915556315,0.5274299292879305,-0.7359630684434937,-2.326012175721538,4.615602022369471,-0.2666179165936291,-0.0493082936293755
-0.2054564491129518,0.5804279107760162,-0.785884359888968,-2.1368483524529926,4.710250724741821,-0.24356092707929766,-0.04826507666512714
-0.2811831075254786,0.3468291145024984,-0.628012222027977,-3.353673682552813,3.218876522059065,-0.304691592893252,-0.07485154405502759
-0.222694535126724,0.40939614067266117,-0.6320906757993852,-2.304310172117831,3.4296722896310494,-0.27745837958820674,-0.05704644806583248
-0.18194805033984718,0.4534422494162422,-0.6353902997560894,-2.0148360954305957,4.127888561829536,-0.2049287285847078,-0.04826507666512703
-0.32357848372108333,0.888626821804487,-1.2122053055255704,-3.5042372442344036,6.291368235867636,-0.329919925113094,-0.04826507666512703
-0.2559899713116047,0.5324573959113161,-0.7884473672229209,-2.5589180625913106,4.032764503694791,-0.2736954426861037,-0.07639814744175477
-0.2673041033014395,0.3792620822386905,-0.64656618554013,-3.666732611842539,3.9977933941895833,-0.2861384079755317,-0.04817214446162277
-0.1769609276877835,0.1871524992610505,-0.364113426948834,-2.397226350861475,2.2673338126869136,-0.20961500014464396,-0.07485154405502759
-0.3004650460257866,0.30814165742377986,-0.6086067034495665,-3.8157288505024924,3.0057327894297314,-0.30892754246472776,-0.0718663977850642
-0.1885984917697534,0.22281537573939802,-0.41141386750915143,-2.3230448255456304,2.4089942994176896,-0.18504665941729825,-0.10145676917909863
-0.13377594227814382,0.05329141825519024,-0.18706736053333406,-1.3165548302749206,0.604937988450672,-0.17535065218953305,-0.1332831578716709
-0.22773767020193125,0.3692986614947511,-0.5970363316966824,-2.3024480816588198,3.0551599984601836,-0.26001073164417043,-0.11542671662199921
-0.12354397796797134,-0.044482513861670125,-0.07906146410630122,-1.3506823435386544,-0.41485409308829463,-0.12187823811492904,-0.19888064856953458
-0.26026236196356134,0.624482403089113,-0.8847447650526743,-2.8688265479880393,5.052338793282381,-0.29597316809017615,-0.05287690609509288
-0.18604979562307444,0.04751999616977076,-0.2335697917928452,-2.0768140272422393,0.5741427775031607,-0.20341264252432378,-0.14071626785450952
-0.28689156963952056,0.6387656635778529,-0.9256572332173735,-3.129578877987048,4.971131067902,-0.30279137750570995,-0.08426395592999902
-0.2252086988499189,0.4666762056943152,-0.6918849045442341,-2.3274907018677338,3.8106698557689556,-0.24591021341270336,-0.057052213230712856
-0.3246640958981216,0.5679915170888097,-0.8926556129869313,-2.9040547888070947,3.6394464114737817,-0.3348953358469955,-0.06933851814910541
-0.23727384383103578,0.3741623409544306,-0.6114361847854664,-2.3538045736284032,3.0183820801998995,-0.25904825219410255,-0.08319117804216891
-0.13637785912105527,0.20278761991569727,-0.33916547903675254,-1.2161545331127324,1.7719149417860112,-0.1846061971423142,-0.08612188475794214
-0.19142211297387135,0.2652866426818854,-0.45670875565575675,-2.4557449005686696,2.9052231390031187,-0.21082198509209504,-0.06255909220839062
-0.18748432455563946,0.37824438716188724,-0.5657287117175267,-2.5176896278947893,4.186527095408266,-0.207748475892361,-0.05545688283089312
-0.22465785057962318,0.28977452321060326,-0.5144323737902264,-2.6208404831592467,2.8205069173017936,-0.24763466963849434,-0.07320849573101262
-0.28365960971205206,0.42996996335316506,-0.7136295730652171,-3.183098767093311,3.64954261276003,-0.29285510367956213,-0.10022722657733463
-0.265125459206375,0.5729696566728857,-0.8380951158792607,-2.179742465690137,3.5786159051897597,-0.2896425560153082,-0.07485154405502747
-0.19198325200114696,0.2839974698168384,-0.47598072181798534,-2.1565445951906117,2.7501867724854026,-0.19009886566058987,-0.07485154405502747
-0.18360361042912032,0.514478814173813,-0.6980824246029333,-2.4173289331282066,5.43282425657318,-0.20786537631593038,-0.046690302918237836
-0.14278231320917145,0.1943258957046463,-0.33710820891381776,-1.6879522681643773,2.1369570113087093,-0.19542648092483128,-0.09360560770375048
-0.21259910720141728,0.23602842026915583,-0.4486275274705731,-3.756636955498848,3.4735070358699525,-0.22974926254196992,-0.07299954385856045
-0.2914676435358525,0.5279624703174062,-0.8194301138532587,-3.1749776071711873,4.2022132855732215,-0.29734432788728893,-0.04826507666512714
-0.2342217025817629,0.40363489392309915,-0.637856596504862,-2.564690164410588,3.516813467616459,-0.2628377408463798,-0.06566358794373539
-0.2172189454834501,0.44818909926338457,-0.6654080447468347,-2.589791814065078,4.250099224819769,-0.22276384227067259,-0.04826507666512714
-0.14508525322574783,0.12108732229601316,-0.266172575521761,-1.4595565597402518,1.2280010007097395,-0.1837307070825328,-0.1233655895111313
-0.1566269949595146,0.18999981632255136,-0.34662681128206596,-2.084908237966247,2.2963306239647765,-0.20018899895972364,-0.0561069693147892
-0.1585750610695199,0.22259817167342466,-0.38117323274294457,-1.9274576913230528,2.436749505502906,-0.1735399639029832,-0.08596440047100451
-0.1354319165582898,0.22232010010597736,-0.35775201666426715,-1.4933247177114686,2.282466967718648,-0.20419809177442172,-0.07485154405502759
-0.10345724580279181,0.16141475863633192,-0.26487200443912373,-1.0076882007636312,1.6074136568340736,-0.15718250841413373,-0.10154449891079143
-0.2040079587963397,0.31703944565462994,-0.5210474044509696,-2.215881821413498,2.8991741970245615,-0.22012525289904894,-0.07021661411370506
-0.16828458620491038,0.47548398284702076,-0.6437685690519311,-1.9731912910650562,4.57684628471075,-0.17575657072959572,-0.048845721256477126
-0.014379505253228508,0.05139044397837056,-0.06576994923159907,-0.10321884529673048,0.6924207068656006,-0.0920159515869775,-0.11042151036970871
-0.2583938897775162,0.3869952252022799,-0.6453891149797961,-3.4054741457545115,3.9532637383649596,-0.2697371374113755,-0.05282268940610524
-0.08651636239634664,0.1613531335550964,-0.24786949595144303,-0.9152225009018347,1.7417333661287748,-0.18576891708052468,-0.09581066020254891
-0.27849811258607593,0.5666051126851028,-0.8451032252711788,-3.0147820100743994,4.485458073422877,-0.28836032873610595,-0.04826507666512714
-0.15538525093461475,0.551817374655948,-0.7072026255905628,-1.3633491771257913,4.050899436642435,-0.19655842365745235,-0.05125184571071573
-0.21504613597952915,0.34030272512353443,-0.5553488611030636,-2.492959647891911,3.266035092297585,-0.25050515936574513,-0.04979820469450347
-0.16968180883231754,0.17582129249083112,-0.34550310132314865,-2.009400434486288,1.9297509139899167,-0.18928884296220472,-0.07485154405502736
-0.2880237806319029,0.718243895493706,-1.006267676125609,-3.6474976886068777,6.363182374006328,-0.30792498761466924,-0.025085316654514633
-0.027940481786519644,0.14941487846295498,-0.17735536024947463,-0.19998626546080633,1.5216383153311839,-0.08307310661278389,-0.1095593919109431
-0.24333781192229498,0.45303981371631563,-0.6963776256386106,-3.448447531652857,4.9422512048079605,-0.26044332897781564,-0.08082950192032878
-0.22297120509213164,0.3554092674229088,-0.5783804725150404,-2.8405128779300806,3.6505937490676197,-0.22486024471260302,-0.06007485968855475
-0.2731710881715056,0.4515146784135218,-0.7246857665850274,-3.1563651750821955,3.943780059162702,-0.2827797283010045,-0.048265076665126916
-0.2306767199505836,0.3451858611286407,-0.5758625810792243,-2.9713140053925713,3.5693622274049144,-0.2578414881473976,-0.07407846248398475
-0.05721782565492883,0.01048365737085577,-0.0677014830257846,-0.37576970368594814,0.19628444294110636,-0.1210933767963458,-0.1406999293147172
-0.14749603008797385,0.2214787388095023,-0.36897476889747616,-1.7223146906997173,2.3623814635170035,-0.20048277828395755,-0.08784792026584187
-0.2999161316267259,0.7782897539137164,-1.0782058855404424,-3.4958348635562446,6.20251428846169,-0.31183391276939854,-0.04826507666512714
-0.32627393705582997,0.580254517229678,-0.906528454285508,-4.371929699256502,5.3697148680593125,-0.31537427449819255,-0.04427235283110964
-0.19786376919020154,0.2534795082124819,-0.45134327740268343,-2.201591365239318,2.4459444645328845,-0.23937214259610684,-0.0880849648926798
-0.1063736356866688,0.1562164246224116,-0.2625900603090804,-1.265278342453155,1.823729675960444,-0.18039446680276738,-0.1127942397369438
-0.17797438092132933,0.33720398297520693,-0.5151783638965363,-2.007618185521342,3.2362472597719356,-0.2003101317467032,-0.0604401928419287
-0.13400792501829306,0.27240602460445906,-0.4064139496227521,-1.5929321004448704,2.923711345585766,-0.17452288940151506,-0.07156823593657846
-0.23352663943550667,0.558909109904921,-0.7924357493404277,-3.256800706832928,5.948758021687426,-0.249743418239198,-0.04826507666512714
-0.2464525137798469,0.37676224439523875,-0.6232147581750856,-2.3940385932215533,2.9563460814269247,-0.2591238439068734,-0.08377658927386888
-0.044576086693368766,0.1299572260912638,-0.17453331278463258,-0.39053473881136724,1.3723061433830688,-0.12293349398739617,-0.08861116553127624
-0.05908283490411481,0.15572224216680608,-0.2148050770709209,-0.45750720585087035,1.4320792595254588,-0.15336911759780625,-0.18406892578163292
-0.1795619558983651,0.16098425109182535,-0.34054620699019045,-2.291316662384455,1.869481766003022,-0.16730096438394815,-0.05208054729305622
-0.20210720807336935,0.4067568424287824,-0.6088640505021518,-2.1132908289034966,3.4879720735152238,-0.21766962979198534,-0.06391868325403349
-0.19551454840861726,0.34213407617861713,-0.5376486245872344,-1.9780463047295065,2.933927433258804,-0.25963164358495405,-0.07186639778506443
-0.14576357717598198,0.2847690278434527,-0.4305326050194347,-1.8568821465480045,3.205233691689217,-0.16497229541290304,-0.07678821722186757
-0.15821811965051014,0.32977240938571306,-0.4879905290362232,-1.8340629206377894,3.3227077586902434,-0.2134486618452507,-0.10145676917909852
-0.06341295484337661,0.15197572254671465,-0.21538867739009127,-0.548157029860156,1.4871597623795592,-0.15487127474560314,-0.1039311674466179
-0.22623147076589922,0.23517725530252864,-0.46140872606842787,-3.050342412249905,2.654383992884708,-0.23287139814159208,-0.10359070879387977
-0.2647906579408813,0.5560977713833264,-0.8208884293242077,-2.4760908795005743,3.911438750285271,-0.26882593280698897,-0.11048096962978982
-0.1353992011873043,0.12919722760046026,-0.26459642878776457,-1.8264451324919728,1.6581412958459587,-0.1812307350606719,-0.08232212629880054
-0.27944225738039397,0.44730015462525796,-0.7267424120056519,-2.9759119960017015,3.619820109500848,-0.3133964042885983,-0.04135747598097317
-0.1738174540163775,0.2997104045559711,-0.4735278585723486,-1.5138642377034093,2.360534353731525,-0.23750676366615908,-0.09256918012619497
-0.3241967668779988,0.4953334737780284,-0.8195302406560272,-3.660191004862401,3.9887210534751527,-0.34685267662014574,-0.06566358794373561
-0.18152683662189684,0.4240398918201538,-0.6055667284420506,-1.7522938763294031,3.433358578487424,-0.18117580012712697,-0.06865097503832318
-0.2108976413323217,0.3329742442781771,-0.5438718856104988,-2.5498353852860838,3.34152755387523,-0.21593915390845753,-0.05491729587637817
-0.27481865550474927,0.6196150149319009,-0.8944336704366501,-2.747839801877212,4.510888991992148,-0.2756446182741069,-0.04826507666512714
-0.17389838288848436,0.14798128789107556,-0.3218796707795599,-2.183781405482868,1.7192979527053045,-0.2053814672740113,-0.08961439830703544
-0.18147354320260445,0.4338041294217423,-0.6152776726243467,-1.6460795573385845,3.312441612110486,-0.2178981998586218,-0.09260928711103944
-0.26829001024672583,0.2040377985040711,-0.47232780875079694,-3.225184475298505,2.0449470412261315,-0.284342302283358,-0.12115737610807809
-0.20562272205643217,0.4722647408705394,-0.6778874629269716,-2.1174035299308467,3.901113182850539,-0.2439443982107493,-0.04826507666512703
-0.19998964801996189,0.38198666878616705,-0.5819763168061289,-2.3283526750176695,3.6642905624115505,-0.21619106252928755,-0.09640095281043459
-0.1981895945013019,0.3543291226911165,-0.5525187171924184,-2.27645836183243,3.3878488179256525,-0.18867725961897464,-0.08474446815565628
-0.1522128806591635,0.4351988910748412,-0.5874117717340047,-1.5646777191200132,3.8099211218954343,-0.17881214492251596,-0.058166835203682266
-0.29146154076995545,0.3338118031074042,-0.6252733438773597,-2.949197344479945,2.6613051632323743,-0.3029279994626144,-0.08077912284053357
-0.25069768299008854,0.16775525131389513,-0.41845293430398367,-2.483838207569951,1.4845865766190858,-0.26787483708407756,-0.15012777668322663
-0.20490234339652602,0.27741383143561404,-0.48231617483214007,-2.3378208466586665,2.700384867604381,-0.19904418518989653,-0.0731659611190344
-0.11927382841226775,0.05793785107478677,-0.17721167948705452,-1.7713112648108207,0.8811506467168676,-0.1571334122696887,-0.11451857834125867
-0.21105998728131292,0.25121610281477724,-0.46227609009609016,-2.3543800306768055,2.4119504394307714,-0.23489870384792555,-0.07485154405502747
-0.21134306707396788,0.24126189654433672,-0.4526049636183046,-2.335150643356925,2.306706636125953,-0.2315018723857164,-0.1067842411652613
-0.2501706028345304,0.3757634478907985,-0.6259340507253289,-2.8416059746883957,3.3919920679059112,-0.25862055279901,-0.0752574776032725
-0.23470041358592142,0.24076603125436113,-0.47546644484028255,-2.7168900030497154,2.356686652655341,-0.2544065807703606,-0.1014567691790983
-0.11191892312530693,0.1731581445785071,-0.285077067703814,-1.1640695889081238,1.782225624149828,-0.14190242254105168,-0.11087820607475107
-0.15928245264161567,0.35822117842509127,-0.5175036310667069,-2.1982919589121868,4.181533439598479,-0.19650039962375077,-0.04826507666512714
-0.16558234077692568,0.3224997339479021,-0.4880820747248278,-2.0181503838324115,3.3789578125995363,-0.18992036894645692,-0.06517378761799497
-0.18992883742320232,0.5686957886733075,-0.7586246260965098,-2.343376579333397,5.527495147392651,-0.21503090295203886,-0.04780845992481719
-0.1948244123255638,0.08924062116795795,-0.28406503349352175,-2.544134669340707,1.1058431928992485,-0.20909234246990271,-0.0827676547889028
-0.1458096648234528,0.12159794034677618,-0.267407605170229,-2.083281246244651,1.634599950056191,-0.19110362262369163,-0.07485154405502747
-0.23116190038116835,-0.053837139515986676,-0.17732476086518167,-2.3629793084450386,-0.4171654168417847,-0.25484199396109997,-0.13567547890504927
-0.2783051983939483,0.28039598011557443,-0.5587011785095227,-2.8630372786120852,2.348915496471686,-0.2831321326267857,-0.10352526344139712
-0.2414355034762854,0.3182171507293776,-0.559652654205663,-2.7263189950926465,2.9274716686562763,-0.24847683642091223,-0.08140423813977848
-0.28808204272857363,0.5187592204410267,-0.8068412631696004,-3.684769294500039,4.862106999492876,-0.2880074076259942,-0.0388121143552379
-0.2437371467483016,0.417988714359423,-0.6617258611077246,-3.267387895674109,4.357094289667853,-0.2742893854379689,-0.06290090559260564
-0.17349465642573947,0.04539261396263461,-0.21888727038837408,-2.2294273033586562,0.6110805243696461,-0.19519894649754044,-0.15073680031537395
-0.22495053087732164,0.34281907815892354,-0.5677696090362452,-2.865781387183874,3.5327664581028086,-0.22849828475680334,-0.08585233142792126
-0.21515410321187334,0.030436202197343443,-0.24559030540921678,-2.8478695831887753,0.4361930851932894,-0.2314317271096984,-0.1029558499000508
-0.3091140498631474,0.5031311344686697,-0.8122451843318171,-3.5742250987484256,4.19831876370222,-0.3061730130823641,-0.07407061122036773
-0.2592103425440757,0.6610431383909352,-0.9202534809350109,-2.65136895227884,4.927260997629355,-0.259149622807073,-0.054322755504333076
-0.242513731306767,0.29410671145504197,-0.536620442761809,-2.49886812382114,2.5252908172497146,-0.2510209042474094,-0.07485154405502736
-0.17922860220310877,0.29083108860954465,-0.4700596908126534,-1.8264330815235335,2.6016986816328167,-0.1953292632724022,-0.12499029178847243
-0.12424486248015432,0.2854768970428112,-0.4097217595229655,-1.354598587245696,2.846854342578405,-0.13420357903208713,-0.06908589828650369
-0.24271315694582252,0.36632467660927714,-0.6090378335550997,-2.9758156989564757,3.573921188366751,-0.26578471791283287,-0.04826507666512703
-0.2312962791776143,0.45411405922944037,-0.6854103384070547,-2.2414444336852903,3.4965787409009996,-0.23647195887730665,-0.07186639778506465
-0.16756803467470394,0.23357611737878714,-0.4011441520534911,-1.6014486751501467,2.0587018134685504,-0.18716511576870054,-0.12241896668814356
-0.2524411774801625,0.3642162161327045,-0.616657393612867,-2.755912447489853,3.168285781841426,-0.2597976878589747,-0.0643469402809862
-0.1264578463949153,0.17665361959968062,-0.30311146599459593,-1.4325255701937645,1.9130847721870219,-0.16512365399069373,-0.12781758621395523
-0.2870900510751615,0.5011471233621818,-0.7882371744373433,-3.0399108799815338,3.9381625352346106,-0.2828318943358912,-0.04826507666512703
-0.2959682794772497,0.5537984732223693,-0.849766752699619,-3.2709196005158745,4.408046133938953,-0.30754827388270123,-0.05430424080804774
-0.20810138398416356,0.37673935949728454,-0.5848407434814481,-2.063705338122856,3.107085724390067,-0.24076453397288777,-0.07186639778506432
-0.23179235002428056,0.20808514582409754,-0.4398774958483781,-2.354972077560948,1.8609308430863838,-0.23593337501149914,-0.09392579885773111
-0.2501967541620309,0.212403311305023,-0.4626000654670539,-3.5552127401816995,2.4983144070169057,-0.26504267672412685,-0.0754748664652275
-0.17742814905373294,0.2155195343686589,-0.39294768342239184,-1.9566690241528961,2.1421224424149155,-0.18220627522310284,-0.11082363514192428
-0.13426369892063372,0.039311829552356015,-0.17357552847298974,-1.7572004564181136,0.5606736089923567,-0.14675856854111335,-0.06566358794373561
-0.24968240283700982,0.5110239522176838,-0.7607063550546936,-2.9516524051821764,4.576803267156427,-0.2749900710351092,-0.04817214446162277
-0.16763715063527984,0.25951286718672084,-0.4271500178220007,-1.8209431366279727,2.512325438612984,-0.20375486288060574,-0.10082268005241057
-0.24179293954959824,0.4715588186189712,-0.7133517581685694,-2.639841261581444,4.004465089285888,-0.2470423723512124,-0.04826507666512714
-0.2184942915098934,0.39240414634566356,-0.610898437855557,-2.457333969998301,3.5623550671256554,-0.2456362781576561,-0.07485154405502736
-0.22508393040026942,0.22324168433536018,-0.4483256147356296,-2.5141916129866377,2.1538500190160574,-0.2285313839380957,-0.13501302659336334
-0.27286198756041913,0.24514587267503307,-0.5180078602354522,-2.9536989244227994,2.1922119828577578,-0.2900268459149169,-0.07736931138522496
-0.2384228772426067,0.6598578865100957,-0.8982807637527024,-2.319382734458621,4.785775544630422,-0.28568262646535814,-0.06473535828211097
-0.175439870064389,0.20594283758048593,-0.3813827076448749,-1.8591670335241244,1.9917030573979375,-0.17535342593237613,-0.12681632648429342
-0.22417631563547757,0.28321650904151174,-0.5073928246769893,-2.724911833686646,2.8660315168434134,-0.24139984110549462,-0.05285516972407278
-0.21009176749447744,0.31002751999645883,-0.5201192874909363,-2.162261904363833,2.7056782663610695,-0.23320958121234336,-0.10050458328124134
-0.17693644990280677,-0.011491708895263297,-0.16544474100754347,-2.5111355552434755,-0.0835990055955944,-0.16297370001368205,-0.13217849685980998
-0.2608903040313062,0.6846783992880716,-0.9455687033193778,-3.053595105460283,5.792324217710411,-0.25532933507856237,-0.029430759334369005
-0.27719934415438185,0.49715122234960973,-0.7743505665039916,-2.6178468734472498,3.547975958364195,-0.2778608691641977,-0.083776589273869
-0.29343661454269776,0.5065148422711887,-0.7999514568138865,-2.900126215599188,3.7116757583339273,-0.2975943498379019,-0.07485154405502747
-0.08050341165854691,0.11084702994236229,-0.1913504416009092,-0.7153349510234184,1.1134143020248468,-0.15095677299779597,-0.12072108035642859
-0.21723711511792498,0.4386640339048469,-0.6559011490227719,-2.6221104683173624,4.203228611450574,-0.2080723276002555,-0.05889557715587146
-0.3084568225552117,0.6335622880762981,-0.9420191106315098,-4.03067026102618,5.757799775014477,-0.31127053343925615,-0.06643642678295392
-0.03081845337460065,-0.002232426778717489,-0.028586026595883163,-0.23688600789431252,0.06460757888301122,-0.1495974939387552,-0.1631237729612145
-0.10800180786251168,0.13834151317290488,-0.24634332103541656,-1.4897544207091056,1.852431903646377,-0.1640175205253408,-0.086253893189148
-0.06315098854609313,0.10218518946518085,-0.16533617801127398,-0.8890153297769126,1.4980763115044522,-0.10181910758352397,-0.06076615360801507
-0.11502166144056347,0.022253011800068112,-0.13727467324063158,-1.5040159477088082,0.35464337055825845,-0.18292236121208194,-0.1070288592412435
-0.1622464080981444,0.1919653854589749,-0.3542117935571193,-1.9848835260435764,2.138792694633621,-0.16677883227585955,-0.12049258738660285
-0.27559356627776543,0.3414671139367025,-0.6170606802144679,-2.9011636812550674,2.8413141618342297,-0.31740719565787057,-0.08077912284053357
-0.25886696300044754,0.6472261475111594,-0.9060931105116069,-2.9692310664266572,5.410129370913266,-0.2634359561852886,-0.050421271624480846
-0.2740355494394524,0.3495064981864189,-0.6235420476258713,-3.055049949868921,3.0496882926033537,-0.27974812428519436,-0.11642315741852138
-0.24666287266527898,0.2851567255133105,-0.5318195981785895,-2.4092125172685916,2.342944095533363,-0.2801356535915015,-0.11716200682959654
-0.23163395011638666,0.41507199657074456,-0.6467059466871312,-3.177738333841,4.473619311146187,-0.2583444340200661,-0.056967844936333556
-0.32160160662759807,0.6290114884888425,-0.9506130951164405,-3.5903775559162856,4.869125509406902,-0.3389050815489665,-0.07186639778506454
-0.21226921064327342,0.328798888829122,-0.5410680994723954,-3.147458176253723,3.9582447168953925,-0.22920667514057647,-0.04817214446162266
-0.1811503886658936,0.34976243980460575,-0.5309128284704994,-1.7212287785309794,2.874878502789162,-0.21122689153837837,-0.08887947628165693
-0.269458739010368,0.6878577552884024,-0.9573164942987704,-2.81054032677728,5.147832523321482,-0.32224377689176187,-0.04826507666512703
-0.2264799249168592,0.24446279627114365,-0.47094272118800284,-2.4342394384335773,2.255725451363055,-0.22524931289700134,-0.07186639778506443
-0.14432741038081465,0.20237773602177334,-0.346705146402588,-1.9144953721183482,2.446164289458404,-0.17263384523136982,-0.11373773954455024
-0.164518299749299,0.1603591070070174,-0.3248774067563164,-1.923807262220698,1.7465473011850354,-0.18677448356407989,-0.1130990610479683
-0.24363891434688179,0.1150209487303473,-0.3586598630772291,-2.785146655563904,1.2031432743733632,-0.26957181587957746,-0.10145676917909852
-0.25547726386515446,0.3007588639309955,-0.55623612779615,-3.3408524079605044,3.1397380613269266,-0.26271533948553427,-0.07485154405502759
-0.09229040202680472,0.14336738650821457,-0.23565778853501929,-1.1312126943510532,1.7480552451679354,-0.16561874203391347,-0.06744320278234406
-0.1889254037873489,0.17078582359578975,-0.35971122738313865,-2.0998860917940143,1.738143283771798,-0.1866910420163571,-0.10554388665311476
-0.20873499904607173,0.6475332015019506,-0.8562682005480223,-2.3094378976370233,5.483968100282729,-0.2043836177436591,-0.06434319300670255
-0.159191742126934,0.3014077749634765,-0.46059951709041047,-1.7429465920135712,2.904794125591066,-0.18552153591825749,-0.06471966920436212
-0.1474887471507773,0.3344340224399973,-0.4819227695907746,-1.6517272491413995,3.2763870617526,-0.21989144699376606,-0.0837765892738691
-0.15009836422533818,0.3708894433832146,-0.5209878076085528,-1.4323278387657725,3.1223640627908624,-0.18312866715841103,-0.056506596977762835
-0.2340407247541958,0.4113401752980521,-0.6453809000522479,-2.9790606792266794,4.123710454076591,-0.26728929416101055,-0.07334393228256775
-0.20748793711099367,0.5168150673414307,-0.7243030044524243,-2.0966728381878013,4.1515018263783565,-0.2541783015638496,-0.04826507666512714
-0.16133728718712226,0.06014482732149862,-0.22148211450862088,-2.033224734541706,0.7752618160192828,-0.16677861979103625,-0.13637793038797374
-0.11447703956056043,0.1673096000667138,-0.28178663962727424,-1.4881388582346369,2.078726513974879,-0.13524348195747482,-0.08496180300908285
-0.2021709143710193,0.42751409385370653,-0.6296850082247258,-2.691835844908242,4.572218405838824,-0.23078466225719696,-0.05716704446284526
-0.21979548836318807,0.09562792183801738,-0.31542341020120546,-2.617537153767499,1.074541411944261,-0.2380680680702546,-0.10111107367810612
-0.1496292796796327,0.00017481794417317786,-0.14980409762380587,-2.165682734839681,0.0691081523184885,-0.17570091522802755,-0.10145676917909852
-0.11927923377169458,0.22009658024359524,-0.3393758140152898,-1.4937927961190411,2.5562875913467757,-0.17097223012445684,-0.05069217425449035
-0.1907795051508766,0.1707079122523898,-0.3614874174032664,-2.3128629279720134,1.8703578850556424,-0.20272016804809467,-0.07087605119361917
-0.2053061663317185,-0.039415141033659395,-0.1658910252980591,-2.117800322744384,-0.29224050317223166,-0.206934849989589,-0.16106301063990835
-0.1922500148791465,-0.07798490599144925,-0.11426510888769725,-2.123945144868079,-0.7546268935988032,-0.21033907323555112,-0.1544955221812616
-0.1327655670602711,0.24397952794705913,-0.3767450950073302,-1.5931993309219037,2.660967284051195,-0.16972290058383788,-0.0636017685397352
-0.2744803468424126,0.409479264704542,-0.6839596115469546,-3.799538378767893,4.31463095577729,-0.2744806758317939,-0.04826507666512714
-0.23990490359074979,0.5865316182058726,-0.8264365217966224,-1.879732890062558,3.580245652539022,-0.2651183457486007,-0.07599587126895613
-0.20602243951627264,0.5288489595991497,-0.7348713991154223,-1.9202758434304763,3.927295911541771,-0.21377848088920104,-0.0837765892738691
-0.31537610596910215,0.45026467900610934,-0.7656407849752115,-3.5533595103355484,3.7020308672080353,-0.3332579399048754,-0.06418234709053894
-0.14299709123504922,0.2532370832433959,-0.3962341744784451,-1.5584322795141143,2.5176022805546254,-0.18618093595417973,-0.0837765892738691
-0.27069939470286464,0.37430162821509727,-0.6450010229179619,-2.6018950591906536,2.85368466043851,-0.30991974524975086,-0.05449230739167532
-0.18718564150055395,0.3735303508185699,-0.5607159923191238,-2.0861878352918937,3.477845977736901,-0.19643856893745115,-0.10070303678085879
-0.1947673023815466,0.12876508093435857,-0.32353238331590517,-2.032104042539248,1.2823170790330467,-0.2584140576425338,-0.1324961503500549
-0.27038241812461195,0.23376856608866525,-0.5041509842132772,-2.8831557196873785,2.0760977661716264,-0.2911091160639858,-0.06589472844251909
-0.22544664433610617,0.23881728370855693,-0.4642639280446631,-2.204688428238588,2.0394527293829086,-0.26253750232612705,-0.08225338649859981
-0.17750434784139257,0.2036566279981984,-0.38116097583959097,-2.0704843364401726,2.1444448993969636,-0.22877797132612931,-0.07575214009699593
-0.23797547500295702,0.6618568452878475,-0.8998323202908045,-2.2060678190450242,4.591580351238411,-0.24153135923364422,-0.04826507666512714
-0.23016428896140584,0.3351281859402142,-0.56529247490162,-2.307725977567681,2.787698813657743,-0.22686614751496448,-0.07328752049614784
-0.22748930514347487,0.21382992589787508,-0.44131923104134996,-3.4012021552670455,2.6884617528556394,-0.23499947314177083,-0.055295120192369374
-0.1599411748520413,0.05934869645996077,-0.21928987131200206,-2.047580210720305,0.775912478722941,-0.19803656733115005,-0.09763184547839043
-0.23637468628029723,0.4688107271144104,-0.7051854133947076,-2.291073239244066,3.5866085486798034,-0.2920755289174698,-0.08630192365352518
-0.2908469964528344,0.7468990657163974,-1.0377460621692318,-2.7118569112973887,4.8610660466764655,-0.2877653199371203,-0.05720359118344609
-0.13895700386402654,0.2681072322929803,-0.4070642361570068,-1.5342056965250666,2.6917626530386314,-0.20074689183483319,-0.1014567691790984
-0.10716810880351024,0.36362430320009254,-0.4707924120036028,-1.1112876226465676,3.443185962122511,-0.1739739413331296,-0.05857754157408923
-0.24530145637918466,0.5401978548701716,-0.7854993112493562,-2.8467551024795728,4.743642799930075,-0.2441732679162696,-0.0643431930067021
-0.08000342157517415,-0.06382523777868865,-0.0161781837964855,-0.6476003517425984,-0.49438923417504604,-0.16481479692902967,-0.18087351985078515
-0.23230012669286382,0.4964846709519779,-0.7287847976448417,-2.647686836564655,4.399645004012575,-0.23562260021431758,-0.052687937848883815
-0.28353268094855166,0.6960124752351027,-0.9795451561836543,-3.0667949144884328,5.325849714432559,-0.28198548024846426,-0.04826507666512714
-0.05776992868199937,0.01253245101649858,-0.07030237969849795,-0.6013154325719504,0.22267212488302632,-0.13055583777801627,-0.1306006962276126
-0.20218271568986512,0.06576747006826111,-0.26795018575812624,-1.9730002362387136,0.6845620251564969,-0.2063711317958633,-0.14580445684832766
-0.17295078247533335,0.33771995940531796,-0.5106707418806513,-1.939156942375575,3.227822992512369,-0.18062992799285993,-0.09371207565872997
-0.13532137570514124,0.17242320344900053,-0.3077445791541418,-1.3254593204071319,1.6528003722571307,-0.175852276705053,-0.0663732323616919
-0.15636408691799641,0.32314314533280775,-0.47950723225080416,-1.9049357478833906,3.4012565241180153,-0.19276976391771028,-0.09507007074657159
-0.16910967015434564,0.21668369753541805,-0.3857933676897637,-1.535406123659841,1.8542446612994252,-0.186813155970167,-0.09658621303641024
-0.1255434950259675,0.22789863891632045,-0.35344213394228796,-1.2282739837339791,2.140629636955616,-0.13780346738334726,-0.1255816736034604
-0.21556594822050457,0.2730530509314233,-0.48861899915192786,-2.6710348826978367,2.833974170599235,-0.2368575748938302,-0.0656635879437355
-0.26967383132495437,0.32554823974198843,-0.5952220710669428,-2.7341598502521762,2.655011596263247,-0.2696139692407016,-0.14746209769872776
-0.2988409047457764,0.3265745337646211,-0.6254154385103975,-3.769515979049673,3.1556179885454667,-0.30650745469224483,-0.10872370941648901
-0.16378488579259376,0.27177172554073925,-0.435556611333333,-1.562106124462532,2.355771414132888,-0.1997967006972864,-0.10671561725253387
-0.20929296413536835,0.10729178178364207,-0.3165847459190104,-2.4785619534507006,1.1925866510746352,-0.2661057037926994,-0.1081113706560165
-0.23707798596960517,0.3324998197246616,-0.5695778056942667,-2.62812055093286,3.0013118982938347,-0.24308137787570694,-0.08923398194934651
-0.1426754111796178,0.06566515178448262,-0.20834056296410042,-1.9163216491391384,0.8951736232819509,-0.1975323166469074,-0.10695560652102898
-0.20329429707236724,0.2544712693736011,-0.45776556644596833,-1.9044850506749622,2.1186144630489716,-0.2173152874512596,-0.0737758200331583
-0.24049478198897,0.27929848941802504,-0.519793271406995,-2.4330778771155583,2.377680175735114,-0.2372408985923019,-0.14743253360732067
-0.24047970120474638,0.33415047235296647,-0.5746301735577128,-2.6350688456584392,2.9828385979738985,-0.2751343225544398,-0.09483484183912272
-0.3404432086740212,0.7563523013378093,-1.0967955100118305,-3.7753077927574754,5.526827756882654,-0.37930422102759587,-0.04826507666512714
-0.09728129240548,0.02953888697561058,-0.12682017938109058,-1.0018104576254123,0.3963577909855486,-0.1524479828905131,-0.12337704641163783
-0.22314609004868702,0.10242475221640657,-0.3255708422650936,-2.295863499184183,1.0195194590825492,-0.242577172730573,-0.18983105863785044
-0.12202081724538749,0.20533986442103558,-0.32736068166642307,-1.2679619180769528,2.0474803079557944,-0.1719464825751349,-0.07336826579938616
-0.19786588982027997,0.492149579845764,-0.690015469666044,-2.2832005445619847,4.5307097845628395,-0.20570643489871432,-0.04826507666512714
-0.22874517689747198,0.2078229384594894,-0.4365681153569614,-2.082718170124761,1.7064438759524643,-0.25053069951957485,-0.1334992645495504
-0.3284767647406821,0.5562817686222863,-0.8847585333629684,-3.461563774226954,4.134945538276878,-0.32840636448593896,-0.04826507666512725
-0.32466696230340264,0.20356478324175775,-0.5282317455451604,-3.934286242278559,1.9623568305836518,-0.3365519506865625,-0.09206754306196074
-0.22409417638968987,0.3307629772450482,-0.5548571536347381,-2.820843295929607,3.3862998371306374,-0.2357123462794014,-0.06694025248520297
-0.31270488743262825,0.5449638259516554,-0.8576687133842836,-4.039563804599141,4.964412748381995,-0.32953308489737076,-0.04817214446162266
-0.2840672485034298,0.5443475629994381,-0.8284148115028679,-3.5354726413674205,4.915738226628366,-0.2810000389069952,-0.040070890460674136
-0.2185140181457098,0.12496864382545403,-0.34348266197116384,-2.838869541258184,1.4659147325005293,-0.22292599404814384,-0.1855309329173297
-0.2583854644945608,0.27469338299192003,-0.5330788474864808,-2.784683435687813,2.43969082028258,-0.2575000750365962,-0.06132188202280242
-0.17296430771245397,0.19914425609394204,-0.372108563806396,-1.722655288503299,1.8435269012542699,-0.21408182518107932,-0.154991268392618
-0.14170162926857632,0.34217474150693694,-0.48387637077551326,-1.350620352663831,2.9293980931865717,-0.20041780793937714,-0.06319805574045967
-0.11737028505511826,-0.035821373678669,-0.08154891137644926,-1.5413640738941905,-0.4027715704145836,-0.1316866358097386,-0.14450108427501862
-0.07456747348384474,-0.14638695930203915,0.07181948581819442,-0.8939647178001281,-1.9264881279291242,-0.11096970860654654,-0.173381224602855
-0.2336313452740807,0.1661579981662633,-0.399789343440344,-2.6866468953149383,1.6855373185197344,-0.23754239394479426,-0.10899462200862298
-0.08611671278090871,0.06689657287180428,-0.153013285652713,-0.9074382565489689,0.7963537340950889,-0.1313683011063973,-0.10508156778176059
-0.28949045207891355,0.3875447952834743,-0.6770352473623878,-3.360777857852093,3.431258891360041,-0.3090373054784876,-0.0878231437920729
-0.13913617087235464,0.10024048404396435,-0.239376654916319,-2.032967381793311,1.4110046987863492,-0.16551137087311285,-0.12226842780647917
-0.2900736279423799,0.6347633643586501,-0.92483699230103,-3.9128950630923303,6.070795955679905,-0.28972393857720313,-0.02933286777496158
-0.21298789307208343,0.4837673503298725,-0.6967552434019559,-2.8653744888668458,5.14323247514864,-0.24653528440433536,-0.05858475880111136
-0.2695100865561154,0.5141314662389387,-0.7836415527950541,-2.5070290039718537,3.626995610753895,-0.30511962981754015,-0.07438415187826997
-0.153350210764015,0.6197341254151163,-0.7730843361791313,-1.4409983690079826,4.7433298305417555,-0.1552429744799595,-0.05574695538323948
-0.19011580509285275,0.25424664905619143,-0.4443624541490442,-2.165128480073755,2.52568327130511,-0.24413495843557442,-0.1196109893594769
-0.2174670480114249,0.6321149091835709,-0.8495819571949959,-1.9893414733681383,4.440100001089623,-0.22140839819440727,-0.05696784493633322
-0.029766066748480924,0.17685094924342137,-0.2066170159919023,-0.2505207916091633,1.8968864446067146,-0.12251721166449514,-0.07432663424496744
-0.18361709497177758,0.3413149103891471,-0.5249320053609247,-1.9673360490856455,3.1173946974474163,-0.17210355287670653,-0.08722464441189892
-0.12570844704954298,0.08871510392905635,-0.21442355097859933,-1.5300217078793337,1.1014291181543059,-0.11913038670461473,-0.12332398274738898
-0.05449514924189425,0.16803358873143814,-0.2225287379733324,-0.5032316467382911,1.7390163564433514,-0.12861543082934834,-0.08168374653646426
-0.27879847886839926,0.45458780181019676,-0.733386280678596,-2.7012195714201512,3.366902485210496,-0.279612057318263,-0.06410582710749113
-0.2667196565154434,0.478734183298247,-0.7454538398136904,-2.807829874805594,3.838717839350376,-0.28175320803292114,-0.090554499242948
-0.1943527567920983,0.16355501384207827,-0.35790777063417656,-3.2274065471283557,2.3634854385202457,-0.19988185767669076,-0.07485154405502747
-0.2440709922346429,0.2999821490207635,-0.5440531412554064,-2.4997480364572002,2.556267700522812,-0.24535171713696524,-0.07541181970986133
-0.30788279100378124,0.36512252079405805,-0.6730053117978393,-3.2427203912407028,2.9356317462213055,-0.31844536831743986,-0.07855645159295577
-0.22252847971153988,0.3046862151086984,-0.5272146948202383,-2.389873472321612,2.7348261246215855,-0.2423625267870505,-0.12112551885320144
-0.20430100077363733,0.3087790618443609,-0.5130800626179982,-1.8900548070792667,2.4782217167204896,-0.22464475590507926,-0.07876064944812489
-0.20964263832066965,0.35332110463439137,-0.562963742955061,-2.5782104355342135,3.5595447325186145,-0.20181321186225964,-0.06418234709053905
-0.2931986926598028,0.4396264551137159,-0.7328251477735187,-3.4060047758997403,3.8022963723776937,-0.29843784553092445,-0.10145676917909863
-0.2451611942088061,0.1570115646974981,-0.4021727589063042,-3.050397801751681,1.6952625547608922,-0.253980905250349,-0.117570514393598
-0.18704789871337557,0.2991265158720313,-0.4861744145854069,-1.7475416065393783,2.4615269725239792,-0.2571824197599347,-0.05696784493633378
-0.27388470956604427,0.5379375629566456,-0.8118222725226899,-2.941217270480043,4.274559302710786,-0.2621374845750959,-0.10001395545114766
-0.14323947965214,0.43516891844256733,-0.5784083980947073,-1.5948669765836365,4.126096177380875,-0.16823142186444373,-0.07946229469186739
-0.32627963065360854,1.0107150181403517,-1.3369946487939601,-3.287521156462457,6.509880749121171,-0.34268941489328997,-0.04826507666512714
-0.13723450741409227,0.22184083899224993,-0.3590753464063422,-1.4460976606590636,2.196459842718629,-0.14712928134239434,-0.06634518123170141
-0.17101379929415705,0.10038733734129868,-0.27140113663545573,-1.6720056264323766,1.0017648650069337,-0.20236373732409063,-0.14812236170038573
-0.22122631072840804,0.3501537785982729,-0.5713800893266809,-2.5045033312558505,3.239999990073762,-0.24601448095626832,-0.04860363044626459
-0.1347113040939386,0.36794167184636994,-0.5026529759403086,-1.273775412112812,3.12877559090408,-0.14304967937477275,-0.08392601144017009
-0.28778897231361955,0.4409371015211685,-0.728726073834788,-3.6832801892812426,4.19314670213664,-0.2946481013813904,-0.04204969705570649
-0.24379260675599634,0.3789291021312884,-0.6227217088872847,-2.707587366496046,3.342058005598637,-0.2605673283452308,-0.08077912284053401
-0.2899619267016472,0.5259507883343029,-0.8159127150359501,-3.441136329938615,4.5345800788270605,-0.3022805451924281,-0.04413897520692511
-0.17106873603491635,0.2683878423221866,-0.43945657835710294,-2.0878991834549834,2.8600599436755574,-0.2045840027170137,-0.06814796555325997
-0.12071325243906839,0.4076727942257379,-0.5283860466648063,-1.3947630966977105,4.1148381803488325,-0.18349668335502645,-0.06398792048434532
-0.10604998671362653,0.17555760291430467,-0.2816075896279312,-1.6051054185734452,2.48641333944929,-0.12245233854284376,-0.04912864020376739
-0.14163447661935746,0.3548665081476656,-0.4965009847670231,-1.3698960559311402,3.067766912843956,-0.14710323626194788,-0.06229113269454456
-0.25474599326730163,0.2782054468088355,-0.5329514400761372,-3.035223307053814,2.694042586319599,-0.2708954591412601,-0.09640095281043493
-0.17320950008762226,0.2709517844204212,-0.4441612845080435,-2.1584228478850895,2.948128176901415,-0.18054149812630704,-0.05315417942058054
-0.24630705946787812,0.39390620060320214,-0.6402132600710803,-3.155246937222806,3.938849027072124,-0.26633325321363377,-0.052146892522222155
-0.21888631297992045,0.5748988065717751,-0.7937851195516955,-3.132558164641999,6.321696430784186,-0.23180941304710478,-0.024060843618332495
-0.1923303535558537,0.14276901361023775,-0.33509936716609146,-1.8749947484302665,1.335639492193851,-0.2259805439809337,-0.11910064606315718
-0.14557263571027423,0.3057383656078867,-0.45131100131816093,-1.3125825991728632,2.5297841235666962,-0.17635052014986918,-0.1311827604363549
-0.18106567283240282,0.27412990165773476,-0.4551955744901376,-1.6498312204815786,2.256113640256652,-0.20624640093556657,-0.1272394328275589
-0.21538388554954446,0.32088050570545823,-0.5362643912550027,-2.510138893814999,3.1001093397959543,-0.26586364027038767,-0.0681681473775626
-0.2869805154427503,0.506414332353718,-0.7933948477964683,-2.6394800796892937,3.491711941533013,-0.3167610578154282,-0.05124673624266707
-0.22074101874975427,0.38590376137331783,-0.6066447801230721,-2.5168123320096374,3.570862599263364,-0.24859711638063786,-0.0661737054624415
-0.23030269406576642,0.3103064720983657,-0.5406091661641321,-2.1330673132587386,2.437801604910963,-0.2675841142967056,-0.10050458328124168
-0.20597203167588973,0.2567726654056375,-0.4627446970815272,-3.5719249774670834,3.6889813354273904,-0.20597203167588973,-0.04991716785815192
-0.28737119447375215,0.4488373348763679,-0.73620852935012,-3.081671468102351,3.625560440100072,-0.28849604435217335,-0.11299703755770929
-0.13798092923782557,0.2045335617895674,-0.34251449102739295,-1.6299342730090964,2.2492234794289057,-0.1550341361036499,-0.05716704446284515
-0.15751330908468453,0.5586587207059641,-0.7161720297906486,-2.446851960655839,7.078001030320119,-0.19691556871607618,-0.039706982786727796
-0.12396983314322485,0.20611897859893125,-0.3300888117421561,-1.405809370611226,2.2129442190430937,-0.1615003074890593,-0.06708529680227637
-0.13765615093922634,0.25815316597893245,-0.3958093169181588,-1.2366238080867429,2.205208501866991,-0.15628001348947396,-0.07897754976700166
-0.21866958776259382,0.33930005921276063,-0.5579696469753544,-2.7096171223612333,3.42025658811317,-0.24922089408757675,-0.09435131180979184
-0.17730308859030408,0.16426568579525647,-0.34156877438556055,-2.4252140669257645,2.023793921475833,-0.20233609208306857,-0.09690953802378965
-0.30965681129411304,0.5072098429812029,-0.8168666542753159,-3.4438546548648317,4.0737978598586,-0.31953703342435136,-0.06418234709053894
-0.257353032148239,0.214255326357069,-0.471608358505308,-3.006900064445639,2.1025543826611126,-0.2600589298801601,-0.1104717357532492
-0.34832469409009026,0.6807716923477865,-1.0290963864378768,-4.057972457693731,5.284152423055724,-0.3743123434584157,-0.04826507666512703
-0.18244142551973952,0.21393046228453372,-0.39637188780427324,-2.611466737276175,2.669953460525531,-0.20470144606633833,-0.04826507666512725
-0.18837305188806708,0.10772431428322693,-0.296097366171294,-2.383374489541293,1.2813398616369276,-0.186764659561662,-0.1402647441867838
-0.23737373939610806,0.5561601319987808,-0.7935338713948888,-2.291542004611175,4.122038959380186,-0.2478861845770951,-0.06508202023153598
-0.07466061486587117,0.4333955816893076,-0.5080561965551788,-0.896081892060661,4.760868727659561,-0.13305788188832057,-0.05913875506620059
-0.2144613947950873,0.2493351159459649,-0.4637965107410522,-2.1774003778647706,2.208493385885482,-0.2546004632764942,-0.1034924561519679
-0.289358374039254,0.30941888637965986,-0.5987772604189139,-3.2594322915490497,2.7376932851499927,-0.29580574822720673,-0.09200030360841949
-0.20999199998565343,0.49358803271363594,-0.7035800326992894,-2.5445298386971356,4.7167287363650345,-0.23628161287266913,-0.07288063004922207
-0.19752205451924265,0.506566808351224,-0.7040888628704667,-2.059751518401701,4.228698689147137,-0.2287913265503102,-0.05254939087238486
-0.051812719483503744,0.126294921442885,-0.17810764092638875,-0.4678915201903689,1.3343165169124147,-0.15645174773029336,-0.05696784493633322
-0.21090981468793357,0.1361876766817527,-0.34709749136968626,-2.6999637177127367,1.5671783485620507,-0.23520734424606493,-0.07554403946253296
-0.18481638307197767,0.07522200319337391,-0.2600383862653516,-1.684838824302415,0.7391871117141454,-0.1861046415819212,-0.1038113729066269
-0.3019046979553992,0.648736562386264,-0.9506412603416632,-3.3292854870741024,5.014599377290373,-0.310239355724209,-0.04826507666512703
-0.23261880071589025,0.3113356459650829,-0.5439544466809731,-3.0955156413791407,3.3568220376969617,-0.2563046536193849,-0.10528817884273833
-0.12063860515656599,0.22093353641901214,-0.34157214157557814,-1.3795063431159205,2.364459581722508,-0.15947750820091733,-0.08377658927386888
-0.13555373295033546,0.2607060338572307,-0.39625976680756614,-1.9598053931153736,3.351100588825115,-0.16974554162556998,-0.04113907360247393
-0.2938299388189529,0.48281580135296065,-0.7766457401719136,-3.92563541984692,4.700580671091831,-0.28185021265771726,-0.04817214446162299
-0.031604790469603516,0.09681526994051692,-0.12842006041012044,-0.20095371808239465,0.9615848757477143,-0.16028364975536824,-0.092485373407587
-0.08498758471411538,0.22006013882843445,-0.30504772354254983,-0.7910210865887055,2.088336326584698,-0.13756647538691003,-0.10048850098026918
-0.2717943825692025,0.3802364606599522,-0.6520308432291547,-3.1265837993862995,3.4014629910318934,-0.2680563641855138,-0.06973081950569182
-0.1420895549248251,0.08909549710455611,-0.23118505202938122,-1.7888844998420514,1.114870675597629,-0.17958106492506443,-0.08373475383680407
-0.1577010343929628,0.15091000996934434,-0.30861104436230713,-1.712440833124151,1.5673666027953672,-0.2010394059557543,-0.10755199470770793
-0.22077273731258273,0.5285794560651853,-0.749352193377768,-2.613367478583519,4.824446010357156,-0.24951565803195153,-0.056967844936333445
-0.21491020291097673,0.40594331900050307,-0.6208535219114798,-3.2493236914792143,4.939625588877759,-0.21379339176593515,-0.054335141121554464
-0.23794222110261287,0.17886738744800512,-0.416809608550618,-2.3331594766009154,1.5754162708955763,-0.2515250558421518,-0.15282383000722544
-0.33440978445930514,0.7241768843362086,-1.0585866687955137,-3.305398630975047,4.804802094532172,-0.3374476600945233,-0.04817214446162288
-0.2904444611659842,0.51225285081243,-0.8026973119784142,-4.883324049003081,6.221981122542199,-0.2904444611659842,-0.01228042193331158
-0.13344282306814192,0.20839741020466107,-0.341840233272803,-1.3109162652583275,1.963995211431234,-0.16563273693172742,-0.1166877381435526
-0.23453092443428414,0.4661707165410147,-0.7007016409752989,-2.364884194800492,3.701621843637663,-0.23586825712852078,-0.0862929583575266
-0.2515044442208648,0.5448135860014061,-0.7963180302222709,-2.2169007113667965,3.6899387126072436,-0.30077162147475933,-0.10145676917909896
-0.15021709630981317,0.2254820372057602,-0.3756991335155734,-2.013117624842198,2.7116610933448664,-0.1614900215691335,-0.06418234709053894
-0.17575176789974878,0.562593408885842,-0.7383451767855908,-1.7643647772466797,4.5438957142061085,-0.24556218723672696,-0.05843358052323855
-0.25620307337156467,0.18349677026222055,-0.4396998436337852,-2.9200130624258347,1.7949735734666334,-0.2753555554160033,-0.10349245615196778
-0.22537574577841302,0.2294811179844911,-0.45485686376290413,-2.5260710636909796,2.2166942074627363,-0.24387929640564754,-0.07186639778506432
-0.25897418073196266,0.7204460172176983,-0.979420197949661,-3.17258703952178,6.3656072265084465,-0.2701065856051934,-0.04817214446162277
-0.27310462945366976,0.623710685543049,-0.8968153149967187,-2.5878750453698878,4.324439220258768,-0.30029479802311543,-0.07052087872188229
-0.23921998016018453,0.2969452922932201,-0.5361652724534046,-2.9822354426495643,3.020353833870751,-0.2767981750680173,-0.08808883238165222
-0.17133482615227047,0.43911114871103263,-0.6104459748633031,-1.6958093496867472,3.6502198405919826,-0.1821031955585235,-0.06675952901697502
-0.11724488658841725,0.1564506967755257,-0.27369558336394295,-1.0982445304939257,1.4941682152975724,-0.1714152308227762,-0.12425065929065737
-0.2977509544320337,0.6154574134086774,-0.9132083678407111,-3.2690433852708023,4.8130089476292035,-0.3008751262637379,-0.03424494163732572
-0.28412869404306695,0.4762900870930855,-0.7604187811361525,-2.8365104682211726,3.5841649789649375,-0.2840536444846058,-0.07691351169749983
-0.20277993435898167,0.3494697073562725,-0.5522496417152541,-1.945821624850482,2.839668781158111,-0.200648860517191,-0.07485154405502736
-0.24505151106320144,0.12372983974669993,-0.3687813508099014,-2.358259527565042,1.1224768139378167,-0.27037383230733514,-0.15949498290582753
-0.1838958827667192,0.30719728908851796,-0.49109317185523715,-1.9841147692676324,2.8532285409312417,-0.24689876902521457,-0.09901323069200374
-0.20407227329413524,0.31872315330305545,-0.5227954265971907,-2.363609110127986,3.086022136345414,-0.21872619490819956,-0.07949575436955614
-0.10832328279834158,0.15623193809190106,-0.26455522089024264,-1.030061243980787,1.5233958443674849,-0.1263476731111518,-0.12261294019745195
-0.13642371594659952,0.35029748722295295,-0.4867212031695525,-2.3488899055383774,5.202621447880387,-0.14116281209426806,-0.039428848681204
-0.198637394201979,0.15696199463737437,-0.3555993888393534,-2.3895366306447126,1.7032379840965646,-0.1974088326331489,-0.09671405875257266
-0.21785136672674588,0.052303852868683665,-0.27015521959542954,-2.5195779170227426,0.6236555889416591,-0.2219001428409797,-0.11097489449151654
-0.1687052885826842,0.0028164774898113976,-0.17152176607249559,-1.6100315185241585,0.12400904513002156,-0.20176225393313962,-0.19814770548412952
-0.2382411494918123,0.24127304666575378,-0.4795141961575661,-2.783138262832366,2.368409679364123,-0.24462631062994256,-0.08413763863779833
-0.2040383204462214,0.09436226673195547,-0.29840058717817686,-1.8469104919325403,0.8765546256113523,-0.21447057104088818,-0.191360509918844
-0.3219512877888123,0.15260060425713884,-0.47455189204595116,-3.554045292418243,1.4179205561010866,-0.32649757911650357,-0.1014567691790984
-0.13687909332669257,0.11681846831101494,-0.2536975616377075,-1.3655061872493035,1.1898262908506931,-0.1851625942564773,-0.11900176940774365
-0.18382696554054268,0.1955968855338277,-0.3794238510743704,-2.0783725121885923,1.9983056684803095,-0.20767542513088622,-0.15320551192926057
-0.18765356436292957,0.2666362649731622,-0.45428982933609174,-3.3272378251355796,3.9754695947048675,-0.18874057221426865,-0.038687629864372464
-0.27992324605347685,0.6362874562864136,-0.9162107023398904,-2.5504213533030495,4.212503487250143,-0.30328843009938655,-0.07485154405502759
-0.10187979659342261,0.13756042238147992,-0.23944021897490253,-1.0862674714923386,1.4986455526127476,-0.14002043598804714,-0.08621275744498347
-0.172694953691524,0.17100480695947695,-0.34369976065100094,-2.0600076762526105,1.8770646713502868,-0.18572938874546752,-0.08603673850582905
-0.23703325634351524,0.2695458677658742,-0.5065791241093894,-2.466421299902348,2.3697311639144827,-0.260952501341585,-0.10812512287357912
-0.1877157066940025,0.33592634425576917,-0.5236420509497717,-1.7693829976235629,2.7461450176699147,-0.21278334522456088,-0.09869320505008483
-0.1959711616845099,0.2588566246993169,-0.4548277863838268,-2.0747458110588552,2.397856624960927,-0.1971887627521507,-0.09036273761357849
-0.26624231607937665,0.4344233212280537,-0.7006656373074304,-2.48044506780605,3.161746618816926,-0.2935260350611981,-0.05873065725989213
-0.24127047234697374,0.26126706076786443,-0.5025375331148382,-3.6036472722689,3.1916079347427693,-0.24051936369739835,-0.0681178371293214
-0.1427805091766141,0.22339708737114572,-0.36617759654775983,-1.9447471159121608,2.7372229698383146,-0.17300932789800427,-0.08805875449383782
-0.16497080149091703,0.05748858080025765,-0.22245938229117468,-2.0678443936327744,0.7409850649063422,-0.15954304628226068,-0.14366597718884366
-0.22484622399900356,0.4793887292405665,-0.7042349532395701,-2.9163183354840205,4.851348585952819,-0.2243530123842178,-0.07485154405502747
-0.21155125992167856,0.5571134931064861,-0.7686647530281646,-2.0083702688057907,4.15380891786997,-0.22274527662809596,-0.07257133106330416
-0.2450013958805386,0.41822492189759686,-0.6632263177781355,-2.8984566746128384,3.85005585082362,-0.24643889055271917,-0.06418234709053894
-0.1909260563168358,0.25150668950221733,-0.4424327458190531,-1.7403440862919797,2.076262920700214,-0.234316245353688,-0.09369636707744677
-0.24072862044291587,0.008589815465739337,-0.2493184359086552,-2.326711360892135,0.17887331164020778,-0.2561414536645422,-0.14791560616190413
-0.19507171848017157,-0.08355371110046939,-0.11151800737970219,-2.536235761380073,-0.9734132922121667,-0.1961197517071832,-0.18215135718480635
-0.18089716334533856,0.2920031068495885,-0.4729002701949271,-1.6722342276262137,2.407206057703775,-0.2319592818278957,-0.07999755035667766
-0.11218932006465243,0.27431522504966743,-0.38650454511431986,-1.2838264164314672,2.9025616585276897,-0.14372438836749335,-0.05217309035055906
-0.22468998218288727,0.057275744995167965,-0.28196572717805524,-3.1005072140817234,0.7626036878617577,-0.24240957463285373,-0.10159271813908932
-0.29426291137706806,0.4349968765638714,-0.7292597879409395,-2.9659591937028207,3.309571002673938,-0.3050575238408828,-0.0854563376431372
-0.14123412531970425,0.23903368189709706,-0.3802678072168013,-1.5001946279780114,2.3529890589752194,-0.1919145055074427,-0.05696784493633322
-0.3294373038020959,0.49907925805724584,-0.8285165618593417,-3.397185244241736,3.676237770056976,-0.3180616339514716,-0.07485154405502759
-0.22886965237254686,0.05706936413522601,-0.28593901650777287,-2.603056749962328,0.6588181687646791,-0.24522105311614506,-0.13621592032539553
-0.20772461016328636,0.33176706792899835,-0.5394916780922847,-2.0396299977851706,2.765132527666102,-0.2107401464693609,-0.1334696250275702
-0.17263498377353026,0.32494144934696334,-0.4975764331204936,-1.8784025486791023,3.0532948061152267,-0.20919887793201686,-0.0734991038285121
-0.2532473900235376,0.36355477925052515,-0.6168021692740627,-3.1739506107913034,3.595186689719686,-0.2907079790799263,-0.08008623332706444
-0.280625102838962,0.69707491615347,-0.977700018992432,-3.0762337686511243,5.397591069667898,-0.295996933434839,-0.0562875498510933
-0.22720059049593389,0.4244750586746435,-0.6516756491705774,-2.115852082571154,3.2094890580446296,-0.23905302959750874,-0.10503824713445875
-0.266556755317254,0.0472043470733452,-0.3137611023905992,-3.594052607378471,0.6200486584130248,-0.2965699699819152,-0.14639835374419663
-0.25521435583567575,0.2970962441363807,-0.5523105999720564,-3.590484657583536,3.327784643119327,-0.26250352358969486,-0.07485154405502747
-0.2007970883228506,0.3816221501678718,-0.5824192384907224,-2.672310429593764,4.154638553382879,-0.19841800736182036,-0.04826507666512725
-0.19514236580541833,0.4487846409107885,-0.6439270067162068,-1.7268641500290796,3.29797099487865,-0.22723865332649296,-0.07485154405502747
-0.24441209039029788,0.18822939466626853,-0.4326414850565664,-3.1567626039204373,2.0624944702803805,-0.24407759023848352,-0.08077912284053379
-0.251485771202961,0.4321379173581881,-0.6836236885611491,-2.74861623408736,3.6813690879981045,-0.25140729946941665,-0.06859121933370305
-0.3079122492409495,0.8024553284584879,-1.1103675776994373,-2.878284964750225,5.08298494115377,-0.3198574404224023,-0.04826507666512714
-0.29013836533687853,0.40866878867101675,-0.6988071540078953,-3.0494607352161305,3.2769830532851323,-0.28839303092723234,-0.07084284397758822
-0.23575674710058325,0.42039582414207666,-0.6561525712426599,-2.3257951234825263,3.3172385361996906,-0.2549899122042555,-0.12280239295168649
-0.17014222980918325,0.24461710603065456,-0.4147593358398378,-1.9049840368183728,2.445706635025215,-0.2212618737576878,-0.08962789660778991
-0.28242191920781634,0.37373335443171607,-0.6561552736395324,-3.481138814888532,3.531921042359629,-0.2922154881550759,-0.07485154405502747
-0.2258063957301143,0.335466303390187,-0.5612726991203013,-2.363274996767673,2.910614111151875,-0.26351313182701885,-0.06475369043651413
-0.29207306762735774,0.4009795190427967,-0.6930525866701545,-3.8770029200508236,3.986369909896114,-0.281216733604401,-0.04817214446162288
-0.2269141984646973,0.4349619480489215,-0.6618761465136188,-2.5204645876236293,3.837716252101768,-0.2768849721554063,-0.07116462182159322
-0.2106316764566235,0.27032711407094046,-0.48095879052756396,-2.683284762435109,2.9097901072960384,-0.23644750504674117,-0.0964143207862227
-0.23734700883252857,0.2804456074573205,-0.5177926162898491,-3.9923528492510316,3.7861829872439268,-0.23686175116503005,-0.05410665097277967
-0.22543392614713242,0.43880709065031986,-0.6642410167974523,-3.099147943485585,4.749091000948895,-0.24670728229225147,-0.02933286777496169
-0.17349899041204386,0.11597137251841194,-0.2894703629304558,-2.045239298464704,1.3108383072070282,-0.20416526025829973,-0.11481982804822721
-0.20047660711797155,0.36518095925364547,-0.565657566371617,-1.9150958885780085,2.9564509064567623,-0.23928340533952397,-0.05289757895304448
-0.06960620068604428,0.1475458803364078,-0.2171520810224521,-1.0576921185605024,2.2082390635992257,-0.10677731058347306,-0.06243928008101762
-0.2557348422981879,0.5903474785062077,-0.8460823208043956,-2.90420139809654,4.964342542741944,-0.2694533072084839,-0.06289727185093053
-0.24737529291670313,0.10030776890928883,-0.34768306182599196,-2.396927475696741,0.9395380328236365,-0.27670236587277597,-0.2097284671290508
-0.1779744419327729,0.43100958761733454,-0.6089840295501074,-1.896708562772007,3.815922542238077,-0.21877603377088095,-0.05254939087238497
-0.2817838079023174,0.7235077271104697,-1.0052915350127871,-2.8102186102632416,5.107698518238952,-0.2870791565416848,-0.04826507666512714
-0.219111561588472,0.23074727824539676,-0.44985883983386876,-2.6264233408956237,2.3626150169435873,-0.22034562242484057,-0.06418234709053894
-0.20491278267636692,0.4639387894124771,-0.668851572088844,-2.1361449166841897,3.893902762602256,-0.2104796194765126,-0.04826507666512703
-0.23737101132551963,0.4752057193025623,-0.7125767306280819,-2.7950916959797665,4.352692904800751,-0.2457875016452603,-0.048265076665126916
-0.30081591622030746,0.44625609550705425,-0.7470720117273617,-3.88612126133577,4.219687635708567,-0.3106765370443556,-0.08493386576245443
-0.2385060001901841,0.40094053528887597,-0.63944653547906,-2.8265246809988884,3.7710973649501622,-0.23913651948720538,-0.05421875149760769
-0.23611776892644265,0.3752183600609391,-0.6113361289873818,-2.6920458384779646,3.4169676743174917,-0.2750175165159444,-0.04817214446162288
-0.3436239331440545,0.6344805791816597,-0.9781045123257142,-3.8309271865230894,4.788050127538348,-0.3416700215890329,-0.06814796555325986
-0.2745927766793129,0.057347288192352686,-0.3319400648716656,-3.7471354131003576,0.7323759843767746,-0.27648567806227153,-0.17775523022031992
-0.16182345696790135,0.3559811636060428,-0.5178046205739442,-1.7463591206345597,3.3101234587058093,-0.21516246171712416,-0.04826507666512703
-0.24838012920199293,0.5728767488029265,-0.8212568780049194,-2.5019363306154103,4.363330926539982,-0.26523147223162247,-0.07424037356977475
-0.18837588282188056,0.201390254775897,-0.38976613759777756,-1.6700916981730267,1.6821091187853792,-0.23576700454166188,-0.1228284127228344
-0.262989055737027,0.6119533879124872,-0.8749424436495142,-2.8856722742697714,4.923517329767612,-0.2819668013705511,-0.04826507666512714
-0.2100257084887689,0.3083405027482522,-0.5183662112370211,-2.1753223038151663,2.7080407460673386,-0.22242349928439353,-0.11291048821961724
-0.22616878524436357,0.26232934242243333,-0.4884981276667969,-3.6437635836405082,3.474982649393187,-0.22567641514333636,-0.04817214446162266
-0.24043673300855373,0.43423663982015115,-0.6746733728287049,-2.0650350800528097,3.023224690387493,-0.26424921622001785,-0.12526644947520793
-0.13554025393554137,0.10453206642638024,-0.2400723203619216,-1.8710351551225048,1.3977432640909557,-0.14211260388553437,-0.12356008252241868
-0.14212982742782143,-0.02462540007870595,-0.11750442734911548,-1.6270146507539265,-0.19613804032709029,-0.1666835975009111,-0.18472913305165872
-0.1517350663788799,0.2702052344764614,-0.4219403008553413,-1.3260812089759426,2.202518087731708,-0.175070749593484,-0.10530442815395302
-0.1428484615245298,-0.005570516948451343,-0.13727794457607845,-1.2294366857330659,0.055641230595491094,-0.1760765633265241,-0.25374604560546077
-0.12774343314123116,0.09743865503725346,-0.22518208817848462,-1.391129057935456,1.0878179339299368,-0.19767425360634627,-0.1486009637404886
-0.20252947422187295,0.14090772166804855,-0.3434371958899215,-1.9534127136957522,1.295053707959448,-0.20990637386710342,-0.1503850076712243
-0.27200895240966283,0.5700032994432649,-0.8420122518529277,-3.602110492914848,5.514797748559073,-0.28126986591369796,-0.030663156740407538
-0.272222367490495,0.4146254632912214,-0.6868478307817164,-3.6055188667485316,4.164615903255546,-0.292518265395201,-0.024060843618332606
-0.32154027706855937,0.3983550149345738,-0.7198952920031332,-3.230753775712614,3.0051990837897904,-0.29597981521746464,-0.09250586798136295
-0.07308326974530177,0.12927950135134725,-0.20236277109664902,-0.7778750455296725,1.4663012984151265,-0.172136929928148,-0.10629873963830139
-0.1440432644124846,0.3313279143498611,-0.4753711787623457,-1.5756890078813954,3.1981106881220014,-0.2027322078144035,-0.09963474082971446
-0.19391983805479052,0.14869003071424824,-0.34260986876903876,-2.697909240028403,1.8591568453943614,-0.19287487453296726,-0.11392130417607438
-0.24709940270527986,0.41082163664403915,-0.657921039349319,-2.485531627289768,3.283711067649668,-0.2533686426753051,-0.09083682202434518
-0.1848819979821288,0.32630762012584325,-0.511189618107972,-1.82525142310599,2.792204067905003,-0.2228892325386388,-0.06924803770224952
-0.11281735874020549,0.16272021444252882,-0.2755375731827343,-1.2884571586420774,1.8168266922102685,-0.1344964962864812,-0.06011430488791902
-0.21273287078788206,0.39691800038156355,-0.6096508711694456,-3.7474763140348757,5.650213896975212,-0.2149667973517665,-0.04058613971460279
-0.29782829975535186,0.6127713835850035,-0.9105996833403553,-3.4726584957570568,5.04291786413482,-0.298121322516934,-0.04817214446162277
-0.12325382156534492,0.1752040427084549,-0.29845786427379983,-1.220406551665935,1.7159782105570636,-0.17630272805960245,-0.07793862329425305
-0.18251303884543113,0.0466348994164123,-0.22914793826184343,-2.431092249033515,0.637938237433456,-0.2335364410346239,-0.083776589273869
-0.1902378096852929,0.4772316201671687,-0.6674694298524616,-1.8741235602134976,3.8297397123493795,-0.19467044029634462,-0.10309404648610598
-0.23269163752309574,0.3384293090438204,-0.5711209465669161,-2.700801091386645,3.1896858722723236,-0.23627218361890745,-0.07097964096098419
-0.2749069986684366,0.5782859847276218,-0.8531929833960584,-3.803691401183747,5.811216333579889,-0.28199013501566805,-0.036695321596173947
-0.21262927227935335,0.39960725000519126,-0.6122365222845446,-2.350380107873696,3.5940468570921835,-0.21256473446753366,-0.0647778746339207
-0.21723452872437743,0.09947675106323617,-0.3167112797876136,-3.1223582504589644,1.3020159914470313,-0.23701293840116322,-0.09248453186472394
-0.25000602499853486,0.3589171594588263,-0.6089231844573612,-2.5892137720316395,2.986819964436119,-0.2893770505044324,-0.09419807524487755
-0.23954709914152827,0.49988980943256256,-0.7394369085740908,-2.39232250629789,3.885859638478051,-0.2429704199986097,-0.05545297008924932
-0.14426148266413108,0.2607095008535658,-0.4049709835176969,-1.5559019291872285,2.5595709793152293,-0.2276653321504628,-0.08948060522667978
-0.20798844665994243,0.26728381819213376,-0.4752722648520762,-2.019779856513721,2.2712666412586042,-0.23398831231728312,-0.079720974215019
-0.11688064117361074,0.4209535425332922,-0.537834183706903,-1.5269289006985456,4.780665141575476,-0.12901783243472975,-0.04826507666512703
-0.33232859123222613,0.7424202321250177,-1.0747488233572438,-3.443863252065761,5.137601528441233,-0.3337323641637362,-0.07186639778506476
-0.12029694631479915,-0.013731692620118086,-0.10656525369468106,-1.5997241663896404,-0.11113054321543842,-0.15100129672725204,-0.08880383700081862
-0.0571365917336516,-0.0917021872442384,0.0345655955105868,-0.4216966747801966,-0.7583750226268049,-0.11455128694178018,-0.22680649191788338
-0.017900554585700945,0.15338143831636164,-0.17128199290206259,-0.08640507577063078,1.5144953127483645,-0.10559200979962402,-0.09306073211686272
-0.2255988724053063,0.36367556204646934,-0.5892744344517756,-2.78790030519221,3.6170522506447798,-0.21867983619881026,-0.0944029367971585
-0.17586893382972857,0.137106443820729,-0.3129753776504576,-1.9313219239811121,1.4370527985990909,-0.17341564631003636,-0.13976253099660552
-0.2671204830219127,0.5887981036795227,-0.8559185867014354,-3.0023979738036797,4.856543001073154,-0.2715938074637979,-0.056657147846552625
-0.1454694882819213,0.20606511378626546,-0.35153460206818676,-1.4585949274927665,1.954531258655481,-0.17562808363612703,-0.10387670096033474
-0.05953396936567523,-0.08479746114238085,0.025263491776705616,-0.652385438031015,-0.9811086110753621,-0.1357849302560682,-0.1232881380394486
-0.2531001279326759,0.15223237972614867,-0.40533250765882456,-2.6760423831874225,1.436398652630052,-0.2525244597651717,-0.13958282447152648
-0.3155247654236164,0.6549471457339961,-0.9704719111576126,-3.3145757793149304,4.766834645217846,-0.3218927626107624,-0.08240678354479491
-0.29832017219181683,0.8285929425673757,-1.1269131147591924,-2.885908251189071,5.435011428617437,-0.30680861585052,-0.04826507666512703
-0.34786860349920123,0.5957173118712136,-0.9435859153704148,-3.621520336815786,4.231380013789224,-0.36893499461686863,-0.08502280592756029
-0.23984011955959328,0.6550363188896808,-0.8948764384492741,-2.929513739750194,5.945330784329048,-0.22984403309828172,-0.048265076665126916
-0.21691650128829398,0.5512221077324304,-0.7681386090207244,-2.8734725455847854,5.619597020891905,-0.2286160514195531,-0.07655189112032212
-0.23079269400777314,0.4708703603623339,-0.701663054370107,-2.418695272657012,3.8831195250780195,-0.2551865395741073,-0.05254939087238508
-0.23157887710895286,0.28109536534322643,-0.5126742424521793,-2.9068675145361764,2.9061021303556,-0.23185513303184324,-0.07614790461195065
-0.26725989502103753,0.5227173626709809,-0.7899772576920184,-3.922365759599989,5.68013850698391,-0.2796313225289697,-0.025130591359062593
-0.19066087162977396,0.277658670717313,-0.46831954234708695,-2.5029144167937476,3.110855022212496,-0.21317537049875168,-0.05546603380124415
-0.1669185048748375,0.3781690748563069,-0.5450875797311444,-2.112747519063129,4.033063244776786,-0.18595845564548363,-0.06394447192435626
-0.19449491535100838,0.12504411540161064,-0.319539030752619,-2.745960986518472,1.6032309769745867,-0.22959673303994832,-0.1654611323983426
-0.10176893762511885,0.13711281702449596,-0.2388817546496148,-1.060725719939206,1.464759102423988,-0.13253797521080735,-0.08862046123389666
-0.13507446025128655,0.2611709672950733,-0.39624542754635983,-1.4358183378324576,2.5487543010580445,-0.20474676475525322,-0.07457421318874413
-0.22370565279857146,0.4881322074626855,-0.711837860261257,-2.3672561021127074,4.0714295325646335,-0.23236130164344226,-0.11501879809920068
-0.24202794550859907,0.18343909348736687,-0.42546703899596594,-2.957258484718844,1.933294945256241,-0.240522594362503,-0.08904098166696539
-0.24992906566312056,0.3125317013109399,-0.5624607669740604,-3.8536249325443874,3.795329203382905,-0.26320708849286356,-0.030552385970031293
-0.25920195599600726,0.529342496393844,-0.7885444523898513,-2.9852367307359886,4.561920632100497,-0.27925167644857984,-0.044138975206925224
-0.16550756991393478,0.18666899520745583,-0.3521765651213906,-2.3317965982901634,2.3581392131729135,-0.20746592742092362,-0.09611129604697577
-0.2792042433657418,0.33758818920980405,-0.6167924325755458,-3.4980949143524063,3.280654336627358,-0.2798886681833507,-0.0911528535382623
-0.20633602896635084,0.27373323779486647,-0.4800692667612173,-3.1085823606375738,3.4321812542985417,-0.22337585107392954,-0.08377658927386888
-0.18950754867827002,0.3099399458147596,-0.4994474944930296,-1.858293018848302,2.634093661861803,-0.22761193153620163,-0.083776589273869
-0.14183068467764237,-0.08944484029372712,-0.05238584438391525,-1.6178066450207291,-0.9616196488274518,-0.186498501748246,-0.1939299847630156
-0.219325526897429,0.35481738279940767,-0.5741429096968367,-2.475625025805841,3.283541960501161,-0.22348395897923234,-0.04826507666512703
-0.26052281667635957,0.33606980147274146,-0.596592618149101,-3.2597550998274776,3.3341460989302667,-0.25610597587275596,-0.04826507666512714
-0.2593390358071934,0.6064959881754655,-0.8658350239826589,-2.838696585231352,4.89574934842889,-0.2678635121023911,-0.05377551570526051
-0.1794878462981373,0.17632978642730546,-0.35581763272544276,-1.9129456414553914,1.7447220494636997,-0.20501658448318194,-0.13698212402303422
-0.26164221986130665,0.21156876712709916,-0.4732109869884058,-2.568016296450825,1.7964126394898907,-0.25774618465968857,-0.1098833217888302
-0.16252235024162665,0.05201747731872031,-0.21453982756034695,-2.408290237362692,0.7700936915988615,-0.2031725064181007,-0.09883095982522017
-0.21530563045286133,0.32356831344489434,-0.5388739438977557,-2.1458392646514177,2.7269815696505835,-0.23583745280356727,-0.07982688644594338
-0.11373348811792494,0.0838215687412176,-0.19755505685914254,-1.049672448394769,0.8638741503073721,-0.15180162081048343,-0.09682415540494371
-0.22524006352053327,0.44845804707723036,-0.6736981105977636,-2.4651119780183226,3.8943462172476027,-0.22621035728337202,-0.05545611959078123
-0.19239540248688503,0.2707971474026898,-0.4631925498895748,-1.9727364588815788,2.427348375509159,-0.20776338446130127,-0.07624580747084098
-0.1257154935288951,0.33032735859664775,-0.45604285212554285,-1.8286683058214352,4.212660162822384,-0.14415398819619463,-0.07594381460169963
-0.2348010129815834,0.84971780444831,-1.0845188174298934,-2.4936466230774728,6.461374775848301,-0.26588915669182245,-0.04826507666512714
-0.1645491780955759,-0.03346868410107062,-0.13108049399450528,-1.9120281657975566,-0.29442550320845523,-0.21822764664930128,-0.14625374103196864
-0.1854001595619107,0.26867143006356997,-0.45407158962548066,-1.9311448812935934,2.461824888425943,-0.23173832136062145,-0.1028525264234974
-0.25835475109576467,0.41241128172627306,-0.6707660328220377,-2.6415329699532757,3.305977696792426,-0.3000092322117439,-0.06698507609011128
-0.248401949277001,0.1838806601903218,-0.4322826094673228,-3.1726629710475693,1.996833571831478,-0.2542767776409902,-0.08162292394434967
-0.14298957547411373,0.3558052454043841,-0.4987948208784978,-1.5271783192203914,3.3371146667098968,-0.1708655397577159,-0.05449069771505566
-0.17225356020590588,0.31796253092368376,-0.49021609112958964,-1.4005617318901422,2.3564106060661056,-0.18401404474907246,-0.11397216723361703
-0.09791988592285394,0.25887966282306385,-0.3567995487459178,-1.2513272529103154,3.081937807362102,-0.10673193683549653,-0.07979138611195313
-0.2510316065150703,0.4146232803796537,-0.665654886894724,-2.804620416756436,3.6208411021659304,-0.2521151674826593,-0.06663795258598593
-0.2120869321322878,0.5767670856208829,-0.7888540177531707,-2.57419726548144,5.411119827175616,-0.24353066746239826,-0.06310489101400807
-0.18071662710794756,0.2509837373309358,-0.4317003644388834,-1.8217749342964056,2.2743027226917554,-0.2217941654498009,-0.12875159417698978
0.05099361801321156,-0.022091539977922903,0.07308515799113446,0.7960996429298426,-0.26872901346445965,-0.06238485433599539,-0.10105982704910266
-0.3155255332272823,0.6804958557040643,-0.9960213889313466,-3.225148131664789,4.791865217651655,-0.3292571403979029,-0.09036273761357894
-0.3397172600614453,0.5677990137314992,-0.9075162737929445,-3.7683855099162793,4.344888045686517,-0.355437438509727,-0.06418234709053894
-0.1807052809796551,0.3545201241710729,-0.535225405150728,-2.495692308583791,4.081692571883466,-0.21192965236858008,-0.05158250281752219
-0.2511083604602482,0.4239869177533224,-0.6750952782135706,-2.4370703182609312,3.260673733663695,-0.2647752379455338,-0.06418234709053905
-0.19649192663162884,0.1971559908762195,-0.39364791750784833,-1.8236466486857252,1.6968021038915235,-0.21251989854084452,-0.11718288867006188
-0.12140898426962354,0.010970027658459003,-0.13237901192808255,-1.430697230358733,0.2057103342769269,-0.17842032198967162,-0.09449631024279648
-0.2273093619508596,0.5111827043739461,-0.7384920663248057,-1.9467037432906906,3.4887130701096463,-0.23114825889694335,-0.1077425072862368
-0.2388446025243921,0.006275520257555733,-0.24512012278194784,-2.783670382158374,0.1527517373212843,-0.25314417979897785,-0.18041874806179348
-0.3024393295696054,1.1881242271782089,-1.4905635567478144,-2.7176030869933707,6.7427154386316435,-0.3094170887791816,-0.05665559319812841
-0.2588724150921058,0.23705546892479012,-0.4959278840168959,-2.614238439728165,2.023879469551592,-0.2978939027043156,-0.11155041397858168
-0.23904889063815715,0.06416039289327524,-0.3032092835314324,-2.9510245242103688,0.7708467141741338,-0.26082866475026056,-0.10353296836679593
-0.12069991978528638,0.055510644501822304,-0.17621056428710868,-1.6131045495629335,0.7801722526029784,-0.19908437023651382,-0.1096309511086685
-0.23386008440800865,0.3654044555538263,-0.5992645399618349,-3.3787120268299953,4.190928536571825,-0.23774634805372807,-0.04826507666512714
-0.18812414377495512,0.40351597917348614,-0.5916401229484413,-2.1089433423873634,3.745053463994164,-0.20597583480714599,-0.05057777270269315
-0.3014070123592134,0.5261011053770737,-0.8275081177362871,-3.9655204535702593,4.953231749850232,-0.30671830372736464,-0.04379434845908403
-0.10136031131752188,0.38184532058448806,-0.48320563190200994,-1.0788583414473822,3.7142291822235447,-0.13039283862092277,-0.06394447192435615
-0.2941524224285875,0.5883374750821049,-0.8824898975106924,-3.319482810810327,4.775705682320126,-0.2943337253488941,-0.04826507666512703
-0.2269164825328498,0.4640539939210928,-0.6909704764539426,-2.2121331920323493,3.587707957672548,-0.25777142103559114,-0.04826507666512714
-0.16561730487922077,0.37755606522367824,-0.543173370102899,-1.8181143107276303,3.531042531075487,-0.1888840852234921,-0.054926185923068305
-0.21216567403458786,0.21683003791847866,-0.4289957119530665,-3.2424747471883317,2.7961765112349837,-0.216003841284505,-0.09852308359876871
-0.19118250018186922,0.32565710291209915,-0.5168396030939684,-2.2372074184834654,3.221009125057619,-0.21272380780608469,-0.06566358794373561
-0.23864927732214292,0.21633575185599496,-0.4549850291781379,-2.916352530118649,2.23721883510515,-0.2842253777896532,-0.1899812039372487
-0.1917989506606822,0.25562959587600886,-0.44742854653669106,-1.9851464400841643,2.333319839308647,-0.2070608891440655,-0.13526884164338904
-0.275444308795447,0.25036629984399394,-0.525810608639441,-2.9888930890394034,2.230679289490579,-0.2659167495474777,-0.1254435826639222
-0.16682993024069215,-0.10130606521226126,-0.06552386502843088,-2.05118608311042,-1.174454320857096,-0.19669434143437425,-0.14665242048651295
-0.21917823356369526,0.16656329719383822,-0.3857415307575335,-3.0616509728624495,2.023359530089714,-0.21916725178989416,-0.10551805218632204
-0.22965230707533457,0.4221597816835603,-0.6518120887588948,-2.303576723185805,3.3946478128189748,-0.2353682012382482,-0.09684577587836207
-0.21417742616048008,0.5290073414793428,-0.7431847676398229,-2.5315135888516833,4.872419489432681,-0.22641996500946138,-0.08501951501207283
-0.20065057441644718,0.39973892844550507,-0.6003895028619523,-2.7927912354353315,4.502566419432763,-0.1915089615144353,-0.0545574305880836
-0.11781621370499051,0.15224323196860778,-0.2700594456735983,-1.0400100181482124,1.3950958785491387,-0.1763003886909782,-0.10329104927684296
-0.10596304090728348,0.06662621041768069,-0.17258925132496417,-1.0130531362535637,0.7303717857774372,-0.1340249684706194,-0.10434629232278436
-0.15281765469910547,0.1529748827291677,-0.30579253742827317,-1.643166127666784,1.5834504110505485,-0.1879872429689069,-0.11595259942969494
-0.19283854564600367,0.11374303035025934,-0.306581575996263,-2.1003691564491573,1.1896555834200362,-0.23517604929882152,-0.10244168159380551
-0.19196635570161347,0.24209871478059397,-0.43406507048220744,-1.8006393452752674,2.0542014995730633,-0.212258662979406,-0.11058346444647893
-0.3003124693710063,0.7989119138281477,-1.0992243831991542,-3.1953244135335774,5.784171772988037,-0.3086470001933057,-0.04826507666512703
-0.17936829285734812,0.2387830173127954,-0.4181513101701435,-1.7652141701384003,2.132085461580572,-0.19136958138428395,-0.09612170494014627
-0.240592845079859,0.4567707904696041,-0.6973636355494631,-3.53921427859615,5.174638702487905,-0.24155159472657195,-0.03983086018165327
-0.2002402614225779,0.3223126477335403,-0.5225529091561182,-2.638456750827697,3.5306234932521368,-0.24180888952137947,-0.06394447192435626
-0.24779902549677735,0.4096646530701684,-0.6574636785669458,-2.945504961199232,3.819470279239969,-0.25557478041898707,-0.07768985093854064
-0.3078654365409951,0.6182871314245242,-0.9261525679655193,-2.9418389202144053,4.19687222953757,-0.31665061993089927,-0.07257088859704486
-0.12400313608485647,0.3988396210975247,-0.5228427571823812,-1.3653591840157644,3.8534488733613945,-0.16705199850333008,-0.05254939087238508
-0.08065008561310683,0.31190163047566255,-0.3925517160887694,-0.7095449897573661,2.738829857907477,-0.157008562814127,-0.08810182659756793
-0.30395191914291597,0.7053484224689217,-1.0093003416118376,-3.1383900655960044,5.051051430562408,-0.30087526618213445,-0.06757800117283397
-0.17449283044436226,0.3054886017466454,-0.47998143219100764,-2.0221894279799315,3.041319112901368,-0.20070631439043773,-0.08608232987406239
-0.17884938186485777,0.16253307130722794,-0.3413824531720857,-1.8910758624638146,1.6048894848370872,-0.2486091429294699,-0.12718836316824322
-0.2496105625895073,0.5857545946376896,-0.835365157227197,-3.79867116068643,6.639552091288769,-0.27401564675489465,-0.024060843618332606
-0.1963571535186759,0.29707794786382147,-0.49343510138249735,-1.8164354819718405,2.4108878260845064,-0.2261342096822504,-0.07485154405502759
-0.20001998017956024,0.3205318202584351,-0.5205518004379953,-3.1447326640538784,4.128443070714698,-0.19843466844471735,-0.04219304782862443
-0.2671248337101677,0.5187038177677388,-0.7858286514779065,-3.379880729763894,4.854917239492785,-0.282780220988334,-0.08588578424976279
-0.29499874087896716,0.6562080154624876,-0.9512067563414548,-3.144558608967079,4.934626860751421,-0.31315224954944254,-0.04826507666512714
-0.27751012754188475,0.7428562308378486,-1.0203663583797333,-2.947158099915938,5.536197615380502,-0.30127680748893093,-0.04826507666512714
-0.19487404225752736,0.3808550712217189,-0.5757291134792463,-2.439304432458521,3.90822361592993,-0.22485809873265683,-0.05716704446284515
-0.09038086657964339,0.2478597759841754,-0.3382406425638188,-0.9680158792744549,2.569318915028332,-0.13246234152313652,-0.08585233142792092
-0.10683169575767537,0.08527035506337888,-0.19210205082105425,-1.388583808378693,1.1354586275884757,-0.16791269272251974,-0.09153164716221296
-0.1873815846168323,0.15147668427038252,-0.3388582688872148,-2.0628155187249737,1.555519803557063,-0.19465521637218086,-0.11309240223908801
-0.21434381686998683,0.3929738043006097,-0.6073176211705965,-2.6700102814819155,3.936310446326851,-0.22221689590034777,-0.05011864102792207
-0.19159762408912828,0.27666580961532383,-0.4682634337044521,-2.1998427623088386,2.729375863199712,-0.2135413392616875,-0.083776589273869
-0.36095559045968784,0.7347597286609655,-1.0957153191206532,-3.897360283323627,5.154268560645392,-0.37040801183077443,-0.04826507666512714
-0.16140242564882168,0.10290324438765097,-0.26430567003647265,-2.322073250215395,1.399396585144293,-0.20328858259372418,-0.08151552950795682
-0.23039443100512091,0.39970572378896585,-0.6301001547940868,-2.0506688156152535,2.924877311764387,-0.25913230902966233,-0.07730017188993299
-0.32904836573425056,0.6107249360784424,-0.9397733018126929,-3.663046305447215,4.671240911864012,-0.3646259808826975,-0.06263313420085481
-0.19358942257724732,0.48720856441444726,-0.6807979869916946,-1.614282802607677,3.3707604847171564,-0.19469791334854025,-0.07460221246557674
-0.3020616142302135,0.3935734599246339,-0.6956350741548474,-3.8914805226502285,3.792330953451564,-0.3430616767061415,-0.05254939087238486
-0.22943002537790091,0.26535396377034814,-0.49478398914824906,-3.152379048716858,3.000873340210654,-0.24953042924379465,-0.083776589273869
-0.21522907398264757,0.2563984677215776,-0.47162754170422516,-2.726973125046275,2.7327746612514585,-0.23265651899863782,-0.07533801896893577
-0.24668014716985076,0.21680875346898087,-0.46348890063883164,-2.999724193035439,2.212933176477409,-0.2536486366317847,-0.053448359859390115
-0.2262055115279069,0.2583888323081198,-0.48459434383602673,-3.012184855705358,2.8581424414116703,-0.22619462858841133,-0.08377658927386888
-0.22717923835512288,0.25340527558068326,-0.48058451393580615,-2.169737613045398,2.104312956335833,-0.2621474632951948,-0.08741116402273774
-0.241534958041972,0.2159510615069522,-0.4574860195489242,-2.6216103805616378,2.0168122765051155,-0.2441507026480061,-0.06520197128844807
-0.28793907278076036,0.38472633476026874,-0.6726654075410291,-3.7028814880396927,3.730300996923927,-0.3150774568841628,-0.07485154405502725
-0.2394313179738402,0.5513738949129234,-0.7908052128867636,-2.1281385420005665,3.7804245426245697,-0.3066988184566013,-0.0654200036973015
-0.24112604497535084,0.3884589778748915,-0.6295850228502423,-3.1346398255168397,3.989632001846329,-0.24575803336181756,-0.06643642678295392
-0.1684815751406178,0.5355257577260257,-0.7040073328666435,-1.7482452494704934,4.51918702839256,-0.20849004874312027,-0.05696784493633378
-0.1623019194632337,0.2250818850177081,-0.3873838044809418,-1.743760982899538,2.199952607350636,-0.16820472985688517,-0.10872370941648857
-0.30402102462120295,0.4267636855134074,-0.7307847101346103,-3.517305365896408,3.6641998091891947,-0.30433454248302816,-0.09475653361255754
-0.2376255460808936,0.34241900871383657,-0.5800445547947302,-3.782957330987751,4.3138169084812485,-0.23617662282757368,-0.04817214446162288
-0.2546639681520255,0.3305337545873386,-0.5851977227393641,-2.4060669094170866,2.569202137391863,-0.2735962370689735,-0.07203237297572229
-0.26409440895462366,0.45645602476414027,-0.7205504337187639,-2.9634098279476135,3.9228559151719407,-0.2672256276380459,-0.04826507666512714
-0.14282920255258658,0.2607315781012267,-0.4035607806538133,-1.3774790305392142,2.334769353745987,-0.1866284978526933,-0.08414584489987464
-0.2241277006348904,0.3950559960361433,-0.6191836966710337,-2.6446238332829615,3.7430946836162353,-0.25612522945439653,-0.049935669433066265
-0.18373530909857616,0.17212959981253206,-0.3558649089111082,-1.93985043073042,1.685786791614387,-0.23763523226868166,-0.16279443227000834
-0.3214301662627803,0.5881949837699567,-0.909625150032737,-3.457706042940148,4.436528489279711,-0.3532319204636096,-0.04826507666512714
-0.2527683995807618,0.4117865888288932,-0.664554988409655,-2.619505106083032,3.3584140386612873,-0.2524822178491063,-0.07186639778506432
-0.2910800173822373,0.5080200386170828,-0.7991000559993201,-3.1547966490256396,4.051765123091074,-0.3068864376070366,-0.04826507666512703
-0.26590825908204774,0.575919635380022,-0.8418278944620697,-3.2479030537672777,5.184297317504672,-0.2896357363108556,-0.04826507666512714
-0.18643255346207033,0.29220551206939516,-0.4786380655314655,-2.6048125510820177,3.46843463770334,-0.2073778530713859,-0.05500211517535192
-0.29730355579094137,0.6284091406176926,-0.925712696408634,-3.9224645542839207,5.842247562622793,-0.30264368610964965,-0.024060843618332384
-0.28623794351795795,0.3830657877610415,-0.6693037312789994,-3.4781782654939954,3.540630054010411,-0.29419635998971716,-0.07966774518067388
-0.3143708989323156,0.5394535022205791,-0.8538244011528947,-3.0918505792084727,3.815564464345939,-0.32010020569806263,-0.06485377854323171
-0.1415944472056484,0.346709959450358,-0.4883044066560064,-1.5643944643325627,3.375214324230636,-0.24209584162026787,-0.07268233270953084
-0.13578936218850868,0.20575063649481562,-0.3415399986833243,-2.0200943764997614,2.793467085858646,-0.1611932729989216,-0.07485154405502759
-0.2604598175802353,0.38533573682248856,-0.6457955544027238,-2.9259348600248947,3.3915658617797053,-0.28754080282149574,-0.07334056524901866
-0.1752427391758007,0.14960140339750616,-0.32484414257330685,-1.9840202341730189,1.5922714825332316,-0.17367525489375335,-0.0727163978743055
-0.2380418786149805,0.12740255273092727,-0.36544443134590776,-2.352225485161079,1.1800300398362629,-0.25577388100049925,-0.1366703924784417
-0.11807955158630956,0.15289401484949194,-0.2709735664358015,-1.495974470246717,1.8603714862451488,-0.14561534414721544,-0.11678549614882194
-0.22438585716099102,0.5833014636962699,-0.8076873208572609,-2.3117948875673946,4.597515856314149,-0.22315191363748665,-0.04981037355529827
-0.16025025570648999,0.2756100360610614,-0.43586029176755137,-1.974370640985927,2.990444137298887,-0.17926547043052687,-0.05912664613670704
-0.11935345944568432,0.04825031001050761,-0.16760376945619193,-1.306976289590713,0.6007117836317486,-0.14477801393452427,-0.14710418525627122
-0.19597973283570103,0.26393813979091085,-0.4599178726266119,-2.256293044193806,2.620315546948761,-0.19803710619100456,-0.05997749785715012
-0.30738908428510925,0.5930511732740287,-0.9004402575591379,-3.260692044454135,4.465300743510081,-0.3082897278141784,-0.04826507666512714
-0.1464179321068112,0.062004125210318284,-0.20842205731712948,-2.1170837344714766,0.8984577442354229,-0.14315054961668083,-0.1513594036935313
-0.2265410388814707,0.4421991466647439,-0.6687401855462146,-2.6168693182516938,4.016434676879243,-0.2608531006310554,-0.06418234709053883
-0.12283087274126103,0.20252179971590256,-0.3253526724571636,-1.34882822901212,2.1177276291862133,-0.23323306044226855,-0.11699943589416184
-0.24027069361158682,0.2256400185042946,-0.4659107121158814,-2.393828959273395,1.9580554745362024,-0.25888189050739807,-0.09689702204060857
-0.1776327436158448,0.33575011345458394,-0.5133828570704287,-1.8401094254754786,2.996927909455447,-0.2308784502957606,-0.08303812165266755
-0.1391177747460134,0.36340390876688367,-0.502521683512897,-1.7308627757829815,3.927032518352035,-0.18395145147405823,-0.0820638211702186
-0.23934418341572505,0.26850345266107967,-0.5078476360768047,-2.704009528581507,2.5259248748956367,-0.24697744734506333,-0.07949575436955603
-0.3003200830682481,0.6433192160171808,-0.9436392990854289,-2.8465756292106152,4.324730960703189,-0.2867878954482761,-0.05011026500056848
-0.18501709463459992,0.6437117437457827,-0.8287288383803826,-1.6840139682361268,4.627930233781309,-0.23968070914255413,-0.05254939087238497
-0.1612948042403276,0.16414552154863604,-0.32544032578896365,-1.6080503619769604,1.5700683092605778,-0.1882473413585667,-0.1954621909505726
-0.30518846620921625,0.4502058407957912,-0.7553943070050074,-2.9332637035489744,3.24551735438738,-0.3419423527526819,-0.06418234709053894
-0.2752832577340045,0.24481802718715184,-0.5201012849211564,-3.789182480045547,2.687729902533024,-0.2968960364022267,-0.1193985658467468
-0.22629122664510193,-0.07451739322143247,-0.15177383342366946,-2.4683351381313523,-0.6792328194407377,-0.21126154390377916,-0.10550970634795642
-0.18006274495329755,0.2143231882939005,-0.39438593324719806,-1.8995240087270546,2.0515684700199133,-0.1981650570855954,-0.11790585984959256
-0.04852039121776963,0.16431417832196615,-0.21283456953973579,-0.49288604444156275,1.8474337612217748,-0.14518431722357827,-0.08151552950795682
-0.30095192150501227,0.5294906029961597,-0.830442524501172,-3.3660809645700684,4.28466470285247,-0.29965097852767086,-0.07485154405502781
-0.23620941705539122,0.4200625957852495,-0.6562720128406407,-3.049325337715694,4.234526522858889,-0.2448300260131534,-0.04817214446162266
-0.018736212070958103,0.11355366370196762,-0.13228987577292572,-0.09454844247356957,1.1602973973416493,-0.09169562006950915,-0.1490513487714893
-0.16600887371951722,0.31379219031207883,-0.47980106403159606,-1.7524382235960931,2.9037813785104363,-0.25171097590828706,-0.06503335166184787
-0.0822306323875105,0.281742907936535,-0.3639735403240455,-0.7228373788968842,2.5035862028294464,-0.14751193298917276,-0.08091432324259429
-0.14665944312642676,0.20753457118224827,-0.35419401430867503,-1.6500434700175861,2.1578401214035323,-0.1936497842899917,-0.05829894912571254
-0.08591616683281489,0.2500590276516319,-0.3359751944844468,-0.8086010886393153,2.3607353224960828,-0.14322476411991325,-0.08942653495650488
-0.06707283410258746,-0.12313169968171223,0.05605886557912476,-0.8686715515783252,-1.7323180706635148,-0.09812331013892084,-0.17539594196087038
-0.25297036272321727,0.5054453825276646,-0.7584157452508818,-2.7988567832201308,4.255014528171904,-0.2805649257808265,-0.0293328677749618
-0.15108422735853444,0.4432099666416438,-0.5942941940001782,-1.680084657844242,4.161780627303278,-0.1590156602083812,-0.0800570442265428
-0.18463434047525695,0.19465263408503763,-0.3792869745602946,-2.0347615568567297,1.9515337455549842,-0.20246100954280533,-0.15626345561098542
-0.23986953386733922,0.19804229683410468,-0.4379118307014439,-2.5397499487411572,1.8322860011364943,-0.2631744807671762,-0.09058703229514908
-0.07812541793913463,0.13837764828624555,-0.21650306622538018,-0.7265557922439245,1.4033492204727045,-0.12808388113515368,-0.09075783281837602
-0.16869986130166248,0.3263133253518682,-0.49501318665353067,-2.4056009194756003,3.942027344087093,-0.21309902360125976,-0.053210977296772044
-0.18145860406213699,0.3154956820742081,-0.49695428613634507,-2.739291140778106,3.977534002658837,-0.22602009759415642,-0.05254939087238497
-0.2563500295641207,0.708476360824499,-0.9648263903886197,-2.2966454908265796,4.6304439282611085,-0.2798204116221703,-0.05042127162448096
-0.20389656819201718,0.2906561944874255,-0.4945527626794427,-2.115080374488273,2.5952605608586223,-0.22220296764581016,-0.0977266348936714
-0.3048485054869131,0.48988417398607975,-0.7947326794729929,-4.270657864628733,4.926156674648237,-0.301025678479625,-0.0748515440550277
-0.23355626811412367,0.48892737201360403,-0.7224836401277277,-3.0026832525949945,4.843927436467639,-0.2419135077215835,-0.06226172167900745
-0.09847413714401121,0.100847005570464,-0.1993211427144752,-1.0274749615601901,1.1208182626503846,-0.14293424961410217,-0.1303101802876041
-0.23342485683252967,0.5450254750887598,-0.7784503319212894,-2.7931025715729487,4.995542947034992,-0.2531638691080702,-0.04826507666512714
-0.2648585319469444,0.47070857556836176,-0.7355671075153062,-3.5147233206270108,4.694040949700451,-0.29409152493500956,-0.06418234709053872
-0.20374241088787293,-0.09418393190453789,-0.10955847898333504,-2.5962193021766273,-1.0830293918809717,-0.2120278203238397,-0.20819320094929528
-0.1518454387413356,0.13222500931513448,-0.2840704480564701,-2.0323206146697017,1.6716783625554863,-0.1814660201832181,-0.0574355327006445
-0.22221613717411104,0.24191193499505692,-0.46412807216916796,-2.965558882055865,2.7041138424506954,-0.26526649999285645,-0.09173479714216326
-0.12880418147819162,0.23852083948035308,-0.3673250209585447,-1.6570950048786168,2.7969439769158044,-0.19720314060933197,-0.06695723433647982
-0.2512149002574935,0.5801965311321875,-0.831411431389681,-2.2739978631997704,3.983768893479946,-0.2654391885680787,-0.05707284405977653
-0.20138650270051583,0.24085902353888256,-0.4422455262393984,-2.073273217840172,2.18343438791615,-0.26289741778526954,-0.12681632648429353
-0.1891391434755485,0.1190458191964594,-0.3081849626720079,-1.9781003111481257,1.2049211633995334,-0.21674092953983704,-0.13180447884302338
-0.15516237072140882,0.20190568045563762,-0.35706805117704643,-1.74791035578431,2.0969589841170917,-0.1717062214369104,-0.1397682086123373
-0.21058113307660498,0.219816225644623,-0.430397358721228,-2.558685083281813,2.3140164354157458,-0.20586599440675402,-0.11203253877908648
-0.18876816440316735,0.23690644735358668,-0.42567461175675403,-2.0254352088070697,2.2648825234568126,-0.21895802160282174,-0.08873171023145954
-0.22198410934604174,0.23697989779457784,-0.4589640071406196,-2.1863729867451456,2.051391228779861,-0.26797554289701875,-0.13364478544854996
-0.18866573891487814,0.2506706922638011,-0.43933643117867927,-1.6726320680088664,2.0244759401754213,-0.23578579276476663,-0.1012998625077951
-0.3716759046821868,0.5281402992867525,-0.8998162039689394,-3.867142861831557,3.742484245915408,-0.36864035169422404,-0.10082268005241068
-0.19452940358634596,0.15198899592255288,-0.34651839950889884,-2.0469371096349662,1.4902385040091939,-0.24562625042875386,-0.08377658927386866
-0.14337530078259764,0.25862104134941366,-0.4019963421320113,-1.304502284093506,2.211642329566105,-0.1514060055867057,-0.1681159235154076
-0.10400482715153048,0.2532759039804111,-0.3572807311319416,-1.3064038711478307,2.965527604409062,-0.14137744787290663,-0.07664818829941766
-0.25715412009974203,0.2629159131341934,-0.5200700332339354,-2.1781137918288267,1.9279390909423477,-0.2892068892169063,-0.1360062780537309
-0.22219602073245548,0.5695696937959105,-0.791765714528366,-2.633374585311455,5.1653886195213286,-0.2286716437320423,-0.05254939087238486
-0.21017034199466256,0.11766132312137678,-0.32783166511603934,-2.1548712001640284,1.155163295835263,-0.25397145402205046,-0.09517995279126623
-0.15252126368251728,0.2586277699674957,-0.411149033650013,-1.294158217562254,2.075793673539879,-0.1937168580101326,-0.07312878563151404
-0.23322948630460538,0.22382020674509406,-0.45704969304969945,-2.684436551905519,2.19655947183609,-0.2764900298951305,-0.06418234709053883
-0.21264094869627836,0.17962130807000642,-0.3922622567662848,-2.466604285241174,1.8573136352879307,-0.24601575079606652,-0.08377658927386933
-0.14708858700182548,-0.0010147326329336126,-0.14607385436889186,-2.0071145493505167,0.05679513225709057,-0.19602728802386205,-0.12174109049311677
-0.19892221330661863,0.3068817944333526,-0.5058040077399713,-2.1808774877236576,2.8723547482275458,-0.2394335675327105,-0.07275864936308185
-0.2749542981261468,0.9524769832822404,-1.2274312814083872,-3.0306632542219294,7.116815189001844,-0.29709172241576276,-0.04817214446162288
-0.19298174772815324,0.2881563016416513,-0.48113804936980453,-2.6224621895410367,3.296992718107119,-0.23421837273811708,-0.10206782266425718
-0.26112472407302123,0.5709395127369281,-0.8320642368099493,-2.46587801575086,4.046529087791923,-0.29476552922185406,-0.049695910919992814
-0.08644745320972225,0.08315188663744388,-0.16959933984716613,-0.8803685328565265,0.9396931085416224,-0.15971347052301843,-0.11242726768504874
-0.2791396879552249,0.8454206138423557,-1.1245603017975805,-2.4673436494976193,5.158674996418808,-0.2855408699263716,-0.051418889701585146
-0.21235334490717606,0.26851721077985724,-0.4808705556870333,-2.4864375620495758,2.6637659335330612,-0.23669252988818867,-0.06077860427273385
-0.16315617253703252,0.25522299660479253,-0.41837916914182505,-1.8994971727190662,2.649683414411963,-0.17747032098802873,-0.08406815051170335
-0.2127251244379672,0.22990885684181528,-0.4426339812797825,-2.2100761604602215,2.1043975297048836,-0.25018040137414554,-0.11149494421604467
-0.23412487597239873,0.017011302943347406,-0.25113617891574613,-2.3041850000105737,0.2528263937147212,-0.261570790200942,-0.14519323349565194
-0.2379657483419635,0.09779779362917007,-0.33576354197113356,-2.4328018813648744,0.9657858521617135,-0.23815526944060916,-0.16112418889651414
-0.2450642528412339,0.31165308805314473,-0.5567173408943786,-2.348048229301418,2.482626277535879,-0.2527226093613507,-0.1266209398082515
-0.2619110326146159,0.432495145635976,-0.6944061782505919,-3.198719828094074,4.025635254527413,-0.249970095304191,-0.10264472052704077
-0.2238387141340712,0.3450163852351733,-0.5688550993692445,-2.4324135134302964,3.0786906696605394,-0.22551434755555633,-0.15672289832097674
-0.19632451614805924,0.2774965980213422,-0.4738211141694014,-1.9213541256633573,2.3733543120028577,-0.19643081613723612,-0.0837765892738691
-0.20912640650381042,0.4055741422528716,-0.614700548756682,-2.1159975577251404,3.3771152674123575,-0.2104064628782164,-0.1419696432886971
-0.18841326434929362,0.13284644891796127,-0.3212597132672549,-1.814248509953022,1.2493370832192143,-0.1865205523942195,-0.1330104220268219
-0.30848215557137726,0.49470566597031707,-0.8031878215416943,-3.995997750897392,4.587163766803242,-0.3205351412888524,-0.06418234709053894
-0.29342482328775865,0.4303060681304578,-0.7237308914182164,-3.4469585911880087,3.7772091051645735,-0.30641326021716986,-0.08115576762917631
-0.24880857156350156,0.16499600039515583,-0.4138045719586574,-2.713721206491874,1.5894493629057787,-0.26846344518247356,-0.12408180460381368
-0.24566028731399747,0.6814175848392992,-0.9270778721532966,-2.207655230075226,4.537274802252069,-0.2972328785437105,-0.07485154405502759
-0.2179933574681604,0.3030927114602151,-0.5210860689283755,-2.175817483223227,2.574863893902296,-0.24645591011811763,-0.11117312132496349
-0.22494452077427418,0.22539378918574382,-0.450338309960018,-2.6179199875967525,2.254720481157892,-0.25502651385486064,-0.06418234709053894
-0.15651436621732173,0.46268365476764184,-0.6191980209849636,-1.2917233666518697,3.31407130156755,-0.15829867557449628,-0.07466321045297886
-0.251533734835067,0.6409644448979857,-0.8924981797330527,-2.3023969364262724,4.370279358869639,-0.2844281898868659,-0.09032162576208302
-0.16544198678305622,-0.00617863861860013,-0.1592633481644561,-1.7929403119086398,0.02363140683485713,-0.22586258786447722,-0.19351626789647947
-0.2564555648794755,0.6448754098037659,-0.9013309746832414,-2.3469576711206064,4.366611259141118,-0.2745660515266001,-0.11249113465911809
-0.22332930839321752,0.2065161330712766,-0.4298454414644941,-2.795760363294978,2.2221867689437405,-0.2594970733612937,-0.08377658927386888
-0.1543068071535253,0.3376700623546789,-0.4919768695082042,-1.4322191302730822,2.8032711381625193,-0.13887613369830387,-0.10218044703857798
-0.20623478021387032,0.2755146070248857,-0.48174938723875604,-2.1999512671255816,2.5257641149840206,-0.2268895402196942,-0.1262967190030131
-0.2831471918902373,0.5664258573915828,-0.8495730492818201,-2.7834816194785637,4.084418550512385,-0.3007181296923863,-0.10407436175116225
-0.38968389254546276,0.7955361222842592,-1.185220014829722,-4.4161565131145695,5.596652989361135,-0.39582938914558596,-0.04817214446162266
-0.14879102002398925,0.13455261809924157,-0.2833436381232308,-1.6841602629124024,1.4730577680603378,-0.19200550501299274,-0.06451718649137306
-0.173479427345536,0.26265415943341774,-0.43613358677895375,-1.9933217612678473,2.6523363519842267,-0.21571257240963515,-0.08267020919876011
-0.09984699298520294,0.06869174820860757,-0.16853874119381052,-1.2179404662175044,0.8921308629281198,-0.13623885614705455,-0.06537171623923499
-0.17662744082337112,0.3488873523575362,-0.5255147931809073,-2.276716622385533,3.791699979354661,-0.21058170065468462,-0.049187040246831626
-0.2504080521588806,0.42227612495047584,-0.6726841771093565,-3.0910095448625627,4.036861966375807,-0.2734282542452984,-0.07485154405502759
-0.19728468174262082,0.1812497821353467,-0.3785344638779675,-3.434937724888879,2.727169019142461,-0.20765583757097172,-0.08122042793804463
-0.19220908080670518,0.10075243026512481,-0.29296151107183,-2.1427153543292525,1.0872823121952628,-0.21340616167689075,-0.1351634095235268
-0.23770433888974274,0.35559781827819625,-0.593302157167939,-3.1366011914716574,3.72692192960311,-0.23671578937341486,-0.0977266348936714
-0.26933477482549795,0.4727803183504258,-0.7421150931759237,-3.271410261434682,4.304798667927096,-0.26875016885612435,-0.07713763331144263
-0.26328892165290896,0.391391035296182,-0.654679956949091,-3.21997064570986,3.70950977841147,-0.28012634121629854,-0.0685425074840944
-0.07549723305087219,-0.004656124091630298,-0.0708411089592419,-0.6934826367970345,0.04395608294490767,-0.14539204166875563,-0.09171434667166078
-0.3095891237651529,0.7506960892241326,-1.0602852129892855,-3.6119465814231497,5.949752015320148,-0.30581419809064003,-0.0317866614715514
-0.22513808309687044,0.5381617190376138,-0.7632998021344842,-2.5422301728618515,4.686536563807292,-0.22909892398964704,-0.05175511034963198
-0.18791003858837685,0.5440701214142272,-0.731980160002604,-1.8521409755678635,4.312787870089842,-0.1966176021665711,-0.04826507666512725
-0.24133025751480497,0.5183788907841334,-0.7597091482989383,-2.8952384054333846,4.739530579423786,-0.26918611105200274,-0.059597468821226185
-0.12431005639029424,0.13805515825265546,-0.2623652146429497,-1.3322568097243341,1.4726326582457845,-0.171773100677435,-0.07753060566373049
-0.10661364302657972,0.26338892757470367,-0.3700025706012834,-1.0582324261088891,2.50300768788158,-0.15851966253830796,-0.059253893869469665
-0.18696825642659232,0.11420486338626823,-0.30117311981286055,-2.773760485817874,1.5451661136132648,-0.20495547357893806,-0.10145676917909863
-0.1865869438368314,0.34603284188264105,-0.5326197857194724,-1.7602658203402974,2.820370783163667,-0.20916057351905692,-0.08596440047100418
-0.2284342123074653,0.5140402828154425,-0.7424744951229078,-2.283384999284902,4.014532746909061,-0.24571294807529964,-0.050607645211696584
-0.10710980819490878,0.27213164978189686,-0.37924145797680564,-1.5183321801099332,3.5064326224897493,-0.14141719553031484,-0.042516180897110956
-0.1119025666811313,0.319410267804384,-0.4313128344855153,-1.2679748018259016,3.292035452176638,-0.12548647459433404,-0.08098808076836628
-0.2578235926315101,0.2866756279265903,-0.5444992205581004,-2.423052637579582,2.2579979968075485,-0.2946800538545815,-0.17879425715500286
-0.1387935283372822,0.20398945513318334,-0.34278298347046554,-1.2021795283797327,1.739090297478258,-0.18640287716444492,-0.10098415083050272
-0.23124971598624378,0.4230448187551452,-0.654294534741389,-3.8372125998989377,5.512614034477552,-0.25094944426705545,-0.04817214446162266
-0.2020311856605902,0.24701141887477696,-0.44904260453536715,-2.5915006351039995,2.713268932964092,-0.2544727673362551,-0.08722605455611254
-0.1461923263711763,0.26695712274491457,-0.41314944911609086,-1.6548236746819578,2.7189640632686185,-0.18738734957587233,-0.10082268005241046
-0.17903935982654318,0.2982320095693327,-0.4772713693958759,-2.0071809896652444,2.8978618029466463,-0.2272400276085612,-0.05719252448036194
-0.22415121326675103,0.4790682780902886,-0.7032194913570396,-2.720663003861291,4.5283490888006455,-0.2552762951524261,-0.04973580143585288
-0.22847204534278676,0.07363599623892281,-0.30210804158170956,-3.6980802604378655,1.0827388279434447,-0.2153835640680729,-0.15313323177868898
-0.08060231192516032,0.09274408274438528,-0.1733463946695456,-0.9175116773531702,1.1316460353562678,-0.16427153434629593,-0.14225735828507802
-0.20834172531483752,0.39931174685291815,-0.6076534721677557,-2.0553956008147796,3.2516749559265463,-0.20783801228639776,-0.0925691801261952
-0.03659376286546212,0.3054463991084424,-0.3420401619739045,-0.26941355824838775,2.7306870665340286,-0.1209568071255469,-0.058271468325758136
-0.13736995948431407,0.031283291534082824,-0.1686532510183969,-1.1044201251172236,0.36467527459926613,-0.16336543095713463,-0.18610777068890083
-0.1381215335304926,0.3560120600189247,-0.4941335935494173,-1.2908082949332906,2.991823520694008,-0.18403681034269626,-0.12265440703237118
-0.16613691730038993,0.18559511409380125,-0.3517320313941912,-2.355965273114264,2.3524898730562835,-0.18198847169313503,-0.12020508207970937
-0.2739450272584584,0.471331473385457,-0.7452765006439154,-2.94887188002326,3.851638221830451,-0.28074994749577253,-0.0768784585005634
-0.29448901972991604,0.4984364737111262,-0.7929254934410422,-4.180140506171516,5.146231250947069,-0.28612501323029205,-0.03178666147155096
-0.2140005601267887,0.31984406462180726,-0.533844624748596,-2.578122327692176,3.1847586074394947,-0.24081545548255323,-0.06566358794373561
-0.2414069181977716,0.3526752117812366,-0.5940821299790082,-3.229087514565919,3.7512964715081143,-0.2487817824224512,-0.03834729291856065
0.006790682911894219,0.25517382119685594,-0.24838313828496172,0.15904097223119176,2.4815711730285037,-0.14201325896545813,-0.11069035451597686
-0.29908229406957654,0.3095231629930788,-0.6086054570626553,-4.6512738544148,3.648788829230414,-0.2977778716767884,-0.05163183401265281
-0.2239082259555637,0.5155327351230454,-0.7394409610786091,-2.5290766271080667,4.520281136952443,-0.21377898042441112,-0.09969697014877255
-0.28966170216551845,0.5905352699794884,-0.8801969721450068,-2.9716036067620064,4.365899522659248,-0.30958587844895147,-0.08377658927386922
-0.2098371719137362,0.40250005860435367,-0.6123372305180899,-2.512496435476704,3.886453994636216,-0.21621610742968644,-0.05334215356036531
-0.19649389340552081,0.09958069718859708,-0.2960745905941179,-2.3955454012564026,1.15447315476459,-0.22769260710152672,-0.11006400817508999
-0.0849240071580375,0.08875535717927296,-0.17367936433731046,-0.7863394461474592,0.9365647297728905,-0.1725986358931707,-0.13010375259844087
-0.30068867049021764,0.513349398821414,-0.8140380693116316,-3.1835104519591786,3.964497514855732,-0.30108104852671025,-0.04826507666512714
-0.1648672988412614,0.21400162716621218,-0.37886892600747357,-2.081299536185072,2.4135603496494378,-0.18027127505190677,-0.07024159794728868
-0.2941063168494925,0.3899948444930976,-0.6841011613425901,-2.9496940304968073,3.0106976870803877,-0.29138901814645446,-0.07482654128460475
-0.19134252363069615,0.22421153625056323,-0.4155540598812594,-2.235041819099058,2.30733375759872,-0.2052193880894586,-0.07818590646920487
-0.22570847791998805,0.4275166083782922,-0.6532250862982802,-2.497260552521634,3.7641055397503993,-0.20816186992331587,-0.06061742184175756
-0.28943075019039,-0.0004669126874458085,-0.2889638375029442,-2.7833633553021815,0.10419873529871745,-0.28908074416207485,-0.14836399722789617
-0.2523001041797601,0.6178393130385771,-0.8701394172183372,-2.547589561547987,4.62915668895847,-0.28603316574517856,-0.04826507666512714
-0.24977364078450381,0.1955768610781834,-0.4453505018626872,-2.9136762832176433,1.9532599853633132,-0.29598220654774154,-0.07485154405502781
-0.09045694218602562,-0.05392357001139769,-0.03653337217462793,-0.8619492010681266,-0.4693066552021708,-0.11209486260809487,-0.25106776294174393
-0.11444916855832987,0.11209029433315587,-0.22653946289148574,-1.495779118279685,1.4476413968604032,-0.16673186473867818,-0.09093419955906656
-0.23493932271897167,0.38267591995383476,-0.6176152426728064,-2.7912750184806385,3.6175392903825077,-0.24927001155663464,-0.06663795258598593
-0.2327899057292192,0.47649273065677833,-0.7092826363859975,-2.613047495791194,4.169138762085781,-0.2318739585666566,-0.07485154405502747
-0.17493265020375404,0.30866184894126425,-0.4835944991450183,-2.352817521779999,3.5281107817179937,-0.1868214533710174,-0.0578654382153162
-0.06420473909295799,-0.0660048048641324,0.0018000657711744195,-0.615563709415034,-0.6420517088225088,-0.15647312300235316,-0.1581162757231228
-0.20255377925209317,0.24309203042014516,-0.4456458096722383,-2.0914349674643766,2.210165517094388,-0.2620349276035818,-0.11713288787255383
-0.21247658814259351,0.2910194117726095,-0.503495999915203,-2.233545811403163,2.595503347593542,-0.21459538096471487,-0.08820971569844138
-0.29047826301127966,0.5270937215467963,-0.817571984558076,-4.375926362604011,5.740933609108458,-0.29137505727941726,-0.05150379544892936
-0.2384123594770894,0.24448252005050786,-0.48289487952759724,-2.659205939299907,2.296273343645485,-0.24975320763780695,-0.102261981775988
-0.15249437893586615,0.2356299286401473,-0.38812430757601346,-1.5504794932235784,2.206264829874205,-0.2571289474935635,-0.1126431331367953
-0.17954335447273895,0.04575760990120825,-0.2253009643739472,-1.8908903066606215,0.5391697642547384,-0.18530415679458834,-0.09395083156234052
-0.13435665230658922,0.04657305571691972,-0.18092970802350894,-1.991662219067868,0.7178514702882666,-0.15199067406859712,-0.17394388862134014
-0.12658698093342002,0.06337007148137275,-0.18995705241479277,-1.5602403613510154,0.8202828066489163,-0.1815304231292577,-0.1350128615245325
-0.19973972159626596,0.19155498693225526,-0.3912947085285212,-2.7300632398981426,2.29081765294853,-0.22428431291575324,-0.09245300409204171
-0.23677108914299327,0.5568375568237547,-0.793608645966748,-2.483732120339895,4.476045598523433,-0.2366910747712927,-0.08034083431323213
-0.21219979246872578,0.14227894517823403,-0.3544787376469598,-2.501577397839048,1.521539364567196,-0.25975157344442656,-0.07485154405502759
-0.20145792615698477,0.16330414059535725,-0.364762066752342,-2.529531131624909,1.8346542309055258,-0.21481724316023432,-0.1034523997802409
-0.042218266362557544,0.19476943127273127,-0.23698769763528882,-0.39529355858932197,2.0726132132825303,-0.14692071795442707,-0.08463021249329983
-0.18919438813652756,0.4077564680749466,-0.5969508562114741,-1.716268778664665,3.138089222995753,-0.22789225321849693,-0.07736313690912378
-0.19500420008881958,0.2337738012711248,-0.42877800135994437,-2.6805234864497214,2.7548524391214033,-0.23092246634885194,-0.06610757751249519
-0.1168863095786341,0.23517053530291387,-0.352056844881548,-1.4770295549488013,2.7536816682548895,-0.19584982023869768,-0.06353091052540638
-0.2668091376657905,0.4786565436835506,-0.7454656813493411,-3.5115103195325665,4.728833730870526,-0.27265061314918815,-0.04826507666512714
-0.2073465050918597,0.5744154412210787,-0.7817619463129384,-2.1377820423112555,4.617902585600275,-0.1805924500784828,-0.048362504777748505
-0.14574079908753879,0.1755097536223169,-0.3212505527098557,-1.6918720405784977,1.914137406398221,-0.1504792466494228,-0.05800152261051916
-0.15313819267372175,0.09918783701520884,-0.2523260296889306,-1.8112210015982153,1.1613060578161736,-0.17019781350497776,-0.11599592275361126
-0.2030179897635802,0.09385767132544398,-0.2968756610890242,-2.4396493496961487,1.0771065972922265,-0.22804794818996044,-0.07902708823111071
-0.1516965788575133,0.22203109951112254,-0.37372767836863585,-1.6886461566620492,2.2752121072823823,-0.20241882531275013,-0.058828656089454645
-0.2627219639399295,0.19664868770602917,-0.4593706516459587,-2.757743121307972,1.7781607178315213,-0.25720275169267004,-0.13741234157756121
-0.1872932860494878,0.16284686617766275,-0.35014015222715056,-2.64810734866702,2.046296247164577,-0.1847631777690638,-0.07809552196509884
-0.188274143891772,0.0638031729219326,-0.2520773168137046,-1.9126516928304116,0.6914558858719867,-0.21142022481922262,-0.1308523430241072
-0.22293283046888956,0.3393448831295409,-0.5622777135984305,-2.8995509816806426,3.5615560457247315,-0.2484184487660579,-0.117570514393598
-0.1489887836551026,0.243925261039996,-0.3929140446950986,-1.7670733944137225,2.6019292550642366,-0.17361185097021636,-0.10747490668253024
-0.28507616197606334,0.2416676176814574,-0.5267437796575207,-3.6533625112755037,2.476819864636876,-0.28979354948747416,-0.10261899099642657
-0.2454002195448527,0.40289556340165134,-0.648295782946504,-3.229549607615261,4.1369371842383655,-0.2538128275983522,-0.054092369519024075
-0.21764291486954745,0.6370310028128172,-0.8546739176823647,-2.145756448535516,4.7884303382390065,-0.2944028058497391,-0.053251030950542955
-0.1952013200514603,0.08476983019351292,-0.2799711502449732,-2.5696113354883527,1.0615849595542088,-0.2295415353506719,-0.1226534045959613
-0.2830035034906774,0.48747629887033117,-0.7704798023610085,-3.953572163280139,4.9817876499026665,-0.29618350765789536,-0.021287749339338524
-0.15951075743753618,-0.044109634401870434,-0.11540112303566574,-2.2243114464273765,-0.5279913391980009,-0.209888310391533,-0.08387346591507505
-0.1782280183865088,0.3791636599825188,-0.5573916783690276,-2.1125626529860746,3.7528223928398607,-0.18582971555733507,-0.06672892436859112
-0.2521819781112291,0.1662588638389213,-0.4184408419501504,-2.8751196861735693,1.6570554240923867,-0.2584435106259173,-0.13749107314807385
-0.13476404612567106,0.2744413739275644,-0.40920542005323546,-1.2604105650884443,2.3976957627507622,-0.17244652709206698,-0.06357327881754893
-0.20018621062852926,0.2218721447602352,-0.42205835538876446,-3.2982794310438974,3.09030678263363,-0.2166477741529368,-0.09348199791569367
-0.2327156911902427,0.5864717658761576,-0.8191874570664003,-2.670962903373316,5.085028938853529,-0.25918943759179636,-0.035915146128114195
-0.2392039311101143,0.4079231218135706,-0.6471270529236849,-3.3373379497603004,4.447938896973841,-0.24980539257829049,-0.050130312207498084
-0.270791783789352,0.6628720903616474,-0.9336638741509994,-3.8113866293828376,6.705394584491935,-0.28170286965541413,-0.012280421933311692
-0.24000108529194442,0.290691770626923,-0.5306928559188674,-2.7103288128106,2.7097672956036996,-0.23427815047972822,-0.11681423170725613
-0.2135921079944899,0.26504633647518494,-0.47863844446967485,-2.318024516905,2.464624938149062,-0.22925875355356884,-0.07096381417786679
-0.17380520049717374,0.036108850537287074,-0.2099140510344608,-2.01617324251556,0.4733762060516603,-0.18315080455807042,-0.15211190817643594
-0.22879870414649106,0.475585695942091,-0.704384400088582,-2.5522044002985975,4.173536780367654,-0.24758282801467135,-0.04826507666512703
-0.2628615216086889,0.47906269379085575,-0.7419242153995447,-3.455678863649707,4.7341166601294535,-0.26140074227539967,-0.05838655287761596
-0.3032391615160782,0.5912614223175992,-0.8945005838336774,-3.4142850175699353,4.714844359870866,-0.3066655888676678,-0.03714744356099009
-0.1927001211298207,0.3185094509997559,-0.5112095721295766,-3.198800961292842,4.374129749032673,-0.19467926000855684,-0.07485154405502725
-0.18503374212306445,0.3783539752856271,-0.5633877174086915,-2.556402023342172,4.326280781532097,-0.17431695294962168,-0.05524396611276794
-0.24168282623211645,0.5575664770007633,-0.7992493032328798,-2.8704057138604475,5.006932903073507,-0.2636946664802867,-0.04826507666512703
-0.32026085568827056,0.5528451580716136,-0.8731060137598842,-3.0006314200488404,3.713249498637734,-0.34296093939538785,-0.09173479714216282
-0.18022053192140053,0.1943994887856808,-0.37462002070708134,-1.7990980160540528,1.802038835731318,-0.21147235688722155,-0.08541725986612403
-0.2960222927488826,0.3579445738428777,-0.6539668665917603,-3.2177313932285885,2.998557108629056,-0.2991913799670818,-0.06737654358984324
-0.2166951836564589,0.3853059579355482,-0.6020011415920071,-2.991290643112314,4.263943130253539,-0.22692980012426822,-0.07485154405502759
-0.18000404184395125,0.07010666895085627,-0.2501107107948075,-2.1517610108729386,0.8422516271873407,-0.2181996015912535,-0.10368605538752751
-0.18719232300238164,0.31902723151421153,-0.5062195545165932,-2.3328175575748644,3.34808175198776,-0.21002508961565547,-0.04921546329084292
-0.27241773893598975,0.33944998961837536,-0.6118677285543651,-3.9986146126241104,3.8618530294740174,-0.24632250345019313,-0.04110529223937687
-0.25577916911424214,0.34184960866122904,-0.5976287777754712,-2.593996117474998,2.807788542724863,-0.2628688030977818,-0.09584698762856325
-0.16448430568800565,0.3764090850320376,-0.5408933907200433,-1.6246536195334498,3.211048429630308,-0.19998885443946357,-0.06997567387234949
-0.03945797338947932,0.00884828176929453,-0.04830625515877385,-0.3039931037417437,0.17923486351918338,-0.15844207054228343,-0.18700489306297996
-0.21125904631882642,0.19339964178457159,-0.404658688103398,-2.330001342778851,1.892742805185583,-0.21310996266778703,-0.12273505455276734
-0.13435786096335833,0.03481389887249975,-0.16917175983585808,-1.6810522163598016,0.4922928289303622,-0.15653131357771544,-0.1450004424264819
-0.22766044741879732,0.4681209451272519,-0.6957813925460492,-2.492239529276417,4.022040610784612,-0.2702864328663187,-0.07847953053396761
-0.11270013272048485,0.15582564870902682,-0.26852578142951167,-0.9971158412564275,1.4346122148187526,-0.15044417339876326,-0.08987154041149159
-0.17643863159451223,0.25547207462736843,-0.43191070622188066,-1.8834421119048672,2.4202649907721687,-0.2330358215978181,-0.13284659600576865
-0.2245270504516671,0.14834319759338066,-0.37287024804504776,-2.9921849969274534,1.7480824777227166,-0.26981211148388073,-0.0796623735575589
-0.19613535433502316,0.035259032890833986,-0.23139438722585715,-1.979559660471597,0.42465730292822634,-0.2272365128363557,-0.11657069877527215
-0.2727531970585485,0.5326191801926079,-0.8053723772511564,-3.1832825469943304,4.596626890314643,-0.26737526049110494,-0.07485154405502759
-0.1944597923308039,0.4357180356618948,-0.6301778279926987,-1.9227888499147454,3.5651912531793766,-0.19286346203196414,-0.05254939087238475
-0.30368836198797144,0.400237592373639,-0.7039259543616104,-3.451889240442502,3.4113445973142826,-0.3269189120896139,-0.10639375741473966
-0.13532261325043338,0.1968703316196232,-0.3321929448700566,-1.914439814776587,2.537983679883976,-0.1831321891386275,-0.054699223953526555
-0.28892566756014526,0.46756687365264415,-0.7564925412127894,-3.485383302220052,4.161572716340882,-0.28507172587795626,-0.03188158614602288
-0.1706724724625336,0.2483107791631749,-0.4189832516257085,-1.9841443071964655,2.56234603192671,-0.20515629891691312,-0.11008534242291601
-0.22819902337311415,0.415252098756699,-0.6434511221298131,-3.8819597241611095,5.574487809124456,-0.25027642547123663,-0.040668998985398885
-0.24959716249296926,0.2727161523673085,-0.5223133148602778,-2.8355476623396254,2.5593405066783546,-0.24736335043131197,-0.14958422482353684
-0.2455571149177258,0.43710250575649034,-0.6826596206742161,-3.1136988719108816,4.300249004307693,-0.26896418915755227,-0.07485154405502725
-0.3263661281093261,0.4655153775557199,-0.791881505665046,-3.5850144430866946,3.679745887454486,-0.32351892802266313,-0.10145676917909852
-0.1790806372120134,0.11594517100705626,-0.29502580821906965,-1.9357161082429943,1.2138394731710433,-0.19673708797110434,-0.13464162605573526
-0.2218378830068879,0.20520880226814886,-0.42704668527503675,-2.607779551215721,2.095236801504101,-0.20672169182165778,-0.05408560278033425
-0.12132498564446403,-0.0017755559460633785,-0.11954942969840066,-1.6428493486948903,0.04552798464708895,-0.13814802142561156,-0.10747490668253057
-0.14474650014702517,0.17519894957850868,-0.31994544972553385,-1.914002895545162,2.1423735176833305,-0.1345539832939332,-0.05000177893150404
-0.22036426936108922,0.47708976855087704,-0.6974540379119663,-2.4658548076825277,4.212932641760893,-0.24106635093477746,-0.03901314285930191
-0.2503010066663327,0.509263882976658,-0.7595648896429907,-2.172496202754957,3.4458065084996394,-0.27537142670545034,-0.07724018780863917
-0.13195254017725466,0.07488158398092515,-0.2068341241581798,-1.4047881651701026,0.8497750787708015,-0.1559998244115235,-0.11266884959934242
-0.19857127829696852,0.13101199959997034,-0.32958327789693886,-2.1396946738362814,1.3320725599206016,-0.23221903528164844,-0.08566392081895524
-0.2148296535774572,0.4995811196608202,-0.7144107732382774,-1.8868501226621528,3.5354013616835887,-0.25350629833144045,-0.06859731449127238
-0.2052098426131317,0.6400488666367219,-0.8452587092498536,-2.141969052166135,5.134183412196684,-0.23157416959744037,-0.1067123419707331
-0.13557144880064464,-0.13975842007498862,0.004186971274343976,-1.439644767983268,-1.506849255763885,-0.18881593429756416,-0.22323299893086557
-0.20122114714551698,0.28742461962060584,-0.4886457667661228,-2.6059991974820074,3.143411449297037,-0.24824879273093092,-0.09561662850158004
-0.1959949707483215,0.05270809305288804,-0.24870306380120955,-2.4983190246960008,0.6829818634659884,-0.19742556835885094,-0.0785629607665016
-0.26548445786003927,0.4841739465382693,-0.7496584043983086,-3.3203118109689025,4.545815824495576,-0.2689119804641623,-0.07485154405502725
-0.15041399334899763,0.2736684939307752,-0.4240824872797728,-1.583394814752881,2.5993333334542337,-0.2311091900059603,-0.11535930625367219
-0.09773340555222354,0.17594447287650983,-0.27367787842873337,-1.0036741683498513,1.8190043569994447,-0.14268645535328683,-0.07738260876319303
-0.22864368398306745,0.4742680101204799,-0.7029116941035474,-3.392436326951787,5.4511281979392745,-0.24450456064668824,-0.04662696902156349
-0.2659846793216625,0.7527046940651438,-1.0186893733868063,-2.7179227857037183,5.4558860335347426,-0.2758483615043916,-0.04826507666512714
-0.2765133632635183,0.3720011790040163,-0.6485145422675346,-2.5138197120045405,2.7068464811543085,-0.2884826843300089,-0.10122039536064464
-0.15592909354369267,0.34190393003915887,-0.49783302358285153,-1.7750085548529224,3.3732394788266538,-0.16747256959773105,-0.05254939087238475
-0.1375928391734471,0.2387879386731957,-0.3763807778466428,-1.6264027406815904,2.5812315497908003,-0.1510749585649217,-0.06643642678295392
-0.2631925004257186,0.24085067023156714,-0.5040431706572858,-3.311129083638827,2.4794771895720915,-0.2660308116352261,-0.08081830770480647
-0.2382181349108019,0.2317292974470122,-0.4699474323578141,-2.995759826310416,2.438294848538323,-0.24266080383723387,-0.06545521518168462
-0.27044503056508074,0.7515386043554597,-1.0219836349205405,-2.7998313042791216,5.493117670201428,-0.26828784379860593,-0.04826507666512714
-0.21747937231172287,0.32279767928263237,-0.5402770515943552,-2.5037592421540538,3.0745933109543753,-0.24351982301305208,-0.07415664753133777
-0.23807549041620701,0.26209867372092943,-0.5001741641371364,-2.7682989423040762,2.538336447193268,-0.26585186718703824,-0.1009677783409797
-0.2545203251180511,0.6196121854878895,-0.8741325106059407,-2.8121908238708353,5.045129108147431,-0.25471180787775727,-0.04817214446162288
-0.2507238991547439,0.5064372953315632,-0.7571611944863071,-3.1533790692655015,4.812395618422895,-0.2729367106182614,-0.05716704446284537
-0.2572806329603251,0.6985643814451452,-0.9558450144054703,-2.6004866810260228,5.107220428423259,-0.28904698278729124,-0.03830866567277458
-0.10741226317035069,0.04109573842079839,-0.14850800159114907,-1.352012149044931,0.5809644678841277,-0.16172228583544146,-0.1087699154251145
-0.11611909193061454,0.3721307666341409,-0.48824985856475545,-0.9907195268878182,2.9624058988260735,-0.1640449865210365,-0.07451964597311689
-0.1480515428873309,0.5584750375036704,-0.7065265803910014,-1.2874699138520824,4.087522187984632,-0.24193404707769495,-0.05960235806801162
-0.19285558397825864,0.4651199484367521,-0.6579755324150107,-1.6269038583325883,3.2807134502892206,-0.245027840755762,-0.06317376712226619
-0.199566181636052,0.41986304222984483,-0.6194292238658968,-2.778698864818824,4.714055471580668,-0.21258320001028952,-0.07485154405502747
-0.2544194405086805,0.3999817987060894,-0.6544012392147699,-2.551795018558801,3.1839579568385825,-0.2710432625530861,-0.09032162576208302
-0.17486820560620242,0.26756964848713993,-0.44243785409334235,-1.7621053287414223,2.4025789708100698,-0.19380850174336406,-0.08111089222091417
-0.18651729747767432,0.13753049379982807,-0.3240477912775024,-2.380328186489969,1.6194557805252636,-0.22465240450017343,-0.08535238961143676
-0.2525106129904412,0.40256006029144165,-0.6550706732818828,-2.6779628601766383,3.359798350609455,-0.25809110928122037,-0.08734074797110969
-0.18290617923568087,0.32995913086942674,-0.5128653101051076,-2.064020094528466,3.16424572683833,-0.18282051784660236,-0.09819951665890958
-0.14573992994618334,0.13938741901066565,-0.285127348956849,-1.3846414902383235,1.3306355023362484,-0.18653675233716183,-0.19333715818010933
-0.2194074840133261,0.15148277650961184,-0.37089026052293794,-2.4508303631080413,1.5405996864295954,-0.22359258192444065,-0.13423433523573225
-0.23695301997777563,0.6893826168946253,-0.926335636872401,-2.464936572419014,5.289775294238171,-0.25650659736762516,-0.059058591883891176
-0.1792373538123797,0.3155712022114958,-0.4948085560238755,-1.900266224992572,2.895319546074299,-0.23089845859115843,-0.06543847499701672
-0.17974624230273395,0.21831821172259258,-0.39806445402532653,-2.6065335065267288,2.759020825323766,-0.18995451741064107,-0.048777282116737264
-0.1742881119108528,0.3637839221084631,-0.5380720340193159,-1.9322115715043724,3.431573815649838,-0.2208807302750656,-0.06329370461563466
-0.22803128254597793,0.39114953195485436,-0.6191808145008323,-2.4401796467144234,3.3730041338492365,-0.23911311854482742,-0.07648073273109235
-0.20593898536509048,0.13981486543037858,-0.34575385079546905,-2.210733129518534,1.395461728156073,-0.2620508183157172,-0.12282070676809465
-0.242320056649721,0.646573101657993,-0.888893158307714,-2.062507933159383,4.142792072301023,-0.28111923135325334,-0.0807791228405339
-0.24660203758896404,0.4068582561917031,-0.6534602937806672,-2.7022433435479702,3.503528303933812,-0.26276271418291286,-0.04817214446162288
-0.17922862620729774,-0.0006769339890383419,-0.1785516922182594,-2.013761272343896,0.07900015803266074,-0.16949817934383515,-0.24200092834774245
-0.13356463121479023,0.2322807588100091,-0.3658453900247993,-1.6082973587670666,2.5777581212586127,-0.16390674703614538,-0.07314722254059969
-0.1596739550186307,0.1283770073483541,-0.2880509623669848,-1.6882886930213188,1.3257056200157742,-0.1876773036927013,-0.08571050961088644
-0.2677412125616335,0.6717264366505995,-0.939467649212233,-2.5811842192624166,4.701108424708043,-0.2686934125971032,-0.050918181891673964
-0.2852911254323436,0.4924344384949162,-0.7777255639272598,-3.359227508803065,4.2828824200603535,-0.303098709445072,-0.09467057422665603
-0.11890068233764739,0.30908776174654595,-0.42798844408419334,-1.2439356487556392,2.9713755527902923,-0.17580621626233217,-0.05873441619604547
-0.23843457258250855,0.5556314824781277,-0.7940660550606362,-3.10563957113036,5.4738199238021,-0.24931741913523353,-0.02523976340306866
-0.24891801285359183,0.38797720990790086,-0.6368952227614927,-3.014277261544026,3.6935533995924246,-0.2600864186419375,-0.06839045023978985
-0.2710664535393559,0.3326263500616664,-0.6036928036010223,-2.4262604662952905,2.4362927939750882,-0.3127049902102593,-0.07755352498235724
-0.21414770274915662,0.45868013451683565,-0.6728278372659923,-1.8318451016555948,3.219748963711282,-0.24211226193517155,-0.06619268640399001
-0.18064558407134834,0.4512210797827092,-0.6318666638540575,-1.8883876678041087,3.898781661589907,-0.2064336936739225,-0.050223053224284664
-0.27783709213437235,0.839245808886558,-1.1170829010209302,-3.1488352412931313,6.562352329274558,-0.3052966721195063,-0.04826507666512703
-0.07152475032405048,-0.2485411492602989,0.17701639893624843,-0.5585447501483591,-2.484708142365921,-0.10488834371536693,-0.29828577178824367
-0.31758609783589764,0.5203226145445448,-0.8379087123804424,-3.5111062882597763,4.109977105716472,-0.344209117054891,-0.07485154405502725
-0.19412590942620778,0.1598544199523979,-0.3539803293786057,-2.782401426695496,2.037697417355861,-0.20175246716285722,-0.12407906027380511
-0.14391257541889402,0.2008536315391063,-0.3447662069580003,-1.863834376539541,2.3781417269988503,-0.1586958847610933,-0.12403329685554387
-0.19788367830649756,0.3866489278309575,-0.5845326061374551,-2.2622537196985255,3.6454720132856466,-0.24085792298982134,-0.05841169531846202
-0.21361513341193772,0.40722161533657086,-0.6208367487485086,-2.3168486099915526,3.5878840588506478,-0.23820246659017708,-0.05499814668579617
-0.14290221805294023,0.416600195379323,-0.5595024134322633,-1.695799932008631,4.228069703623876,-0.16068296605698007,-0.05511515919283938
-0.20586684962162138,0.1342651529117429,-0.3401320025333643,-2.0020134744537463,1.248483397621279,-0.24196541746831157,-0.07810133800399388
-0.18659100624478842,-0.1470629261306695,-0.0395280801141189,-1.8078821355351915,-1.3736652283184279,-0.1932323750085213,-0.19710908695810747
-0.17914521764518687,0.23737719362588394,-0.4165224112710708,-1.845151670317188,2.205466661519868,-0.17872157348051143,-0.08093756512020056
-0.16220800743642128,0.30018336084104535,-0.46239136827746663,-1.5068250507086056,2.5121177075077665,-0.18536945264120375,-0.07607739925282175
-0.0012113232957423614,0.14436759121058085,-0.1455789145063232,0.07455441646778466,1.5056953969912992,-0.15747837756529048,-0.1037240681047531
-0.22728811639335722,0.34229475580288504,-0.5695828721962423,-3.2147897979774833,3.8794694526578746,-0.21657691898513776,-0.05867870272368181
-0.19298476161866163,0.10417296386977082,-0.29715772548843244,-2.1217195729775273,1.1139155940087655,-0.21772715534683773,-0.13807737273555887
-0.22584516694484524,0.3589685182312985,-0.5848136851761437,-3.387317762110203,4.295592616069846,-0.24670716673875104,-0.05930307164478199
-0.21771308067583883,0.27417701723909227,-0.4918900979149311,-2.853529171198913,2.990506605709608,-0.2627346083906298,-0.04826507666512703
-0.26416514143434955,0.3633518310865276,-0.6275169725208771,-2.955158569320614,3.1953274558976217,-0.2755126410616361,-0.06418234709053894
-0.08854201783098092,0.24256517502496178,-0.3311071928559427,-0.8078327201718186,2.2288380606064377,-0.1348228389216104,-0.11430852721880835
-0.2023915662010235,0.29946727694893105,-0.5018588431499545,-2.4529164344916876,3.060843032334522,-0.23419876853446975,-0.07940330576855292
-0.127177901080601,0.09031090012792276,-0.21748880120852376,-1.535895866833508,1.1110563965460316,-0.14055221010850227,-0.09003798801483698
-0.20966901462382836,0.45957786459849603,-0.6692468792223244,-2.0179889252405108,3.5779064069221573,-0.23573360690713896,-0.05254939087238486
-0.21962262404005628,0.3115213435188946,-0.5311439675589509,-2.5404080750281453,2.9946865345621294,-0.21429823222844002,-0.07485154405502736
-0.27846899074262255,0.3739386435281322,-0.6524076342707548,-3.3640521669216246,3.4757384653651884,-0.27678629891537976,-0.05319370377449684
-0.290753475935688,0.4873362431783632,-0.7780897191140512,-4.2782840386573815,5.233168041905088,-0.2877149115729032,-0.02933286777496158
-0.2949962140401682,0.7601895059913859,-1.0551857200315542,-3.4025183921416344,6.022988200490618,-0.2835905348012817,-0.038373319230410874
-0.1717233005215828,0.38092845939395037,-0.5526517599155332,-1.4929625341776667,2.888862953614909,-0.2125168609385586,-0.11316579857257547
-0.26451532535412237,0.6321816491132894,-0.8966969744674118,-2.8940833351958895,5.037253582124976,-0.2548437173307282,-0.07485154405502759
-0.13137954163497179,0.3567537404210206,-0.4881332820559924,-1.3397213037140485,3.2604821460252023,-0.20823414824148756,-0.06267649289279664
-0.2329411170037553,0.6266926015496068,-0.8596337185533621,-2.9511126393162876,5.938062021796309,-0.2529009448517071,-0.030067666917782065
-0.2731226434899132,0.4893954783402288,-0.762518121830142,-2.6874419961821814,3.6523022723733134,-0.31518657264242145,-0.08410979736431956
-0.18738833329303695,0.3137272215231923,-0.5011155548162293,-2.5036654726219063,3.5307104219400323,-0.20143627288532173,-0.10321393447504468
-0.25038181042051355,0.5121979721123533,-0.7625797825328668,-2.6585726607533546,4.143715630005541,-0.30957109836952057,-0.08242754483468384
-0.26440247925413507,0.19319502847333458,-0.45759750772746965,-3.3799634454480207,2.0604917960213944,-0.2732164244443538,-0.12951692178755392
-0.04904568463862802,-0.10095312046863159,0.05190743583000357,-0.4961729641139736,-1.1443140285770597,-0.11188515507139696,-0.16574670354232912
-0.16456347276935734,0.2701957810485105,-0.43475925381786784,-2.286675603112138,3.2485066126372746,-0.1794218705599243,-0.0886319278280463
-0.08426544779123246,-0.15679143155604358,0.07252598376481112,-1.0360418320663358,-2.1015083432906887,-0.11957525328274643,-0.1963708656526909
-0.1869327527053085,0.36603830724842323,-0.5529710599537317,-2.1121721875939867,3.4566146415117878,-0.201163773285161,-0.052882973960402535
-0.2087436145740449,0.292746874135843,-0.5014904887098879,-2.560832162804006,3.0032629902536248,-0.20824015725802847,-0.07552379845232349
-0.1359807887544413,0.32117017062900777,-0.4571509593834491,-1.4525430129037955,3.0761109935974984,-0.19452453055121965,-0.09868818557977399
-0.23712844881956607,0.3679422860886743,-0.6050707349082404,-2.84148241139324,3.5282083692401742,-0.2640816048602229,-0.06825408967554947
-0.2242988097446823,0.35435250492521253,-0.5786513146698948,-3.2984236952301385,4.16780083267426,-0.22892196443353918,-0.04817214446162277
-0.15578917556411187,0.27187676784766235,-0.4276659434117742,-2.1997092330133006,3.341986847974099,-0.2208264182737376,-0.08030243516121338
-0.1410744259613136,0.12298405537999191,-0.2640584813413055,-1.908164999494474,1.5825723346808394,-0.17834485644013942,-0.1056032887227576
-0.30279174775741735,0.288293006535671,-0.5910847542930884,-3.2346824199162008,2.4342268840512795,-0.2989576100803576,-0.10861145946897754
-0.2142983154677408,0.3971184566969155,-0.6114167721646563,-2.0003826579189727,3.0762109420534625,-0.23181704571016815,-0.11700654012246003
-0.22235496274264877,0.4487279293800859,-0.6710828921227346,-2.4002330114411725,3.8451988642291126,-0.2415358622272109,-0.10942428527517734
-0.19559218477394258,0.08048431872495287,-0.27607650349889545,-2.386627309001494,0.9545839911492823,-0.21101969416630817,-0.1242786412617004
-0.1952967134633642,0.2663665068928027,-0.4616632203561669,-2.3464291803697224,2.756735259051034,-0.20291606630736625,-0.07485154405502781
-0.28182726462713237,0.46171694096683713,-0.7435442055939695,-3.3476435292121147,4.11326518175198,-0.2943869953027137,-0.04957395389627317
-0.2672964692807719,0.20506942779611248,-0.47236589707688437,-3.4457139381319326,2.1897058167960126,-0.2943817360880946,-0.07716066044848724
-0.26441186150339435,0.13816421104970367,-0.402576072553098,-3.6147435779551693,1.615234866953114,-0.2634579464601574,-0.1293400044688402
-0.04159288852665877,-0.1786208614949507,0.13702797296829194,-0.41159071800469516,-2.229046815977582,-0.1495882641480515,-0.22523578120400423
-0.2703900024534067,0.379119396392275,-0.6495093988456817,-3.3593338092923566,3.6394234530211156,-0.29830169352950664,-0.07361842507488292
-0.1438481656540942,0.4133971321279897,-0.5572452977820839,-1.7610753220571873,4.3207004898094805,-0.1847956273640725,-0.05806925083655623
-0.21623365210077128,0.1623310091541219,-0.3785646612548932,-2.1672672799882466,1.502682242243526,-0.23550975664511142,-0.07567458272090843
-0.1232515623095688,-0.059179607018760794,-0.064071955290808,-1.364843062784632,-0.5928707252156431,-0.18418000212540608,-0.18657821553986143
-0.1720158491546756,0.14799195046257307,-0.3200077996172487,-2.1271955444792,1.6946507290166213,-0.224554486899451,-0.0665194990525011
-0.2067517646013901,0.1298747105164868,-0.3366264751178769,-2.258153711329588,1.3320543747106806,-0.23394939384194458,-0.12180853316355567
-0.19273382465450795,0.30005861084465346,-0.4927924354991614,-2.1024795857627203,2.814885906926592,-0.2066054239305014,-0.08630989412193546
-0.21856556628304447,0.3480721753943328,-0.5666377416773772,-2.438365394754806,3.191253561019475,-0.2378778198169369,-0.08077912284053368
-0.08442655562714763,-0.05627718394814818,-0.028149371678999446,-0.9986089615843948,-0.6358243845721898,-0.15323820819388823,-0.10717428417425301
-0.322078323009825,0.4345502870143745,-0.7566286100241995,-3.644758268498364,3.586728956465774,-0.34727174590506527,-0.06566358794373528
-0.22615791485694137,0.5204397155363465,-0.7465976303932879,-3.166766996079938,5.613499618932624,-0.23097011977614035,-0.024777686527964637
-0.28347993457183196,0.6612205406123697,-0.9447004751842016,-2.760262404858057,4.60826397472509,-0.31239784605648935,-0.07186639778506443
-0.22844859398147688,0.2626885493303306,-0.49113714331180747,-2.472578480169536,2.4147097088072003,-0.24873038088349286,-0.10145676917909863
-0.2475144843701077,0.33815057873890453,-0.5856650631090122,-3.394942938192219,3.6658078310496225,-0.24278517381037312,-0.04847671365940709
-0.23217600304861064,0.4663164812378542,-0.6984924842864648,-2.802325191721921,4.3761087636249405,-0.2500423515501089,-0.0777000529033045
-0.07095381195687267,0.031639478791800624,-0.1025932907486733,-0.8942331674087078,0.47852030984209193,-0.10485521482336768,-0.08786108243753021
-0.3461803173836865,0.2497907194146598,-0.5959710367983463,-3.28078347371841,1.8849034021530058,-0.335602703860889,-0.16603183443235037
-0.21919022259685095,0.29902858738367777,-0.5182188099805287,-2.340316468059864,2.6885891976635143,-0.24364353891534918,-0.1227350545527669
-0.2929118248732552,0.6672970353522114,-0.9602088602254666,-3.257507944157517,5.204209648217097,-0.30291524236018375,-0.06651707316790689
-0.1651452924498813,0.23406676425704154,-0.39921205670692284,-1.5639260091210727,2.048892390173032,-0.1908410740304538,-0.0837765892738691
-0.14738029168560896,0.2503172869230583,-0.3976975786086673,-1.4609755268444404,2.295664583209929,-0.23473099465210456,-0.13532308872425902
-0.1959431748317383,0.48209726665589625,-0.6780404414876345,-2.0148857086591634,3.9955736633083796,-0.21933044545060854,-0.05254939087238486
-0.213057782167287,0.3613090370472507,-0.5743668192145377,-3.6962932094358814,5.023499475991557,-0.22621978833520218,-0.04691946835232497
-0.27415173008658245,0.47495114877536815,-0.7491028788619506,-3.5751808593300853,4.624247693272346,-0.2726278338438992,-0.04826507666512703
-0.17681739573747446,0.19624253772338696,-0.3730599334608614,-2.8527846659589806,2.7633301459474047,-0.19759035543396486,-0.05716704446284515
-0.23969349418003771,0.3304674180985665,-0.5701609122786042,-3.599174571025979,3.9620168077318105,-0.24274496631689835,-0.10145676917909852
-0.18019131627317453,0.25646924852841946,-0.436660564801594,-1.8480145280957831,2.350258825744581,-0.21788974691680496,-0.08225179176318087
-0.12698983010177445,-0.01266171648534431,-0.11432811361643014,-1.3529812678978697,-0.04895845127508309,-0.16492290964281986,-0.18096239825883353
-0.19781378086742274,0.15349814891820657,-0.3513119297856293,-2.834792082968004,1.9509021305220748,-0.21261548813428277,-0.07186639778506443
-0.22163685924976584,0.25470385784260796,-0.4763407170923738,-2.826302235777821,2.7227397764764016,-0.2475591975617666,-0.09702834527155124
-0.2582823780069712,0.4116003840236746,-0.6698827620306458,-2.6596763996892867,3.325826703017269,-0.2768716097995656,-0.06693444130026771
-0.21443963777218544,0.44249532048879137,-0.6569349582609768,-2.126137828283328,3.5468289883267774,-0.2534708435462515,-0.04826507666512703
-0.24257036195987614,0.4336870700584521,-0.6762574320183282,-3.1647918330370266,4.387272683572113,-0.26259404537259967,-0.037143485602031734
-0.18535383344842837,0.3614962669582009,-0.5468501004066293,-1.8538648128838526,3.076926814696471,-0.23608232297704412,-0.061682766631360075
-0.2713845082100881,0.47444656274296393,-0.745831070953052,-2.9397181327667457,3.885821951712669,-0.27466450702003575,-0.06589801835368791
-0.12631206552731788,0.3021066901284388,-0.4284187556557567,-1.3068192965974623,2.851994564106807,-0.15378476309568612,-0.09704210713041206
-0.1256725802583497,0.32615318440194363,-0.45182576466029334,-1.6019272726188916,3.6808848022799854,-0.14381189782278836,-0.05088506004502524
-0.09519721390784186,0.12541633607442937,-0.22061354998227123,-1.0107670636837984,1.3799248923558474,-0.16028782102932781,-0.08867051205394949
-0.1926360605197741,0.12148426387492473,-0.31412032439469884,-2.606460136069935,1.5109408401207012,-0.20501979224190903,-0.06667022620505514
-0.2265803618501565,0.2819793574845666,-0.5085597193347231,-2.1085969126714574,2.258334347538141,-0.25131177722765596,-0.1460071989827335
-0.25632307058507464,0.4664666548119911,-0.7227897253970658,-2.981426571641906,4.146556604598372,-0.276375778452314,-0.06841210499339367
-0.1765057225864527,0.11498311014305629,-0.291488832729509,-2.5092190652728017,1.5171552970725377,-0.20352443610981907,-0.09733036898938774
-0.17898672055109044,0.3151854758527173,-0.4941721964038077,-1.6969747598269245,2.6297504872317883,-0.23624726408382601,-0.08617349732647495
-0.21544648051711268,0.40075636824997307,-0.6162028487670858,-2.0602579509935564,3.153345173919456,-0.2268249389032403,-0.17673365637239624
-0.21859914411344483,0.5741678629878744,-0.7927670071013192,-2.756471656258599,5.526252958071682,-0.24167704700592907,-0.03178666147155096
-0.2609166846190305,0.39777716476525193,-0.6586938493842824,-3.317790627426351,3.9018068276451485,-0.27210085282922714,-0.07855682242165363
-0.1740777204652938,0.2487064528417895,-0.4227841733070833,-1.6646755340985944,2.171326343135519,-0.21079506803277104,-0.08622919280287644
-0.1867614465759464,0.2876045751887504,-0.4743660217646968,-2.607834755372625,3.408098843524383,-0.17676048836660108,-0.04826507666512703
-0.10883843930472537,0.1509313908226293,-0.25976983012735466,-1.1456772292851756,1.6048000693575493,-0.16068269859441398,-0.05863936835536776
-0.14814966630259618,0.16645670506013954,-0.3146063713627357,-1.5141962743448198,1.6437515294596778,-0.14141641775216696,-0.08713655644472706
-0.2022879678795767,0.3286703159066733,-0.53095828378625,-2.1199858943565126,2.906388605072906,-0.2468238048776974,-0.08672074362045368
-0.24557812859546957,0.479744469830081,-0.7253225984255506,-3.70993753554358,5.519045145657258,-0.2465944714945969,-0.04977908462030778
-0.14232392431325847,-0.07412031631034155,-0.06820360800291692,-1.506208273790753,-0.7127448986928022,-0.18632492301934678,-0.25801113523810837
-0.28111159090642435,0.4687467565505423,-0.7498583474569667,-3.431508473959766,4.256776480950849,-0.2791867124138433,-0.04826507666512703
-0.27404177320071454,0.30704138370678247,-0.581083156907497,-2.686823606909535,2.4432649898849848,-0.31859437738576124,-0.10140939991817599
-0.18349368428058777,0.2912118395397305,-0.4747055238203183,-1.9289156002425887,2.6751074043271004,-0.2153579483738458,-0.07485154405502759
-0.3119516208876352,0.4135508445294689,-0.7255024654171041,-3.139653736957505,3.1185702283410404,-0.32334720547310436,-0.08828443946286302
-0.2447525425033893,0.3172157642589599,-0.5619683067623492,-2.69434355335764,2.8483749786140327,-0.2547326321569796,-0.08154114458769246
-0.31373415486742706,0.6560045608208769,-0.9697387156883039,-3.6329921175050237,5.242621129358371,-0.3211244298960436,-0.05684258216358895
-0.22391952442716223,0.43962390483179115,-0.6635434292589534,-2.2371564660819634,3.5254939017248983,-0.2604900154809242,-0.05744776394566231
-0.18596401466757329,0.3127097841522464,-0.49867379881981966,-1.6825005648745661,2.4963199263324527,-0.2265556781642316,-0.0663732323616919
-0.1670135653750484,0.28658919010051553,-0.45360275547556395,-2.318289460037535,3.418255813051335,-0.17230749449251193,-0.0748515440550277
-0.2311954698257478,0.2696280183234627,-0.5008234881492105,-2.2503116256315914,2.2480302061248194,-0.2509553833324857,-0.08377658927386888
-0.12867057412143357,0.1038294388789267,-0.23250001300036027,-1.7645711436727494,1.3927564296082409,-0.13787838679784847,-0.08941294643469633
-0.2194383045943359,0.25713044894993553,-0.4765687535442714,-2.7349899078838162,2.7051287610253882,-0.21548861159390476,-0.04826507666512703
-0.13946277592299416,0.13358151875458035,-0.2730442946775745,-1.4450728195640172,1.3764817424623126,-0.1743265262982917,-0.18635644837952614
-0.24922087421739125,0.426709776113382,-0.6759306503307733,-2.9624135097426616,3.921016193777418,-0.26955412852539107,-0.0748515440550277
-0.21960290864886378,0.21401456889624626,-0.43361747754511004,-2.7794400898311222,2.3258006691673367,-0.23776445851305184,-0.08973637500103315
-0.17895612834810826,0.20870894383910077,-0.387665072187209,-1.956289699321222,2.066356685086058,-0.18707198279705728,-0.14265000814464845
-0.19837241525192806,0.1624908278349877,-0.36086324308691575,-1.819332549046473,1.4173786268523885,-0.23234806880513603,-0.12211016006571795
-0.20983908875771173,0.34416093298912487,-0.5540000217468366,-2.8999210116183822,3.884315473881125,-0.21393387676501507,-0.04817214446162277
-0.2353157306978273,0.37962666261316724,-0.6149423933109945,-2.9702907531473706,3.8069352508345915,-0.2488905740669115,-0.1378963495667922
-0.22086159118999305,0.2893322736728854,-0.5101938648628784,-3.1045593213015623,3.3458380847358606,-0.22762117764555878,-0.07485154405502747
-0.10200447836915005,0.2618266404345062,-0.36383111880365626,-0.9099941229588524,2.307359383519217,-0.18860881763180282,-0.08077912284053368
-0.17652245589076665,0.17045915206583362,-0.34698160795660027,-1.456611445896545,1.389620366002467,-0.2000918477694772,-0.11975913005051475
-0.17262955724978335,0.04613835441664671,-0.21876791166643006,-1.9309142624880609,0.566091903325687,-0.20869211435229829,-0.13224416671877093
-0.15829029763718439,0.26271086817742684,-0.4210011658146112,-2.0991268331177135,3.052272191762858,-0.20590603223802983,-0.0676648430028628
-0.2082740213145099,0.3909429004433904,-0.5992169217579003,-3.1299931546250783,4.750489874215465,-0.2148852908583725,-0.03938710162266634
-0.2809794789617197,0.5042962225561336,-0.7852757015178533,-2.735431031222625,3.6940637191778025,-0.30246069101273043,-0.06418234709053894
-0.1260909491247233,0.2531315846224098,-0.3792225337471331,-1.219724544660947,2.3125931952651317,-0.1750238292268338,-0.08178670046475733
-0.20226423180826225,0.17397965361169176,-0.376243885419954,-1.998916934333197,1.5877745259376408,-0.23490346713111465,-0.10742195765198448
-0.18904114144781936,0.26658574040615557,-0.45562688185397493,-2.07027249838833,2.5500269793735337,-0.2030653968239372,-0.085713410997451
-0.20897605454278045,0.328318071859228,-0.5372941264020085,-2.342344825680496,3.076048438845979,-0.23178140472106434,-0.06604019289993968
-0.2368492186131893,0.6838119095402619,-0.9206611281534512,-2.808570528708768,6.004088706533954,-0.24806096859041726,-0.04826507666512714
-0.15295244438518407,0.18860424274693566,-0.34155668713211973,-2.176322983038493,2.4277264879144016,-0.1730137318238436,-0.09647026099341549
-0.15805222639556815,0.49786929215899045,-0.6559215185545586,-1.7376441176697535,4.548373268750787,-0.21086615927338614,-0.10945158607383465
-0.1298927865211632,0.03369887436959429,-0.1635916608907575,-1.5939660676052068,0.47440828598398077,-0.21178443671510305,-0.1853467117280686
-0.22113888673218007,0.7301322175899823,-0.9512711043221623,-2.4096787765477794,5.898964892631652,-0.25256468405479604,-0.05076244941791064
-0.09777337712986178,-0.07739785114871855,-0.020375525981143228,-1.3462858616638707,-1.0448639244525282,-0.13476064038546498,-0.16509142495004303
-0.19848996356396886,0.2563540257109205,-0.45484398927488934,-2.6390604563785565,2.9014810815358447,-0.22449750986140493,-0.04826507666512714
-0.28339103057391457,0.8252461997004423,-1.1086372302743568,-2.92986688877772,5.875974906437429,-0.29586417126660935,-0.06107822657658202
-0.27099843440842397,0.27504139035301756,-0.5460398247614415,-3.138121814679949,2.5801789323145123,-0.27714691736768415,-0.04662696902156338
-0.30888174941803503,0.5774981898809985,-0.8863799392990336,-4.16707837396055,5.5025915354215575,-0.3059208504704385,-0.030109304691640193
-0.1845363556918176,0.2676173215824589,-0.45215367727427647,-2.0395726585685656,2.5967978608984037,-0.20731556520442074,-0.0748515440550277
-0.2983294199660851,0.5307704804340776,-0.8290999004001627,-3.4653200395188017,4.467227790337563,-0.3255498753823791,-0.07485154405502759
-0.24608479202197509,0.4773746167651016,-0.7234594087870767,-2.645624269484661,3.9784100171579975,-0.2645233895951029,-0.04826507666512714
-0.24820617224659247,0.45388975681939003,-0.7020959290659825,-3.5986384565577496,5.044399255320656,-0.25240441705592653,-0.037132875757229344
-0.23025369059005918,0.4360261775381278,-0.666279868128187,-2.590659428244791,3.8715398999517183,-0.24148003587554967,-0.04817214446162277
-0.13587813070040478,0.10159393775295245,-0.23747206845335722,-1.471986540295566,1.1200499178369594,-0.18847344382676434,-0.15676141604818605
-0.19778699852179982,0.61326427704266,-0.8110512755644598,-1.943281253697065,4.710011744341123,-0.2518141182719047,-0.08180028792883376
-0.2615644914788112,0.3933698406499735,-0.6549343321287847,-2.7653930463338945,3.268249148319661,-0.29661947684186196,-0.11720364982999332
-0.2976376495699381,0.6434931586044583,-0.9411308081743964,-3.4861579175219584,5.302442336900811,-0.3006056472762041,-0.04964792749976865
-0.20001302088929163,0.2367264876777384,-0.43673950856703003,-2.740703144612984,2.7677454874416996,-0.22530253774678322,-0.1049280532168162
-0.23656019289187125,0.24173315336372125,-0.4782933462555925,-2.7528284072186704,2.3720430314395142,-0.2613466972789059,-0.13346962502757043
-0.1562461649060911,0.24605572999332792,-0.40230189489941903,-1.5313764072634755,2.2210983085742684,-0.1882536999071016,-0.08377658927386866
-0.13968804497316656,0.5810093172147772,-0.7206973621879438,-1.7042473681019905,5.826685105955463,-0.17965454904370837,-0.05254939087238497
-0.16261871837961683,0.1747088309081022,-0.337327549287719,-1.4620147811890618,1.531946709993184,-0.19796746245876728,-0.11641934586753255
-0.23556337768752822,0.7054051021926628,-0.940968479880191,-2.499360946189782,5.526127943749996,-0.26294877409779105,-0.04826507666512714
-0.18362158576111975,0.4079752160211334,-0.5915968017822532,-2.550779452571174,4.652248493826096,-0.2316468815262207,-0.06509787635479825
-0.10928805958207077,0.30600774001907705,-0.4152957996011478,-1.1971396420889084,3.089349935975367,-0.13951901286934465,-0.06190402133302164
-0.11899965520765521,0.08614130168042022,-0.20514095688807543,-1.0999378022566397,0.8796938121617616,-0.16573783299884703,-0.08896882809979301
-0.23538930242490452,0.3158893040471755,-0.55127860647208,-2.473223249851874,2.7475806161330967,-0.2487239222873252,-0.10441983302191271
-0.241893813029751,0.4210476267134029,-0.6629414397431539,-3.5776551720509855,4.849964559703926,-0.24208853901588123,-0.02933286777496158
-0.09790878048670926,0.13631213375976858,-0.23422091424647784,-1.0699018377205176,1.5167660877721432,-0.13233566769563432,-0.11867492990228712
-0.31105239433815146,0.7001815124075204,-1.0112339067456717,-4.041385886612182,6.2550276834179,-0.31454709808507775,-0.02933286777496169
-0.24937615959562354,0.4497428774139278,-0.6991190370095514,-2.629847488347515,3.683613165686162,-0.26218874731477493,-0.10074873745319912
-0.23124313067239133,0.3770111401139571,-0.6082542707863484,-2.8304593296011062,3.6816940145880714,-0.22212932857504453,-0.08377658927386922
-0.18291163170126523,-0.04352869733581877,-0.13938293436544646,-1.8863417878293605,-0.3443797399995031,-0.18417706122322763,-0.18563454138792534
-0.17001982344842725,0.2632753159690244,-0.4332951394174517,-1.6263445643467105,2.2864799924005386,-0.17134220711578652,-0.13091313335098564
-0.14427694396087254,0.2605045966842261,-0.40478154064509864,-1.7619924770996294,2.8360600106217717,-0.1486111457343946,-0.08415903966099114
-0.13125377836240693,0.30266638661802925,-0.4339201649804362,-1.552709384224267,3.188768606699502,-0.15506019346051048,-0.08400563367011338
-0.21020163895578492,0.24670163766907005,-0.45690327662485497,-2.456973218663212,2.4819591638313288,-0.2111330096706595,-0.08560894053176138
-0.19376393777684953,0.10181005013860389,-0.2955739879154534,-1.9788340420129173,1.0267902661965076,-0.22488655682771486,-0.1100807216704991
-0.2850449575875058,0.640432665547779,-0.9254776231352848,-3.2646833973425307,5.212714036064608,-0.2863017818816115,-0.06595865595456252
-0.16712552638808642,0.3200001978906275,-0.4871257242787139,-1.7633231411944912,2.942789360288149,-0.20467699947330142,-0.05783172189438379
-0.07581359547536637,0.37818970476273295,-0.4540033002380993,-1.0405235575524436,4.731754883718717,-0.10993288319193817,-0.04817214446162277
-0.24950320890067912,0.42847649583563485,-0.677979704736314,-3.4981981272994216,4.636482057114942,-0.25566109259818204,-0.02933286777496158
-0.19837407321824652,0.4304930843838819,-0.6288671576021284,-2.0815232649621604,3.7067926351577363,-0.2106353548768879,-0.08228000730852025
-0.13895370107914118,0.0068745458007521965,-0.14582824687989338,-1.4940232380219491,0.15809571071428474,-0.17103413959862934,-0.1707144852704231
-0.20031026977420863,0.3184376724414504,-0.518747942215659,-2.2156523859671333,2.9895685349280283,-0.20974199322577491,-0.04826507666512714
-0.16577203438618926,0.3866002520063625,-0.5523722863925518,-1.6262645505500992,3.2700220807936127,-0.20777447115908287,-0.07329179832031096
-0.31652254437218386,0.41890678235121026,-0.7354293267233941,-3.6038418830573318,3.5153544134463734,-0.3145016020385223,-0.0837765892738691
-0.18721328873602172,0.3571152104257447,-0.5443284991617664,-1.8437874217518249,2.9961573110431314,-0.2064600541059851,-0.08820971569844116
-0.18550825600162246,0.00904249870695617,-0.19455075470857863,-1.7901804221604731,0.1814983078071804,-0.21743179369158405,-0.2116684325120548
-0.25090980279823916,0.6116146664050452,-0.8625244692032844,-2.8226272031239423,5.078935491832783,-0.26484344215173683,-0.04826507666512703
-0.1931737684023006,0.11194763216185288,-0.3051214005641535,-2.0510649822914293,1.1506596438660541,-0.20407297317368367,-0.1611207411321035
-0.1841820065911054,0.023619401994053435,-0.20780140858515883,-1.8067706153706051,0.3152555433653952,-0.2101679206427829,-0.22603212246093762
-0.2047403289606805,0.35541105225762903,-0.5601513812183095,-2.1713390092195977,3.143728629250564,-0.2092509223793355,-0.05254939087238497
-0.21338441351038662,0.11664269140061734,-0.33002710491100395,-2.5292774525269226,1.2876524276752874,-0.24286144703817703,-0.13170402942200587
-0.10065149132594775,-0.16577938646539347,0.06512789513944572,-1.0609937568212398,-1.8941219081347958,-0.13636496256023023,-0.20898229586693862
-0.26542102222641295,0.6154453404022229,-0.8808663626286358,-3.4324943178347618,5.783313069509353,-0.26401150774393733,-0.02406084361833294
-0.28263011080492073,0.24144769119246345,-0.5240778019973842,-3.0797932841990883,2.163230111543812,-0.3193919496983447,-0.11347243671559515
-0.3241342554690094,0.716068027192797,-1.0402022826618065,-3.616186361279209,5.386972166942515,-0.3180956026436125,-0.05239140866726444
-0.2056455191931813,0.38026320501185906,-0.5859087242050404,-2.6136851590869203,3.927960636648488,-0.2155929722306391,-0.05913750693293929
-0.21881780922070948,0.634930280157278,-0.8537480893779875,-2.3557459237683216,5.1794256344496254,-0.25956845175222565,-0.04826507666512714
-0.23665870330072014,0.4920709180751699,-0.72872962137589,-2.7567379000576495,4.423784806107706,-0.2579463828503553,-0.04826507666512703
-0.2522095547944363,0.29421528683905485,-0.5464248416334911,-4.104272971176028,3.8281028533882844,-0.255699023031721,-0.025085316654514522
-0.22700550449944978,0.4146815852728838,-0.6416870897723336,-2.041314638548233,3.047478637508459,-0.2680290155216297,-0.1009007975808206
-0.1518037278156089,0.12915393256781904,-0.28095766038342795,-1.7135710030137867,1.4126165150351364,-0.16591007302114946,-0.16379804148369292
-0.18525341340345391,0.18520136085863914,-0.37045477426209306,-2.7807576432567642,2.4260669166193547,-0.2011296555247749,-0.08610506344074675
-0.19576882078127533,0.23050386524835642,-0.42627268602963175,-2.2593464162826815,2.3333441294255275,-0.21052979762691237,-0.10651045748980048
-0.1671226066949939,0.4762225814300094,-0.6433451881250033,-1.8623152407234795,4.370697016166994,-0.183690706581086,-0.05910432341306293
-0.22741100204544773,0.4431147952767298,-0.6705257973221775,-3.113125167332814,4.726544961770343,-0.24118188817374386,-0.04817214446162288
-0.2181380088576863,0.4093765492582522,-0.6275145581159385,-2.395878935752483,3.6272564805600545,-0.2434248885538246,-0.04817214446162277
-0.16367523695495378,0.030516409401530886,-0.19419164635648467,-2.1465320563969947,0.447552123908796,-0.17046249248719647,-0.132609840160978
-0.17241964888257588,0.10769045642913433,-0.2801101053117102,-2.0795931534948573,1.2456917654864814,-0.16984323618272223,-0.08377658927386933
-0.15667737423513162,-0.0446583048418181,-0.11201906939331352,-1.8720524915089234,-0.4420781405458951,-0.19201478843437103,-0.13768439969069846
-0.18699060586492366,0.2957568617781252,-0.4827474676430489,-1.8648565725816322,2.577138293171707,-0.2501275868320849,-0.06643642678295392
-0.1864245099271693,0.3554283395283564,-0.5418528494555257,-2.258703138267899,3.5895547156941445,-0.19553599492468265,-0.05503552149324342
-0.26277832543991164,0.6912734432571843,-0.954051768697096,-2.6573119903211144,5.046850745713344,-0.2746390000906568,-0.07485154405502747
-0.21724696879501137,0.44804518757712564,-0.665292156372137,-2.167648339152848,3.6075753986937955,-0.21961939853781498,-0.05716704446284526
-0.2867313004251284,0.7117663767690141,-0.9984976771941425,-2.9286703385092885,5.103819649383632,-0.2601765306411896,-0.07485154405502759
-0.19631545845528175,0.2723556209782132,-0.46867107943349495,-2.759335930056377,3.2418573365130725,-0.20198712867486368,-0.05433734355048914
-0.26164423901593237,0.349373774434794,-0.6110180134507264,-3.8897539161502968,4.02135994959358,-0.25883118123229565,-0.04817214446162277
-0.0965187291302122,0.3611414103360324,-0.4576601394662446,-1.1585930924306298,3.9617202100467415,-0.13308212253387686,-0.04826507666512725
-0.1605776608736268,0.03149178702159383,-0.19206944789522062,-1.899361857477468,0.43166050892904606,-0.19253286901383015,-0.12939082731491924
-0.21195264532514813,0.3068689310314059,-0.518821576356554,-2.803867426874283,3.343161732583647,-0.24433018622101232,-0.03752720823737221
-0.17831812441445294,0.46460353356862494,-0.6429216579830779,-1.9155022362129748,4.10159173268397,-0.1951485122600668,-0.12466148035252667
-0.16045958112937564,0.4250851704966909,-0.5855447516260666,-1.5013410697113962,3.421723620166372,-0.18113269516727293,-0.05262836228658663
-0.23385693968500765,0.538390068727749,-0.7722470084127566,-2.8545678845455926,5.007454552374135,-0.28492027444584134,-0.06288306352483697
-0.3288566177967721,0.635077575547516,-0.9639341933442881,-3.7380462112566746,4.954580751675689,-0.32242937431035756,-0.07107392564530446
-0.20879953444240418,0.2734323813307289,-0.48223191577313307,-3.213063163837886,3.5046144845384997,-0.20287666262747994,-0.0431042629983045
-0.30531582827579085,0.5649658637731132,-0.870281692048904,-3.422385082720114,4.505751765640841,-0.3085788241608649,-0.04826507666512714
-0.2613211517970233,0.4113711336968531,-0.6726922854938764,-2.7222555572421445,3.35138419175077,-0.27111498744319507,-0.10581084720481215
-0.3543033806379856,0.4767348462604766,-0.8310382268984622,-3.572888869452834,3.4044850639426514,-0.3462600532526915,-0.06566358794373539
-0.15130817248932427,0.1705528668456422,-0.32186103933496646,-1.9270199369172045,2.0062851075504566,-0.19224247730912603,-0.13647746798841254
-0.21503102395911455,0.3844576651320448,-0.5994886890911594,-2.9877138937779413,4.301564303936793,-0.23253306904594717,-0.0451785020029577
-0.1829767914653525,0.13937294015833412,-0.32234973162368663,-2.2791251202533083,1.603628400956717,-0.18426795713571098,-0.06418234709053894
-0.19477308548866823,0.13701712120691445,-0.3317902066955827,-2.0016468610508467,1.339821501602856,-0.19777632994624195,-0.13329602755140812
-0.1246327178223261,0.013479546664039166,-0.13811226448636527,-1.340361273465957,0.22807518102562008,-0.15294492122064496,-0.10287901093497587
-0.2773960924645461,0.2793150405291984,-0.5567111329937445,-4.033374738550314,3.1697113291738974,-0.28196284681046324,-0.12594101888381004
-0.233379193234021,0.3231001352980376,-0.5564793285320586,-2.6540679369712796,3.012357406806816,-0.23791693170460526,-0.06965660070478974
-0.19191582205070024,0.3177551464389603,-0.5096709684896605,-2.4092431538347876,3.345232432973581,-0.22032102799781994,-0.08377658927386922
-0.19999395673822395,0.47520271068365827,-0.6751966674218822,-2.092081723145856,4.01423767362636,-0.22059810121466727,-0.05608843861076418
-0.249541885433196,0.4518897689308463,-0.7014316543640423,-2.7636868710638365,3.87606764941211,-0.2670713307245193,-0.07485154405502759
-0.1579598646484044,0.47852590077704527,-0.6364857654254497,-1.5346966384858265,3.9231747035858002,-0.21284299173785537,-0.04956096074764038
-0.3260346444523293,0.5284197679248666,-0.8544544123771959,-3.5399015855147242,4.055794165412419,-0.33284721202357825,-0.08539006092364387
-0.16707692680724107,0.14750571925359157,-0.31458264606083264,-1.9337006293725392,1.6080197040082704,-0.20195014489279595,-0.08909358871140394
-0.12645558887433717,0.20441712692896896,-0.3308727158033061,-1.3938883647343456,2.1371339569769727,-0.1785390091025455,-0.0748515440550277
-0.21325258678472636,0.4335839601197673,-0.6468365469044937,-2.060367793503815,3.4190408060869886,-0.25756348252196726,-0.05500848598171648
-0.16369857833726686,0.13951254290516446,-0.3032111212424313,-1.8188260754580956,1.4813807106449857,-0.19321707549928036,-0.1425819582335709
-0.2778506368583489,0.5393958950556028,-0.8172465319139517,-3.11115098406942,4.445473839679438,-0.27642978956269704,-0.12533445661602338
-0.2192836920865857,0.4345401762852581,-0.6538238683718438,-2.0256513843803425,3.2752828610649214,-0.24824989890521776,-0.06490002826071928
-0.20892129863921016,0.49844435169627266,-0.7073656503354828,-2.8742598508736026,5.386099559330088,-0.22253742442106683,-0.07222568669864082
-0.24371574708671162,0.12082969132488586,-0.3645454384115975,-2.982770847488727,1.3270506859777254,-0.24632397073018963,-0.1388562787035874
-0.023149245750494596,-0.0148138191035746,-0.008335426646919997,-0.17944555566629572,-0.08592691510948933,-0.12954497772457507,-0.09750826591921502
-0.22691422599746525,0.24564866509137917,-0.4725628910888444,-3.2552191222303866,2.9069490718011735,-0.2254449454503472,-0.04817214446162288
-0.2292505256002464,0.3333144527527159,-0.5625649783529623,-2.2601073292904847,2.7375751339662138,-0.2828669552083376,-0.1052601717874101
-0.10466760344707915,0.16878066122738478,-0.2734482646744639,-1.068683770507083,1.7325138902402868,-0.1886965363897326,-0.09273277971378502
-0.13924590864729713,0.26201614640869497,-0.4012620550559921,-1.6158674882955193,2.7482933128865654,-0.18633791976551894,-0.07308123902371422
-0.2072398240921247,0.2012362674794197,-0.4084760915715444,-1.883231505283548,1.6895123751157248,-0.247410231862486,-0.08053908779298347
-0.17460312870598438,0.05675848805089556,-0.23136161675687994,-1.9494071017927819,0.6724389349834671,-0.2251320718082398,-0.10568200693530094
-0.13574926457441538,0.2077336802587355,-0.3434829448331509,-1.2218067010333817,1.8282600653299652,-0.165164612275724,-0.10357032748441286
-0.13051778738990194,0.05353145195596021,-0.18404923934586215,-1.4473343002871641,0.6560168791670777,-0.16038467545737656,-0.11562345209675362
-0.06605362889448396,0.04686078101737112,-0.11291440991185508,-0.7278456845838001,0.6211390585587206,-0.09819852734882317,-0.10141699957973993
-0.28094677445444793,0.26175251743179606,-0.542699291886244,-3.6718060333030773,2.7045215960520785,-0.28615825398496797,-0.04817214446162277
-0.1844670196020699,0.44121174190675294,-0.6256787615088228,-1.8163531485350963,3.6045751428852006,-0.2041470085855407,-0.10671234197073276
-0.17481237896919244,0.1612818464334591,-0.33609422540265155,-1.9903252274253984,1.7099235611382881,-0.21697741352140865,-0.08461594321048882
-0.17024135639850124,0.27183099295541346,-0.4420723493539147,-3.092855953117308,4.199492719109343,-0.2027152143714427,-0.04773864323838639
-0.2235598973371703,0.29731686722887907,-0.5208767645660494,-2.756668938589086,3.0313556746331702,-0.25284335576360306,-0.07485154405502759
-0.23829417020786114,0.42413666741582046,-0.6624308376236816,-3.600711712814714,4.957951910992872,-0.2555706959896169,-0.07485154405502736
-0.25867308052020843,0.19289697794422467,-0.4515700584644331,-3.0046983734530257,1.9019112308405077,-0.2607558834443485,-0.10498950109194427
-0.2540659552719049,0.44942248323420686,-0.7034884385061118,-2.168588955856935,3.0600003824374213,-0.2574856710669928,-0.07699249412054521
-0.2723517229421013,0.5354643614626164,-0.8078160844047177,-2.745151035743711,4.019813705625095,-0.28611782257516394,-0.06945781031633524
-0.13685081389804088,0.28118867094342526,-0.41803948484146614,-1.510095076539013,2.805481435568154,-0.15858690139519693,-0.12403329685554376
-0.14114019299625324,0.2746966925943384,-0.4158368855905916,-1.8448463483371953,3.1813757235865445,-0.1920674767625068,-0.05508355208848359
-0.16630477754611384,0.27051282070620175,-0.4368175982523156,-1.5360767287265482,2.2745336457139977,-0.25622613065916333,-0.09619908182113501
-0.2352371529321522,0.3269658819393646,-0.5622030348715168,-2.48242506069006,2.843884696440527,-0.259375401315569,-0.08240678354479469
-0.15766328384216177,0.14076200990826004,-0.2984252937504218,-1.6474957455250923,1.4300216122494607,-0.21158180371383317,-0.10796508782367642
-0.251687161059547,0.5055748093601364,-0.7572619704196835,-2.763793689317436,4.236492722980567,-0.2578608763403286,-0.04826507666512703
-0.25546932430258495,0.21833619700999662,-0.4738055213125816,-2.948048693917077,2.123457550898731,-0.276779116399242,-0.08881723503459371
-0.22452804211120814,0.47662768400321776,-0.7011557261144259,-2.127531355233258,3.608276612334173,-0.25508272100120877,-0.09003798801483687
-0.2343004257132043,0.6087936932212559,-0.8430941189344602,-2.978070862906407,5.821894266555968,-0.23422015232539573,-0.02963119404983927
-0.20717423741295327,0.35922224138128267,-0.5663964787942359,-2.7933016847660364,3.9436600897231857,-0.21173005548970114,-0.07485154405502747
-0.2538089944575559,0.3711828690142833,-0.6249918634718392,-3.3651575800977094,3.8537505556101648,-0.2726987178875684,-0.04433237209618046
-0.09363347959417445,0.03521010046684525,-0.1288435800610197,-1.397176956668023,0.5783659159116414,-0.1865388796999674,-0.20168978995132392
-0.21944165652126735,0.3809728236632408,-0.6004144801845082,-2.4322359829106435,3.4331117007203527,-0.22377223115888167,-0.05339593467516612
-0.1556772366748167,0.2148188892662526,-0.3704961259410693,-2.022093665121972,2.5243654121492036,-0.20521019634713888,-0.07908139716222695
-0.143977071030729,0.34669640213435904,-0.490673473165088,-1.7507844567849948,3.6810559719999563,-0.17354203115136302,-0.07890727110163354
-0.14502521846502947,0.35016063656923535,-0.4951858550342648,-1.2314729905263702,2.7112055629552434,-0.21666210530815777,-0.10323503359566599
-0.17962529502633684,0.30923176576917766,-0.4888570607955145,-2.386399438573881,3.485424168207605,-0.19421581543873023,-0.04826507666512703
-0.179832342818539,0.2660819727452495,-0.44591431556378847,-1.6932086076258868,2.2605107333977923,-0.20532200437283132,-0.08276299628540906
-0.2705633825252398,0.7350699286553128,-1.0056333111805527,-3.1382417188061056,6.036469350504468,-0.27327343993294906,-0.04826507666512725
-0.24443821764235096,0.24025149588451078,-0.48468971352686174,-3.0543892001711583,2.5062697731075527,-0.2635782239878214,-0.07861282009417658
-0.15241253113737097,-0.07194823744527834,-0.08046429369209263,-1.4044870694374731,-0.58071855744423,-0.19171903014131442,-0.14514195274443664
-0.15977446943318685,0.2762180192810706,-0.43599248871425744,-1.8349697254345765,2.80794115346955,-0.15603535050178097,-0.07485154405502747
-0.2867322411432185,0.5502722656836507,-0.8370045068268692,-3.3022454583202614,4.600128142339205,-0.3013182120056658,-0.04826507666512703
-0.19300611683458824,0.5500922885558082,-0.7430984053903964,-1.9940275640053087,4.516547021608487,-0.22064362810031146,-0.056943265807892884
-0.2578328813169448,0.3700181121825261,-0.6278509934994709,-3.1970852309553837,3.5885124080616655,-0.26782578969556603,-0.051503795448929246
-0.22271708064122275,0.32174622212298076,-0.5444633027642035,-2.9576081067830087,3.497402064382812,-0.25287148330023324,-0.036361455569169254
-0.27666149357519254,0.5094190038103528,-0.7860804973855453,-3.3618106489532362,4.59423125338641,-0.2837947301091589,-0.06158159101045502
-0.12526766292458702,0.2336610853136094,-0.3589287482381964,-1.1196780070869818,2.0330018995759236,-0.2228683797815012,-0.08383605605833633
-0.2608752066643204,0.2789198476429413,-0.5397950543072617,-2.819473097906252,2.469414866108186,-0.27153155355204905,-0.086635620248659
-0.1791715401961912,0.1559606467408674,-0.3351321869370586,-2.1391829611384097,1.717592609745189,-0.20625437914477907,-0.07788948447991573
-0.2650406532737032,0.6955792022764742,-0.9606198555501774,-2.832723785828779,5.345148435146408,-0.2692739742380451,-0.04396079783394857
-0.12602978206295223,0.037788790873876765,-0.163818572936829,-1.7542115186493545,0.5681404582364411,-0.1545476772838137,-0.08900291378489356
-0.2610691605040386,0.2870521617284647,-0.5481213222325033,-3.567753438479367,3.120323480575094,-0.26716602748905993,-0.076048178432635
-0.29559969609645953,0.6793960902276555,-0.974995786324115,-3.2789219636617433,5.274691776946611,-0.30249180946366117,-0.05138760231611239
-0.2392356995695849,0.40453009189982225,-0.6437657914694072,-2.6713814621131475,3.580226938292148,-0.25097618199428473,-0.1014567691790984
-0.23377063367485817,0.5237397691735834,-0.7575104028484416,-2.288666453924644,3.980379727433955,-0.23188308317268325,-0.06187838192783057
-0.21518115509140667,0.1282261117073531,-0.34340726679875977,-2.4078140556494074,1.327973649438188,-0.22581677362737007,-0.17960799091883273
-0.18488232393320647,0.2430977706851154,-0.42798009461832187,-2.0817409153997684,2.4101227926275066,-0.21401548612298615,-0.06397292324925585
-0.208022387868123,0.30023922965440764,-0.5082616175225306,-3.1607093467454352,3.783723091645938,-0.22193547278435033,-0.05716704446284504
-0.1995492485722713,0.1444725920417136,-0.3440218406139849,-2.6989495873261116,1.756079029777321,-0.22437833926655215,-0.09507007074657192
-0.20044113201033342,0.5317441089242219,-0.7321852409345553,-1.8809768571533103,3.986531973262893,-0.2406867334507805,-0.08377658927386888
-0.2897518873355327,0.5528706424649805,-0.8426225298005132,-2.6825231659650677,3.766496892566141,-0.3012687162611527,-0.07485154405502736
-0.12709944939716056,0.2723977427952773,-0.39949719219243784,-1.4937415349856318,2.91077828047576,-0.17417465618868022,-0.07794377367834115
-0.3188694383503178,0.6040710471601567,-0.9229404855104745,-3.951116856248205,5.193319955925569,-0.3237905264763552,-0.04817214446162277
-0.1761258944169396,0.40743969807045155,-0.5835655924873911,-2.0672225482709954,3.970011424565652,-0.21376414301663127,-0.08346653919936053
-0.24060829910405057,0.6347488271909725,-0.875357126295023,-1.988665144158694,3.9859146026929033,-0.30439853458991795,-0.09678843989727903
-0.2692367918515327,0.6112941017845295,-0.8805308936360622,-2.7483950421650793,4.554243349220632,-0.27918989208341927,-0.06823966834111872
-0.17319517440418353,0.30195421603316386,-0.4751493904373474,-1.7921429089999705,2.733988973381858,-0.18929923353811717,-0.0681068046310972
-0.3189610919142227,0.6800948918078495,-0.9990559837220723,-3.5770273061931124,5.215404019059918,-0.3201641623288124,-0.04826507666512703
-0.2634031912822338,0.333360631241304,-0.5967638225235378,-3.0595426233706786,3.0696592197684844,-0.25935244522748957,-0.07186639778506443
-0.18780825739468854,0.3563565702022049,-0.5441648275968934,-1.8407569994907882,2.983563697264958,-0.22826226656325743,-0.12408410963342575
-0.32500320164552166,0.36647958317436236,-0.691482784819884,-3.711770872324858,3.1157671151338246,-0.3267616422225643,-0.12370969048300784
-0.2430556398041317,0.49525553623750374,-0.7383111760416354,-2.802828870939958,4.394482626412563,-0.2477495301690047,-0.04068097564130024
-0.2319501657578238,0.16021646641629195,-0.39216663217411574,-2.3903089171416334,1.4963671400242748,-0.24950382781723235,-0.1151963024871806
-0.21282335468738467,0.31672613454999277,-0.5295494892373774,-2.465675969508763,3.059011680861615,-0.26156474863820056,-0.0718121650624477
-0.2083265181192373,0.40152308139955717,-0.6098495995187945,-2.100779983352054,3.340223097167792,-0.2237300348583564,-0.05838655287761585
-0.1273070356772107,0.01088049956203152,-0.1381875352392422,-1.5163463434369284,0.20494006164873282,-0.1429914862427596,-0.16754240988966052
-0.14762838364695263,0.1730635873925681,-0.32069197103952074,-1.5847192467573152,1.7652923403661889,-0.18772626561291283,-0.14405918624437453
-0.16283600060258974,0.3315516560987726,-0.4943876567013623,-1.6520991221151387,2.9576031770518942,-0.20618384030272552,-0.12050436115385688
-0.2740424620066375,0.708180082448362,-0.9822225444549995,-2.7154285727210135,4.995468267232901,-0.29293278164764136,-0.04978806408411951
-0.20036441024165252,0.17589190651617415,-0.37625631675782667,-2.561907942175174,1.9995851789882537,-0.22562713826127145,-0.07712849153534507
-0.2504268929569843,0.4107281586603675,-0.6611550516173518,-2.9236003804931885,3.753636321264965,-0.2832099353797448,-0.053317409088626144
-0.20208177121133442,0.23329471381383593,-0.43537648502517035,-2.283076373438948,2.304269669578848,-0.20993682359874422,-0.10299214900633247
-0.32221631564798314,0.6373517179760266,-0.9595680336240098,-3.0590873063102184,4.224588235498261,-0.31597434031087546,-0.06418234709053894
-0.1470940791602081,0.13904073240705528,-0.2861348115672634,-1.8137216175896809,1.632892413847783,-0.21599058216630695,-0.07453329709606338
-0.09507144682175794,0.23969330787847754,-0.3347647547002355,-1.0065230391645625,2.4612619590005833,-0.14024577278913952,-0.10928692861329203
-0.34432543283119155,0.40414981163007213,-0.7484752444612637,-3.5086790299711095,3.021055945742943,-0.34754981219725534,-0.07485154405502759
-0.22838824244434364,0.22136988662981283,-0.44975812907415647,-2.7158691229451417,2.2559425591330173,-0.25047314326786563,-0.06999187956672792
-0.30101739123604776,0.5087704384266716,-0.8097878296627193,-3.267109568013452,4.024109236847305,-0.3167362091917135,-0.09419807524487733
-0.12257217868114945,0.11472530574131468,-0.23729748442246412,-1.6208683910360815,1.4783214408603431,-0.1641348189466012,-0.07041954561264385
-0.27898029005549596,0.5768332247311154,-0.8558135147866114,-2.5527554935013583,3.9096440509676316,-0.30048281441795477,-0.07485154405502759
-0.25909841674638867,0.6118109204073703,-0.870909337153759,-3.1139606798937787,5.39402531888468,-0.27024834684297894,-0.07152944222652735
-0.20591084661045522,0.2824438110792242,-0.48835465768967945,-2.542384193021368,2.9454925616646412,-0.23844241424153134,-0.07485154405502714
0.02719537451095788,-0.04054476799060647,0.06774014250156435,0.4021695252089129,-0.43033885113780385,-0.11442467757299246,-0.18437099742101926
-0.22140040019255924,0.3202917261392648,-0.5416921263318241,-2.555077001853924,3.0469989960159447,-0.2603926589817598,-0.10816428152638802
-0.1255044622055217,0.08140212036510186,-0.20690658257062355,-1.8054382792894337,1.1622038454305246,-0.1316903767685339,-0.10257861037957139
-0.17215262148697175,0.034535930301252016,-0.20668855178822376,-2.0318648978173606,0.4620468691470267,-0.19677885561783148,-0.09296544744314506
-0.1815558554304304,0.2049810817349884,-0.3865369371654188,-1.9567778372160975,2.010097553050897,-0.21419394876271536,-0.10826936043599378
-0.14165258596522368,0.32394107181729637,-0.46559365778252004,-1.2684204121641538,2.658295563339115,-0.18179875661187095,-0.07310067612126336
-0.2312330587550161,0.3944547514273984,-0.6256878101824145,-2.9192729450122514,3.936110503416369,-0.24516684190885096,-0.07485154405502747
-0.25269455832555554,0.3651048363453626,-0.6177993946709182,-2.3701810243118713,2.788138082025449,-0.24304766115249543,-0.12713562549812052
-0.1522393822104957,0.023788486235059247,-0.17602786844555496,-1.5444008669850542,0.3252281173394516,-0.15977878401351386,-0.14088610889622566
-0.12089482847082689,0.2716585706541539,-0.3925533991249808,-1.363662821312535,2.8138167576783415,-0.16306366034722808,-0.06094388037323639
-0.15926232318768296,-0.028861578787349296,-0.13040074440033367,-1.8881041308472315,-0.25231763531786044,-0.16776146709420525,-0.12311435053106667
-0.2260033082920896,0.24110263634771245,-0.46710594463980204,-2.6581906445663313,2.4107583109929562,-0.2610838443461767,-0.09465638631533946
-0.2743501969591522,0.47327609949370775,-0.7476262964528599,-3.367509983931588,4.352713752753374,-0.2803374830357014,-0.06418234709053916
-0.24239364630961524,0.2661890150678303,-0.5085826613774456,-2.946551379160953,2.685221280887545,-0.22347274566269493,-0.08498619993655365
-0.15298375023745603,0.1989213365873288,-0.35190508682478483,-1.6712210239968635,2.017931652271415,-0.18742453070024068,-0.07356798157623601
-0.19949818011050924,0.40498187727825874,-0.604480057388768,-2.539703294746751,4.185105378045123,-0.21189296142340663,-0.08961691586601339
-0.06847490254873956,0.12113793148814134,-0.1896128340368809,-0.6045218033484203,1.2234970703978054,-0.12958824346256348,-0.1566281010080368
-0.218880433702749,0.5497862843656236,-0.7686667180683726,-3.4101953446191575,6.585076311225531,-0.21838130134994482,-0.017446148561081176
-0.21090688810738523,0.3672269652757456,-0.5781338533831308,-2.5392318893757007,3.601828435450919,-0.24807033518671684,-0.07545117036988802
-0.26384857274080176,0.6411879371935079,-0.9050365099343096,-3.5260919172465024,6.194367507432124,-0.2591623805779203,-0.021287749339338524
-0.2264458776513788,0.5694700721362571,-0.7959159497876359,-3.4955411823186244,6.744833424697122,-0.2544962426823856,-0.03178666147155096
-0.14592462314265742,0.16900107369600725,-0.31492569683866467,-1.8833838119447666,2.0268557153075144,-0.16162489806153568,-0.10563496483886892
-0.24623934913088663,0.47253957393897084,-0.7187789230698575,-3.322164889895088,4.871952704857199,-0.2484701616010505,-0.04817214446162277
-0.1972396955734398,0.20858912480791347,-0.40582882038135326,-1.8819842818891133,1.8230796615373175,-0.24593872385334392,-0.12194774961541355
-0.21380949332894095,0.36961967790175376,-0.5834291712306947,-3.029111801915465,4.220209825934444,-0.23573438019585968,-0.055175331905791714
-0.2403374024672228,0.4157025370550227,-0.6560399395222455,-2.2829848427258117,3.182684524301979,-0.2735048036661084,-0.08219914993442523
-0.2263683197334675,0.0998883895950391,-0.3262567093285066,-2.403393293037581,1.0202969390405463,-0.25426736046287934,-0.14055153300286294
-0.3282918134815963,0.5924842387987266,-0.9207760522803229,-3.3559095761203697,4.2323806613268,-0.35617683786665566,-0.06816814737756272
-0.12362735735363273,0.3876800848917692,-0.5113074422454019,-1.8491760192927478,5.04177305570323,-0.13320971131872095,-0.05254939087238475
-0.11851278901343809,0.22166854783134515,-0.34018133684478324,-1.3327156861234712,2.348591513191559,-0.1616030399300985,-0.10204989531568542
-0.15123478219058029,0.23484770939975008,-0.38608249159033037,-1.4433937952579665,2.100087014652144,-0.16948471129509413,-0.09114409765821241
-0.15291911795037516,0.3595747810517964,-0.5124938990021716,-1.4035804230403048,2.9387346066870523,-0.18925661465431243,-0.10300066698893007
-0.09244592616984038,0.20365119835952394,-0.2960971245293643,-0.9464297780016425,2.079345444201303,-0.11853781591938306,-0.10424065578945219
-0.14749526008637048,0.17923115252193478,-0.32672641260830526,-1.6071970192222593,1.8511429506789296,-0.14131025587965063,-0.1061857634598028
-0.1753561237923943,0.21360471910334966,-0.38896084289574395,-1.7966947827753865,1.9996850447904757,-0.19934465505800492,-0.10310965978311892
-0.2183199476121409,0.5734802814293287,-0.7918002290414696,-2.6522403896560194,5.362830009679984,-0.2503554726797207,-0.0641823470905386
-0.19994924355435884,0.351077084673302,-0.5510263282276608,-2.584659284908343,3.7491736396274296,-0.1990506800197569,-0.05254939087238508
-0.20674670398385753,0.4701712724336147,-0.6769179764174722,-2.186577259483244,3.980474845939044,-0.19140360704699333,-0.083776589273869
-0.24738237807151087,0.31411272305593485,-0.5614951011274457,-2.4921797024317405,2.610725380021896,-0.27739542703888165,-0.12259056136970115
-0.25042685833750544,0.2067941427326201,-0.45722100107012553,-2.928673197950157,2.0516219539055203,-0.259730985325772,-0.0866989092924686
-0.11103806863497678,-0.051268926387608826,-0.05976914224736796,-1.488766695513067,-0.6359675436813452,-0.1271503675894492,-0.12988956173209065
-0.19483638319353613,0.18875519595911827,-0.3835915791526544,-2.094894330099957,1.8381685916096364,-0.22458217062174313,-0.14360059898559785
-0.22314341312846264,0.48023076713618296,-0.7033741802646456,-2.2218068273387193,3.79342311530661,-0.2551861300918751,-0.04826507666512703
-0.24233930121765723,0.37398395281615304,-0.6163232540338103,-3.59864479887466,4.3422908004633145,-0.2618481737181698,-0.07485154405502736
-0.13544702977067524,-0.015341561415313065,-0.12010546835536218,-1.8940327795430136,-0.14040015411029672,-0.16072046245554827,-0.14474152349921643
-0.20872392223794145,0.44391073438857975,-0.6526346566265212,-2.891945150759849,4.896773894838123,-0.2433715699575557,-0.04826507666512703
-0.1954110320869502,0.17625661411947458,-0.3716676462064248,-2.2872302832644884,1.8625062687705678,-0.20648361151873618,-0.07949575436955647
-0.16117207328092653,0.12300064166663938,-0.2841727149475659,-2.17719040971921,1.5575358465026197,-0.21129084016136557,-0.09434113866313709
-0.14300136024201326,0.4334009083149213,-0.5764022685569345,-1.3741349892504324,3.6122078408573093,-0.17313220021959674,-0.09224337827382678
-0.2148583706691347,0.5407739948448429,-0.7556323655139776,-1.9086411924382878,3.8183025549292107,-0.21360926963417903,-0.06490933832826484
-0.2060590613962623,0.14548953263924447,-0.35154859403550676,-2.1439635240168617,1.4094344396369056,-0.22990574017847376,-0.12393013078976645
-0.2583192714295798,0.49800583130802134,-0.7563251027376011,-2.773390025634021,4.051174048169151,-0.2720010109107668,-0.04837482524892334
-0.16218059039280397,0.3149002345298144,-0.4770808249226184,-1.4192292397619644,2.4995745774267193,-0.19591188169643814,-0.08545633764313743
-0.2638291471762594,0.6583800246906577,-0.9222091718669171,-3.01236586043231,5.436511520035003,-0.26482404345060473,-0.04660962800874513
-0.2708842062798442,0.1845153138064024,-0.4553995200862466,-3.2095387585006043,1.85017397964515,-0.3052416259684638,-0.12517850711027156
-0.24495363635028944,0.3738162032804333,-0.6187698396307227,-2.88776545180557,3.495187645145873,-0.25797466648597256,-0.07640220866819702
-0.18887833638854457,0.23233838010127528,-0.42121671648981984,-2.7954643704103,2.9505112015134154,-0.18135302257337127,-0.062209876925445995
-0.26083882758425714,0.04806118849460517,-0.3089000160788623,-3.4613033398374093,0.623371244646225,-0.2646693237037294,-0.13364478544854996
-0.14718625323546564,0.08011678845856451,-0.22730304169403015,-1.7683344681435424,0.9762794871749215,-0.16515274982066097,-0.07485154405502736
-0.17439772072628468,0.21914125240367732,-0.393538973129962,-2.030673549151046,2.2863401124712053,-0.1854123922611135,-0.08077912284053379
-0.22881836355700425,0.389881104179278,-0.6186994677362823,-2.8060965568718097,3.8177271712242584,-0.2566411177729647,-0.06964762058173346
-0.25920282488369495,0.424130738902629,-0.6833335637863239,-2.935941389600231,3.72921441470405,-0.3028140500569113,-0.04662696902156349
-0.1989172357182274,0.2844598961908087,-0.4833771319090361,-2.0048851584326184,2.4971740458338103,-0.23602489074547728,-0.07485154405502736
-0.19997170436469103,0.1185542529497341,-0.3185259573144251,-2.378315323223156,1.3219594762309965,-0.22613616109720158,-0.07485154405502759
-0.25659802706912616,0.2920127156030352,-0.5486107426721614,-3.1131785809189387,2.8667641198455907,-0.25652009128742437,-0.0689289204091279
-0.12205952567994927,0.2129137103334875,-0.33497323601343676,-1.1703414514245156,1.9926101934870046,-0.16560605388425398,-0.09178018212179972
-0.13495353748595285,0.20665100014513293,-0.3416045376310858,-1.1514624973470948,1.747994794315763,-0.1643817289920403,-0.09342278033839257
-0.2964170180838386,0.7488999762077586,-1.0453169942915972,-3.313591190665971,5.799613546065174,-0.3002787083001186,-0.045127706971923254
-0.14462958997130548,0.38010297356386546,-0.524732563535171,-1.5493400663813848,3.5393401956478505,-0.15537916286201392,-0.06386123103697561
-0.25969394144789126,0.5989474997820465,-0.8586414412299378,-3.9579165649276438,6.7107754546056055,-0.2698850584481257,-0.024060843618332828
-0.18707861275798032,0.537570996584527,-0.7246496093425073,-2.414957358738216,5.528960619195123,-0.2004347233036805,-0.05716704446284526
-0.18237215746642566,0.416194135246835,-0.5985662927132607,-2.20000882803094,4.128244325559978,-0.1761396138390513,-0.08390007942313793
-0.2387621404604806,0.15469348766105484,-0.39345562812153545,-2.5429470395978195,1.4820568259600408,-0.23875143412218214,-0.14743253360732078
-0.17382286694967664,0.3559126241715522,-0.5297354911212289,-1.678662558911611,2.977731326608817,-0.19509660732125622,-0.0837765892738691
-0.23928951763313477,0.44503933228348846,-0.6843288499166232,-2.8979388925312795,4.217705730077834,-0.2630483980874825,-0.07186639778506443
-0.23081810588863105,0.2337527153901804,-0.46457082127881144,-2.4195338504407164,2.1176888723762146,-0.26379113916241337,-0.07730017188993343
-0.17518551268942129,0.11016293164571356,-0.28534844433513484,-1.6715682582785745,1.0636190928016314,-0.21961572749245506,-0.12856400983727612
-0.3078244061653088,0.5251370664530164,-0.8329614726183252,-3.478755803806841,4.262696267826476,-0.3131041816059692,-0.09649139353821357
-0.3293023262849395,0.88117347063147,-1.2104757969164095,-3.2619070619316237,5.667989104673975,-0.3304740861321217,-0.04662696902156349
-0.04002188064613299,0.14207077000544355,-0.18209265065157654,-0.3179012715989987,1.4294889102849266,-0.12407452573924194,-0.09444740242652183
-0.20732314035048205,0.31903865456766556,-0.5263617949181476,-2.3677257164099053,3.0409206025378284,-0.23507571416107742,-0.07485154405502725
-0.23934349360486717,0.33648555819019266,-0.5758290517950598,-2.534776221805891,2.912402167044189,-0.25744307767363384,-0.10145676917909807
-0.23953767231601797,0.3815805862647086,-0.6211182585807266,-2.4890831746348403,3.186635178169686,-0.2789969338016651,-0.08077912284053357
-0.24869874833165184,0.13110849530311297,-0.3798072436347648,-3.0787637828629335,1.4344644731342364,-0.2725219328733933,-0.11501682303975591
-0.09295112307966646,0.5020273413312737,-0.5949784644109402,-0.8148021847059326,4.027966771392394,-0.13744744548911547,-0.07267279726256148
-0.16045945017617802,0.2176297453931204,-0.37808919556929843,-1.8414215774447633,2.2704151057963085,-0.18849382887738642,-0.06301378612380193
-0.29349726123849573,0.41693137070833197,-0.7104286319468277,-3.2280412365955327,3.471246117828436,-0.2919715789038533,-0.09134080241879017
-0.24119464002418078,0.25500722866648595,-0.49620186869066674,-3.3040024951709346,2.8588490291022026,-0.24208946220339744,-0.0718663977850642
-0.18548939673333753,0.12106224627035167,-0.3065516430036892,-2.339589767190483,1.425241717009903,-0.1805304272942676,-0.1282663251922782
-0.20120402500697976,0.29700600687382317,-0.49821003188080293,-1.8817300417747582,2.4291052442309624,-0.24563283319344953,-0.07648651943832818
-0.17323618158972676,0.2567431128473534,-0.42997929443708016,-2.040566743016181,2.655918792974908,-0.20025434097389094,-0.06741521194063937
-0.2490875363020406,0.5782022833462717,-0.8272898196483123,-2.778644896323247,4.817901482281044,-0.2614529604851531,-0.046343274037638715
-0.15974187256228833,0.3786365328590766,-0.538378405421365,-1.7593772772493208,3.5579622510568734,-0.15995769996916276,-0.11387244779681371
-0.15117545824989576,0.3048430533276749,-0.4560185115775707,-1.4453946610055783,2.6352179209376416,-0.2054085124167787,-0.06486059773171349
-0.17447154878640625,0.19934997513565111,-0.37382152392205736,-1.6574459642364303,1.7793650070932503,-0.24956519649152165,-0.07485154405502759
-0.27560553169930735,0.4084320397616885,-0.6840375714609959,-2.890649077746306,3.3189458119130593,-0.2916856693423041,-0.09699783214237323
-0.22535373514532608,0.3274519306298376,-0.5528056657751637,-2.8936989436748366,3.4220177206191944,-0.2395934713903577,-0.12288042398688259
-0.1476481370455558,0.2952434205418999,-0.4428915575874557,-1.3607985051346587,2.497925085729608,-0.17651403201725846,-0.13637063266745897
-0.1909271298223456,0.3301161037884164,-0.521043233610762,-2.319844546843031,3.3707011091372885,-0.23996370555974578,-0.07485154405502747
-0.14974381664265746,0.26991337823567596,-0.4196571948783334,-1.6483693344971424,2.674473867436687,-0.18244840473681767,-0.07813449125647809
-0.19890366738996124,0.3697684190256951,-0.5686720864156564,-3.691664948935438,5.572738797122902,-0.2208164035139094,-0.02933286777496158
-0.22251496928167347,0.34151486359132455,-0.564029832872998,-4.123109901750734,5.062299134072302,-0.22511750333078673,-0.03210173251174642
-0.27237749643496434,0.7476505580647155,-1.0200280544996798,-2.3550897141248837,4.6036315802897825,-0.2752524702232009,-0.06532318657460201
-0.13540346695718752,-0.01360257813636978,-0.12180088882081774,-1.3795275366315116,-0.04856197436387506,-0.1482102691805015,-0.15744478102769044
-0.223646683482021,0.4243594782314075,-0.6480061617134285,-2.3994956385184136,3.635287438807717,-0.2508395105612492,-0.07172694820631587
-0.17712249645346267,0.03078493747293587,-0.20790743392639854,-1.93942301203022,0.40182689918566405,-0.2014634635930661,-0.16547409738109242
-0.2313369092178612,0.1284579283125875,-0.3597948375304487,-2.956785397372403,1.4722088007570617,-0.24093040560359757,-0.10320744816545846
-0.21119339572128415,0.5122392913845015,-0.7234326871057857,-2.9719487712032944,5.624252428870059,-0.20993846398798122,-0.06803164738958889
-0.14142206638893162,0.3366446832369918,-0.47806674962592344,-1.9340596488854913,3.999223722186966,-0.17422107496288997,-0.04817214446162277
-0.19233147424824326,0.1929961983712376,-0.38532767261948087,-1.8661061100494125,1.7347298101036477,-0.2285827667242637,-0.10147160884969886
-0.23955247880787311,0.6014264607114148,-0.8409789395192879,-3.298775875534248,6.208712491900141,-0.2636945928191664,-0.030175245294235875
-0.22457691161073845,0.5087174882647607,-0.7332943998754992,-2.1987170283427537,3.9005342982192865,-0.2559815970401541,-0.059835773935833725
-0.14792998446891004,0.08732812099882259,-0.23525810546773263,-1.5486843838729993,0.9464358670982832,-0.1823697715828666,-0.12006823039780268
-0.21414161756826988,0.055090379657953825,-0.2692319972262237,-2.142672935776587,0.5953221349377625,-0.24646475094807907,-0.14022042980967842
-0.17654558526753406,0.32577158751577495,-0.502317172783309,-2.0344654820935473,3.218862386024486,-0.19863142703021186,-0.06250077154755163
-0.24438543512817745,0.14167492313747632,-0.38606035826565377,-3.012078025330439,1.5410777790155081,-0.24740945340391762,-0.1091837095069993
-0.2721420869571466,0.14439314659245794,-0.41653523354960453,-3.126978673107756,1.444930932626493,-0.2758341641993589,-0.1014567691790984
-0.1313847019469604,0.2773730067269886,-0.408757708673949,-1.490180460851193,2.8574195934086455,-0.1940114791609947,-0.055456882830892895
-0.1325289523889761,0.1526382115902154,-0.2851671639791915,-1.7201105623621438,1.8714990652579164,-0.1506161576172531,-0.0826841435155089
-0.17580308595287175,0.32066248044838463,-0.4964655664012564,-2.4277085489530674,3.7499890212413582,-0.19324007465801418,-0.06007485968855497
-0.13185756356048417,0.16599333362696256,-0.29785089718744673,-1.390491836180664,1.706564831026102,-0.13892353377598843,-0.10398739782140853
-0.208179463046257,0.2727239082213586,-0.4809033712676156,-2.4836029187163033,2.769388976113559,-0.22036164891717513,-0.14841572936621672
-0.20014206896317943,0.18566566851066568,-0.3858077374738451,-2.2922836431797506,1.9062865713436767,-0.21059503953552616,-0.14255932102253044
-0.2318779347576152,0.3402078579049779,-0.5720857926625931,-2.819413624119408,3.334086567677338,-0.2571713521975587,-0.08377658927386877
-0.23540137030325436,0.5456317718549641,-0.7810331421582185,-2.629416448105745,4.633042138449266,-0.2525436975481752,-0.07485154405502714
-0.20995195270166078,0.26259947245901727,-0.47255142516067805,-2.7183677017718892,2.8660269264475553,-0.21152451057970156,-0.08501951501207283
-0.1892203972979959,0.45225551101812855,-0.6414759083161244,-2.2504891158925324,4.353921087103274,-0.20835970345310117,-0.04817214446162288
-0.21524054963494565,0.1692607626720264,-0.38450131230697204,-3.223126545350991,2.192421784613996,-0.23075073816646519,-0.09678098769940136
-0.14263943783845734,0.05778570956702622,-0.20042514740548356,-1.6501114420550729,0.7146202336421,-0.1688381885084731,-0.10200802504475626
-0.18804254759697914,0.2574013750238531,-0.4454439226208322,-1.7926034414693113,2.1962906255616583,-0.264823701176106,-0.1333240855199369
-0.1393417745274459,0.07193754430977384,-0.21127931883721973,-1.324025546090123,0.7558683570597788,-0.1819992985889799,-0.09750370256142615
-0.22183691166891706,0.05706708772586966,-0.2789039993947867,-2.6108823700947954,0.6820354457679164,-0.2386642273735623,-0.13117195609573007
-0.18753737178822416,0.41124875132440475,-0.5987861231126289,-1.9261760983065077,3.513576652084553,-0.21641659752815645,-0.04826507666512703
-0.17075087275813494,0.4299457394928947,-0.6006966122510297,-1.7839199813629132,3.7750776901729446,-0.16147874183838107,-0.06648557632814023
-0.18903442400925607,0.3030548296139355,-0.49208925362319156,-2.4675705602268523,3.344914880848038,-0.19321303044718485,-0.04826507666512714
-0.1997370994933898,0.2861430678377963,-0.4858801673311861,-1.9708357056146637,2.4568317637594683,-0.21833628929535664,-0.13378290435963824
-0.1845062486815101,0.043041513052755276,-0.22754776173426539,-2.770798356739912,0.6499873443682401,-0.19419303702154522,-0.16067940795716107
-0.09655724234196561,0.17692664956250947,-0.2734838919044751,-0.9624382525292448,1.7917194184269827,-0.17641771548179208,-0.10747490668253057
-0.2937358170445603,0.5292626442464474,-0.8229984612910077,-3.2063026396951617,4.213008350440777,-0.308421518786859,-0.07560206670297287
-0.2855086231313556,0.2444896804988892,-0.5299983036302448,-2.7377717034280153,1.951537788768734,-0.28645036756707,-0.10484155374268067
-0.19758063830628958,0.3549590716625992,-0.5525397099688888,-2.777101120685909,4.101930504150808,-0.2207629149806799,-0.02933286777496158
-0.13871482171063398,0.0450476496654455,-0.18376247137607948,-1.2569729381823087,0.5005974634047757,-0.16397228549934495,-0.13847055241599426
-0.348817449570471,0.682424329911185,-1.031241779481656,-3.457153831068165,4.548802723249319,-0.33616790044205247,-0.04826507666512714
-0.1732420116450344,0.07188640944666647,-0.24512842109170085,-2.026316926548731,0.8522188387164761,-0.18327234747410692,-0.1638684958809582
-0.2008273466661803,0.114668040561551,-0.3154953872277313,-2.3725187452109604,1.2737815228846812,-0.21419542853958284,-0.0837765892738691
-0.19272555457186313,0.267158376274816,-0.4598839308466791,-2.137962051575319,2.583575086305996,-0.2101204197703539,-0.07965799414637942
-0.1364565815373202,0.1868046680511255,-0.3232612495884457,-1.4219818153778319,1.8637874128402934,-0.19908800816380368,-0.11282902509082005
-0.11411002283301763,0.18314854656217605,-0.2972585693951937,-1.2481018948957814,1.9471117458882772,-0.20513853996763276,-0.12461744718507695
-0.23879052576308768,0.43766010930115185,-0.6764506350642395,-2.9112739023348584,4.1518315348795385,-0.26264728896745304,-0.05716704446284515
-0.252142153980883,0.3881779639945597,-0.6403201179754427,-2.4331700233751374,3.002372884166258,-0.2892777951701775,-0.10446397215390302
-0.14605006229986395,0.22751993298242223,-0.3735699952822862,-1.6326637961007984,2.336632727863871,-0.1815464563596524,-0.11569035582407394
-0.22163638767599936,0.4153593135091731,-0.6369957011851725,-2.826685843921437,4.208210393616899,-0.2229532140519287,-0.03178666147155107
-0.18949170154644301,0.42396073687937585,-0.6134524384258189,-2.0658201661036584,3.796973758774323,-0.25952694478488925,-0.04826507666512714
-0.21563418259126976,0.41807600294163105,-0.6337101855329008,-2.884315703840539,4.426830571744912,-0.2552933130118731,-0.08377658927386888
-0.19439804914064251,0.32018474300172595,-0.5145827921423685,-2.039403454781813,2.87317497776686,-0.23711557855224852,-0.056967844936333556
-0.20606911447840914,0.38674483277865446,-0.5928139472570636,-2.816526948697645,4.25598523365834,-0.2119191043373705,-0.04817214446162277
-0.11219639071245957,0.3543928945647299,-0.46658928527718946,-1.2701978995203258,3.6199401941388554,-0.16946873876595825,-0.10310965978311859
-0.10636781155410713,-0.04237547496895733,-0.0639923365851498,-1.2252198194524448,-0.42370876732602186,-0.1593282652921969,-0.14803774432156802
-0.13051004409006794,0.21799614811614743,-0.34850619220621537,-1.504120883232339,2.3474368320119967,-0.19310017355166842,-0.08694368880612946
-0.25240689057799903,0.3014195473004013,-0.5538264378784004,-3.0566601101344384,2.947524400238838,-0.29561713299622616,-0.06418234709053916
-0.14765916580436755,0.11456544401231117,-0.2622246098166787,-1.9410003102265534,1.4454651316817506,-0.15508451027524284,-0.09763184547839032
-0.15578512471492345,0.2671561312377446,-0.42294125595266807,-1.8282306615087562,2.78906944765434,-0.1989224046239748,-0.0664364267829538
-0.25105646439356877,0.34296695406815747,-0.5940234184617262,-3.5684958535078226,3.839701346391708,-0.257534647153977,-0.07485154405502781
-0.23279561517902614,0.503698567485408,-0.7364941826644341,-2.6507281069000426,4.436867299747752,-0.24780466140687396,-0.047636782559461466
-0.29453023566871894,0.5269491509983619,-0.8214793866670809,-3.6790840681818158,4.738306904582193,-0.29773272614301416,-0.04817214446162277
-0.1924389367897691,0.3388240595976253,-0.5312629963873944,-1.650985594418254,2.5481080060628245,-0.19910206697937327,-0.10902005637590784
-0.22273644119414382,0.32918110309898063,-0.5519175442931245,-2.305480932208901,2.8406884151957166,-0.23497103764773952,-0.07186639778506432
-0.13777752365068796,0.3365742762602353,-0.47435179991092324,-1.4471956959815135,3.164730084776749,-0.17980891610059446,-0.0774836378880307
-0.21898186956964305,0.4353209963896525,-0.6543028659592955,-2.614665541749498,4.120932728622378,-0.23404040232151013,-0.06349696232264312
-0.07017539797527306,0.2955170611976714,-0.36569245917294446,-0.6596283276195419,2.793532510883408,-0.14781561659874576,-0.06477286194087484
-0.11172709320849294,0.0783958081889593,-0.19012290139745225,-1.617428099769673,1.1380395912824746,-0.14152989650260928,-0.08405201397268358
-0.31994354648565815,0.5520793077633257,-0.8720228542489838,-4.062394689060157,4.912373645853943,-0.3201182247376112,-0.04817214446162266
-0.1634143108676125,0.04431719502370868,-0.20773150589132117,-1.7051964928387893,0.5278295782339808,-0.2034737725045065,-0.08606985765754394
-0.11596334182629686,0.12580107671621965,-0.2417644185425165,-1.116858762210576,1.2615101655845584,-0.15373537723762543,-0.11724170855847516
-0.1977312209929576,0.23297806937191945,-0.43070929036487704,-2.4287747259753085,2.492562819426985,-0.22167775882273144,-0.06775580625347066
-0.1408669668609558,0.09574181284267835,-0.23660877970363414,-1.3876334962114958,0.991058667696807,-0.18320352725367928,-0.12162472622710796
0.014903865981056308,-0.01256068481936734,0.02746455080042365,0.2432047899125396,-0.048971710576373804,-0.08262322526307109,-0.11816702088329567
-0.21394207706853174,0.42311374224653076,-0.6370558193150625,-2.484118146601588,3.93731399376676,-0.21777164324987908,-0.05254939087238486
-0.2699287500586409,0.5441544681794059,-0.8140832182380469,-3.2275368757162712,4.806126657505673,-0.2853380593661312,-0.04826507666512703
-0.23595976163331622,0.9378250622511484,-1.1737848238844646,-1.8051064746428733,5.115961283918965,-0.2696063301350343,-0.05446511153973044
-0.28855222518744617,0.5697722186021457,-0.8583244437895918,-3.4169107033248904,4.877139879887111,-0.2964848375173468,-0.05254939087238508
-0.24080963857663285,0.6574104448651148,-0.8982200834417476,-3.1161748793526933,6.300155470015482,-0.2682190860875794,-0.042961787625977466
-0.11233485490991701,0.25922249184943347,-0.3715573467593505,-1.225483851948529,2.6503587645967945,-0.15635605256067064,-0.07434224305539638
-0.2174555176223637,0.2180956408912491,-0.4355511585136128,-3.0932502611732744,2.614190571647027,-0.22560238014593126,-0.11918995512188602
-0.21943282576552536,0.23402726242347982,-0.4534600881890052,-2.9075701332730124,2.6066026529034154,-0.22972787610390655,-0.083776589273869
-0.24510475801966147,0.2345362641146247,-0.47964102213428617,-2.624134320060547,2.1337597975420284,-0.2512683703210612,-0.07485154405502759
-0.21086247751865872,0.2783269139969997,-0.48918939151565843,-2.2719271001945427,2.5505745028223914,-0.21461515504025697,-0.0923433779030911
-0.13014368376939,0.31404695086739576,-0.44419063463678576,-1.4327427718680072,3.1153943133159645,-0.17006067132957348,-0.12176223680373055
-0.2865105829759286,0.1815632133757772,-0.46807379635170576,-3.589533200802146,1.8901145338157015,-0.2996261191541739,-0.11383555926517408
-0.1969805357773119,0.3320456285796425,-0.5290261643569544,-2.689624340223831,3.7825557078441356,-0.19256451348657555,-0.04826507666512703
-0.16678191244704843,0.3272157649511871,-0.4939976773982355,-1.6569932638109954,2.857781602128351,-0.19063009600281067,-0.10996566659100526
-0.24491540628327146,0.4663528114900968,-0.7112682177733682,-2.3408347647870076,3.4944222426019325,-0.2735328329939778,-0.06638963279109944
-0.14579972343948722,0.4154834981308275,-0.5612832215703147,-1.3587850247208164,3.3866189032064016,-0.13888973601971377,-0.0569200076041102
-0.21149237600777926,0.3801348656913375,-0.5916272416991167,-2.541408099857303,3.7038079288142285,-0.23160648700117492,-0.08823041229836748
-0.22427790573493944,0.4093955933750397,-0.6336734991099792,-2.842254698342262,4.103801045492348,-0.23061156632357538,-0.083776589273869
-0.20367306169554433,0.4621071893922426,-0.6657802510877869,-2.1947575665531494,3.9974117125027524,-0.2501350358541137,-0.05254939087238486
-0.25072518373715813,-0.01640630192686965,-0.23431888181028848,-2.5592427016620025,-0.0522790193945609,-0.2886936489099675,-0.1865644077241554
-0.1934911823475025,0.16390568390935845,-0.35739686625686096,-1.99895089660385,1.5732922256110684,-0.23499492067057604,-0.11382720012259906
-0.04547883065764813,0.02644369091682286,-0.07192252157447099,-0.4452900143078646,0.37676463844521374,-0.12326678292757387,-0.11179755842256967
-0.1978986774169058,0.4307417272412597,-0.6286404046581655,-2.3339722294393486,4.1131628497999575,-0.22185629881168945,-0.05800152261051916
-0.29433420883222483,0.7310948215111637,-1.0254290303433886,-3.002683675782626,5.167862048995259,-0.29525182839911357,-0.05254939087238475
-0.19483777041559946,0.12924839076160866,-0.3240861611772081,-2.6216323314721546,1.5873991052460872,-0.22141774724654806,-0.10145676917909863
-0.29590217128711893,0.4470971610219314,-0.7429993323090504,-3.1657393035570567,3.56796977979778,-0.29584445904106715,-0.08390905576775343
-0.04244793570188243,0.05991581057754436,-0.10236374627942679,-0.4371904319636923,0.7686287364447398,-0.0903260953347148,-0.19307987355202694
-0.17779822937922574,0.25410784913580176,-0.4319060785150275,-1.8191763455828913,2.318143626097267,-0.20398271503951748,-0.11008534242291634
-0.16102198726327976,0.16023126397382415,-0.3212532512371039,-1.8625309248768251,1.7298020454868317,-0.20923244007393615,-0.08377658927386877
-0.14210279059635944,0.22967482617884927,-0.3717776167752087,-1.4016051666137987,2.1354389454500855,-0.18019156448252915,-0.13753878331823122
-0.41753095457912226,1.0384157308747137,-1.4559466854538359,-4.136254570081626,5.932498730478014,-0.41577543126375904,-0.06418234709053894
-0.3147408047496658,0.5412576047533599,-0.8559984095030257,-3.3430610228167534,4.104599811494422,-0.3388951261147658,-0.1029130794448413
-0.1995822709869839,0.07817583862697663,-0.2777581096139605,-2.668146162504613,1.0021568920095487,-0.20254493756725478,-0.12611642738115547
-0.28440332623927167,0.4260989860256903,-0.710502312264962,-3.3954176560536107,3.8406903599415383,-0.30037916445915125,-0.08602899437188971
-0.1273453874159165,0.16654156659255182,-0.2938869540084683,-1.723964909856363,2.1205431635408836,-0.15963429927721617,-0.05792580381563561
-0.2072345020502636,0.5078895076530539,-0.7151240097033175,-2.0897466454545834,4.076695928784766,-0.24774284677203628,-0.06742601160519213
-0.03559175237727685,-0.014431107945068855,-0.021160644432207998,-0.3953907377444008,-0.11693877911591015,-0.12736772387771955,-0.1779927270118261
-0.21004090706587497,0.2881188423542491,-0.4981597494201241,-2.4471011532227878,2.825210099769493,-0.21413464920622116,-0.12405702433240073
-0.0503975083057453,0.0650336165265828,-0.11543112483232809,-0.47266652151833877,0.7664980506021437,-0.12747377502845691,-0.1116250756735826
-0.150279443723905,0.29640894818764196,-0.44668839191154697,-1.533489912620643,2.7155263354754116,-0.16151712613193836,-0.083776589273869
-0.11522719087611866,0.11535935848904466,-0.23058654936516332,-1.726460175362874,1.6691275853155907,-0.14448576329956364,-0.05166708993075275
-0.284728098770471,0.22223471636500358,-0.5069628151354746,-4.177737393119757,2.5898634521501407,-0.312185059171295,-0.10145676917909852
-0.14946491621144964,0.04496530086693529,-0.19443021707838493,-1.6414167336951289,0.5542923699445375,-0.20476205716913787,-0.14633210908110972
-0.3167865618698914,0.3422838809651416,-0.659070442835033,-3.675379731789776,2.999480927316044,-0.3035147966097168,-0.08377658927386922
-0.17952368832413135,0.1822528687078213,-0.36177655703195266,-1.9920835797114622,1.8546717080199895,-0.18593994097111066,-0.08020182043529767
-0.1523045972175766,0.2544066724515963,-0.4067112696691729,-2.0104979809018424,2.9811298756551854,-0.17081681234190194,-0.05716704446284526
-0.15371720028161795,0.2534417881041282,-0.40715898838574616,-2.1239693848130172,3.0863806276792807,-0.1590482747606876,-0.07485154405502736
-0.2172051134868841,0.4186491024060719,-0.635854215892956,-2.405623545927031,3.7170951576379045,-0.26225980178781594,-0.08377658927386922
-0.20515589736394513,0.12713612518462902,-0.33229202254857415,-1.886578566831642,1.1426566381944392,-0.23945231765149366,-0.16624569798854183
-0.17927841716811632,0.4046466414258756,-0.5839250585939919,-1.7870867035019027,3.401736885826757,-0.19203224933508878,-0.05341485547923186
-0.18432023825906685,0.07181416985626643,-0.2561344081153333,-2.055172828282262,0.8148218641871633,-0.18666481233526544,-0.14808540270176251
-0.18209219557238765,0.2001082365556639,-0.38220043212805155,-1.9643614414750694,1.962170853363238,-0.2444699774755127,-0.12598123927167404
-0.2593750022526229,0.29626248735479943,-0.5556374896074223,-2.387125597767589,2.2762084466175203,-0.2570692978609599,-0.1188189848718848
-0.24980241343143872,0.4376157817984607,-0.6874181952298994,-3.2426089047392095,4.363342474600949,-0.27369415476239045,-0.08077912284053401
-0.26059312240504595,0.507955598562021,-0.768548720967067,-2.3898696760285545,3.578412188259395,-0.28379705535059496,-0.06967411843275173
-0.2514697309541122,0.5375480828891057,-0.7890178138432179,-2.559425397123774,4.142481846285309,-0.2873929430574499,-0.03887384548421413
-0.30118604364020785,0.12071166931895427,-0.4218977129591621,-3.322982096655376,1.1705036096786678,-0.3410903210474445,-0.14289286513651522
-0.22797363526437375,0.3515494595121249,-0.5795230947764987,-2.7058383643487156,3.39350634667407,-0.2539016258877552,-0.0773826087631927
-0.19928523944405596,0.16480155253990247,-0.36408679198395844,-1.626519680739174,1.3179011272545975,-0.23683912622405923,-0.15680351634851053
-0.16421119783609284,0.11254164352683116,-0.276752841362924,-2.0998328296288693,1.3740512586076952,-0.21321594489841056,-0.15001307130364372
-0.15671859438292124,0.1993680596071763,-0.35608665399009753,-1.4259709885584189,1.7422638852675751,-0.18856135672595664,-0.09346815676281717
-0.31214325270347265,0.506136013518363,-0.8182792662218357,-3.6645952481531605,4.2743478817812175,-0.3105390930594111,-0.03830866567277469
-0.15370636552263783,0.08049158793071931,-0.23419795345335714,-1.4772255906933611,0.8310242745137856,-0.1590552909112185,-0.13101855474478807
-0.17265480579628179,0.1540484544337566,-0.3267032602300384,-2.0801162791000425,1.7213529350767902,-0.2214461909968165,-0.07828847614201406
-0.18681188116321068,0.4083829500989036,-0.5951948312621143,-2.940676799659226,5.258742698716978,-0.20158619122829713,-0.04557926103154486
-0.1467493212625205,0.25639820556805737,-0.40314752683057786,-2.029435939527142,3.1187119510341725,-0.18768048806869375,-0.06566358794373561
-0.2225700090658832,0.2654805533388547,-0.4880505624047379,-2.8932230433680624,2.8697840792723817,-0.2254383239521398,-0.06158728003046876
-0.2294289113487734,0.1388159340769508,-0.3682448454257242,-2.6656882692469726,1.4594942418428853,-0.23617326201959454,-0.09328365208335365
-0.26993927369702886,0.45118382969361037,-0.7211231033906392,-3.3134858547049557,4.172457900665303,-0.2883623088352272,-0.05304901378787985
-0.29620236617401796,0.2711739851004529,-0.5673763512744708,-3.0988259234935245,2.284552885184514,-0.3256513235102504,-0.08077912284053379
-0.190420242429841,0.09098220960961778,-0.2814024520394588,-2.138968088826973,1.004731730794895,-0.20263380859205182,-0.18227391815080096
-0.07447197390892757,0.19589679480047018,-0.27036876870939774,-0.9691785942704862,2.5046384398752006,-0.09074096305758217,-0.05254939087238475
-0.2358336463343298,0.4052938063121567,-0.6411274526464865,-3.127246658494746,4.243996203107752,-0.24454797527345162,-0.0678711974717916
-0.2669259515299772,0.2565355950960031,-0.5234615466259803,-2.974036475324442,2.3391146027290493,-0.2738196674538874,-0.08552165836923498
-0.15195642469949244,0.5202149846268087,-0.6721714093263012,-1.6015537221386893,4.5489556628598375,-0.19424387074024174,-0.05790284910723742
-0.2439745758680043,0.35579970701301433,-0.5997742828810186,-3.154868292767499,3.6563282174655334,-0.24733364227251586,-0.08629200619022404
-0.21938912564144708,0.13358871043384046,-0.35297783607528754,-2.310641011479575,1.311610869172009,-0.22047439109137423,-0.16537785376125436
-0.20614530294930122,0.7250974026158379,-0.9312427055651391,-2.358312186751811,6.265873302944419,-0.21287566843042594,-0.04826507666512714
-0.1875100663599435,0.3606413140567346,-0.5481513804166781,-1.8702468937799568,3.058459702631177,-0.2415205608921549,-0.07753060566373038
-0.2047766640651454,0.2728016250066698,-0.4775782890718152,-2.275090830624691,2.602165430300249,-0.20530063991800385,-0.06500094718241034
-0.13381500191815832,0.2854829900870941,-0.4192979920052524,-1.8468774885460812,3.475778629615454,-0.16293092644599483,-0.05541903320024777
-0.18511265572849056,0.2227867040810212,-0.40789935980951175,-1.9199541883742852,2.08665864925132,-0.1922143271245782,-0.14571306685854302
-0.24264685552457843,0.02901533389294042,-0.27166218941751885,-2.285754555497517,0.35117041358737844,-0.2621141878922423,-0.16953825110114273
-0.27014161872705655,0.4912894435112427,-0.7614310622382993,-3.1740676752228554,4.32462136200158,-0.2876146488318232,-0.048912303111115385
-0.23290561651777264,0.5382463494818337,-0.7711519659996063,-2.4987331264410946,4.443268943813006,-0.2217269412370958,-0.059008352040466394
-0.12800122414118276,0.3495200940365808,-0.47752131817776355,-1.9500301415869479,4.615676540421615,-0.1767068830505043,-0.0763806739911621
-0.16973417387860756,0.44089211963816655,-0.6106262935167741,-1.8271059188121426,3.950819346538205,-0.17977068626449944,-0.06674816297675423
-0.2648574967665397,0.4296988862427613,-0.694556383009301,-2.9740522015587425,3.7069886567715193,-0.3020916521633247,-0.0707392237279878
-0.26243106523437465,0.3174644297810356,-0.5798954950154103,-2.682534026981941,2.6382325875768373,-0.26243139968754414,-0.13530070928664883
-0.1978279677667243,0.4969855683741773,-0.6948135361409016,-2.7476052428384246,5.48357014714374,-0.21736644481295841,-0.04826507666512714
-0.20868686950432813,0.2938843341765569,-0.502571203680885,-2.1634454286231675,2.6033636755158516,-0.2227911484401084,-0.10534340742475956
-0.19722005408923893,0.25575034987333956,-0.4529704039625785,-2.855618970987914,3.1317016874570553,-0.2003201767726851,-0.07845009598253927
-0.25901704159579386,0.2289016291535768,-0.4879186707493707,-2.4037794052983763,1.8371977337796592,-0.2572889856255921,-0.1326592079570259
-0.23574629407249148,0.4137213739375589,-0.6494676680100504,-2.529847417650789,3.527450881263905,-0.27927912443007297,-0.09210144675347098
-0.1860601238225995,0.5172683408618899,-0.7033284646844894,-1.887096438896574,4.239485985864596,-0.18542932735972562,-0.0577837393676488
-0.2932278664683553,0.3205050052364702,-0.6137328717048255,-3.743648088620718,3.1409335838425343,-0.2878403442636335,-0.08493386576245499
-0.24574545228356837,0.3655002411512962,-0.6112456934348646,-3.7168729868598445,4.318765715937896,-0.24965416560069187,-0.06651783042292148
-0.2131291048086622,0.48744504665232946,-0.7005741514609917,-2.04548748903081,3.7487759030838683,-0.26354160350044975,-0.07061390766802955
-0.1052742551683139,0.22563186412759761,-0.3309061192959115,-1.1662710172056823,2.3915114634163968,-0.16871372651298755,-0.06144777047712735
-0.10129848610740833,0.0007563868503028814,-0.1020548729577112,-0.8848590181722834,0.10508894612254473,-0.12987888534000913,-0.1555022951718762
-0.213346040129188,0.16137017748161275,-0.37471621761080076,-2.405935976039481,1.6461646639609506,-0.22042127521937382,-0.06566358794373561
-0.23989337984244063,0.45229133727081217,-0.6921847171132528,-2.8038682611371692,4.110009484950825,-0.24883143848035194,-0.04826507666512714
-0.16696246143048243,0.26422944930271264,-0.43119191073319507,-1.7551211629924952,2.479224067679333,-0.21481050596244144,-0.10145676917909852
-0.19953421916813663,0.27681129458363785,-0.4763455137517745,-2.3415696502449146,2.772009182502339,-0.22695429260820865,-0.10438510308510351
-0.18514877493331583,0.21148531316365893,-0.39663408809697476,-2.1177340233002453,2.1683969313065683,-0.19373723257993924,-0.08179978084115991
-0.2732938540267401,0.5873924499295304,-0.8606863039562705,-3.142393493363003,4.927311294944669,-0.2689751886099032,-0.04826507666512714
-0.2963622413875886,0.3233090841660564,-0.619671325553645,-3.3165619564566597,2.823973409759886,-0.29982248703940617,-0.09616148765775379
-0.14410379275769347,0.4654484838011852,-0.6095522765588787,-1.3380133576352993,3.7430444033989705,-0.16676636458247707,-0.09647616052948138
-0.25416288982509117,0.5889465914148846,-0.8431094812399758,-2.5145707057532425,4.364426093041818,-0.27200045285772867,-0.089635324424998
-0.1903045643539174,0.19599367009291702,-0.3862982344468344,-2.2838533046779057,2.0993451666971814,-0.1969156124437732,-0.06566358794373561
-0.26203397274268403,0.42036958710612615,-0.6824035598488102,-2.787770737260192,3.469598286298568,-0.28240201490325434,-0.1014567691790983
-0.19314647360667048,-0.07582348966411889,-0.11732298394255158,-2.1206631188639604,-0.7232964404699286,-0.18520238963332358,-0.1896590115157114
-0.1440965305648979,-0.05399347672971999,-0.09010305383517792,-2.008775549480083,-0.6739944951236921,-0.14409691867726904,-0.18224441237105782
-0.16785736797780193,0.09828630220805579,-0.2661436701858577,-1.5420856614134772,0.9416158299433094,-0.20538670619684218,-0.17013779055023093
-0.23644412889670496,0.639600025245689,-0.876044154142394,-2.4596905626475984,4.976273016674153,-0.24862373849543862,-0.04826507666512703
-0.17401326390010607,0.07028804425375457,-0.24430130815386064,-1.9326349011623953,0.804803894943124,-0.1818806629701295,-0.16433258583029842
-0.146259791332905,0.0936926375239222,-0.23995242885682722,-1.709812679009114,1.095235217837301,-0.17739165858757955,-0.08001434576412614
-0.2287672810806013,0.1519409418161577,-0.380708222896759,-2.564250748508583,1.5302546881390242,-0.25191797596074683,-0.10846163714273793
-0.211186407563958,0.5066720849279915,-0.7178584924919496,-2.6771450645957917,5.0245201385349825,-0.21799246569193054,-0.06643642678295392
-0.24806262321608674,0.6351247419169264,-0.8831873651330131,-1.9238096436640564,3.757096023159599,-0.24602441744878778,-0.0761821913281222
-0.14615362618972993,0.1850387838170111,-0.33119241000674104,-1.6702492125832176,1.977557083975167,-0.20011120071578792,-0.08543622842115806
-0.33062498818887787,0.4753487440008075,-0.8059737321896854,-3.7687595957483833,3.873726941182865,-0.33149541667799,-0.08077912284053379
-0.19342183248112943,0.3182034750633991,-0.5116253075445285,-2.39320149168517,3.3096405123694588,-0.2332845417287519,-0.04826507666512703
-0.191082812471858,0.4873569545343788,-0.6784397670062368,-2.530023667008454,5.167472968204309,-0.21494450862795556,-0.04826507666512714
-0.24395803021277107,0.40585065075602644,-0.6498086809687975,-2.612868677336486,3.435635438863988,-0.25756208213754583,-0.07186639778506443
-0.3336743916661219,0.6585969358911992,-0.9922713275573211,-4.6175357956764405,6.165035346655021,-0.343126395342614,-0.02406084361833294
-0.25526304079391937,0.4415440017385148,-0.6968070425324342,-2.5835882831437216,3.4766054543722014,-0.31194754963267646,-0.04952634646930276
-0.26038008053758,0.23205731561199427,-0.49243739614957427,-2.665909735372628,2.012948966683452,-0.27973218639608954,-0.10145676917909852
-0.25866616385657604,0.43846202717414906,-0.6971281910307251,-2.4883197602606026,3.3000474331527454,-0.2723305088257387,-0.06956477938527394
-0.24766619069787432,0.261317027530523,-0.5089832182283973,-2.852447193089832,2.502384697856159,-0.25098072265370897,-0.10145676917909852
-0.1868000928735799,0.5352942281688327,-0.7220943210424126,-1.9322887248757805,4.443758943014891,-0.19606680993774095,-0.0755693289014604
-0.24834365986732088,0.3590737155547121,-0.607417375422033,-3.021611828695616,3.4568954180362033,-0.2695277014587968,-0.07186639778506476
-0.14142128747111693,0.2621773203834714,-0.40359860785458834,-1.2887362979077477,2.24667668683162,-0.20433043643088178,-0.07688767424916909
-0.3818158031491862,0.5964271543349859,-0.9782429574841721,-4.04778399742135,4.170726685129794,-0.3747776603312616,-0.06850507163762332
-0.3261595688931166,0.4574741768338675,-0.7836337457269841,-3.7381392259776156,3.786375128996843,-0.3274251900884141,-0.04817214446162299
-0.13494546712636202,0.16469134306334698,-0.299636810189709,-1.6345031192593236,1.8902163261595886,-0.18290800831934506,-0.05656149187680626
-0.19908158170612555,0.3397522815251144,-0.5388338632312399,-1.9101085595674696,2.786100489394844,-0.22395429920759236,-0.0748515440550277
-0.1788811426651009,0.2174297888163641,-0.396310931481465,-2.3479630762600068,2.5104370611597076,-0.19884013918954002,-0.07485154405502736
-0.23631425287706376,0.324270850508493,-0.5605851033855568,-3.5506322560534254,3.905699692757048,-0.2490473405720106,-0.07582398149467207
-0.29059158838369004,0.2907318389800688,-0.5813234273637589,-2.468590297139619,2.0471938749123257,-0.331057307593146,-0.15395736183946607
-0.16024372824804312,0.2530347409964977,-0.4132784692445408,-1.9773139443281957,2.7677703484846297,-0.1697518952534809,-0.08620063214509732
-0.15694143518642045,0.21220124583610112,-0.36914268102252157,-1.4237449077832602,1.8320153419624885,-0.1999590153740558,-0.10217487034804829
-0.18770919247304796,0.35699848235969744,-0.5447076748327454,-2.704001413728221,4.2452008233404035,-0.1796361607797956,-0.04826507666512703
-0.2178389888162896,0.31071546770239555,-0.5285544565186852,-3.082696781376004,3.594880543313482,-0.23038887084978155,-0.04817214446162277
-0.18580655671288493,-0.0297800210451582,-0.15602653566772673,-2.089710727918615,-0.2333831676518227,-0.186074059503334,-0.10375353824474065
-0.24594622945721623,0.5924854959464569,-0.8384317254036732,-2.939942266384207,5.276392437242843,-0.2628263329990148,-0.06874578992122282
-0.21128093559975303,0.12206719576688263,-0.33334813136663566,-2.1891754838712867,1.2005643500519108,-0.22371379028389626,-0.16376390425417175
-0.1401732971103068,0.32283520190788106,-0.46300849901818786,-1.6003936806206684,3.262441135934713,-0.19968771380593087,-0.04826507666512714
-0.26116890716364327,0.33065504038376625,-0.5918239475474095,-3.1257864084683957,3.1327639552307067,-0.28143598195916997,-0.0835181555840705
-0.26296903877658506,0.46917637282948044,-0.7321454116060655,-2.719100722671265,3.7239320525176587,-0.286345156452424,-0.07485154405502759
-0.1992067068611003,0.15081403754590172,-0.35002074440700204,-2.06725798174945,1.4658626328026083,-0.24012525194567824,-0.13681563470305613
-0.19690850985193498,0.17334094548872825,-0.3702494553406632,-2.0177710684289685,1.6375302580893671,-0.21011654516094147,-0.10508982179918513
-0.16807318166045082,0.2036228717397477,-0.3716960534001985,-1.7803196573677973,1.9838667580147769,-0.20846187380251135,-0.10039211407161974
-0.2817057483247125,0.5605652707948527,-0.8422710191195653,-3.7193803304563064,5.380097731126116,-0.2868102480720376,-0.06418234709053916
-0.14799570205340618,0.2644559419783168,-0.41245164403172296,-1.473204581443438,2.409616899412101,-0.19805304477166263,-0.05138606560737813
-0.2629088397013697,0.8052905252201175,-1.0681993649214871,-3.130950672039183,6.7540524350273285,-0.27652471037713966,-0.04826507666512703
-0.18122801906706087,0.3107897998911382,-0.49201781895819907,-1.9821617141002548,2.9429611237155378,-0.20898327937198868,-0.07564124687851947
-0.050245200115668465,0.01369064888720617,-0.06393584900287463,-0.5221530766592904,0.23709433176263778,-0.11374280287722383,-0.08606935655733217
-0.18022073334963518,0.22444828678690065,-0.40466902013653583,-2.645997815766338,2.8818919531796645,-0.18607438747264016,-0.05324671539632364
-0.22179161464845776,0.009281529533261113,-0.23107314418171887,-3.4760342847947276,0.19471298478190047,-0.21618293084997164,-0.16720322368898166
-0.15997194356601518,0.3385985777128715,-0.4985705212788867,-2.231882564222722,4.024841949319848,-0.15815791526012057,-0.051017871545937066
-0.14869797496264903,0.310451978901118,-0.459149953863767,-1.4279360777121777,2.695006295450062,-0.1440165237779899,-0.11249125917890046
-0.23237304308895979,0.6301996259421789,-0.8625726690311387,-3.0678921026942367,6.27780134846573,-0.26213023520948553,-0.03362192344570203
-0.17917839490837428,0.21659634932812555,-0.39577474423649983,-1.9912689082526531,2.167165444651116,-0.19405566087770365,-0.07256552570426211
-0.0521050737083002,0.35731358691199233,-0.40941866062029253,-0.46585788769335684,3.3184851491788234,-0.14048481673196855,-0.08599002458031135
-0.21882255911210124,0.3681204500200195,-0.5869430091321207,-2.663028557462968,3.628738440828843,-0.22736403836860297,-0.08377658927386877
-0.22826796737217603,0.15495454087962446,-0.3832225082518005,-2.9832733016595694,1.7695558942984215,-0.26462350859240913,-0.09473905181812503
-0.17296477811466415,0.051620404137107334,-0.2245851822517715,-1.8156439880792916,0.5966325396695813,-0.19519540456136752,-0.11117312132496349
-0.23458380043289284,0.3870703467180532,-0.621654147150946,-2.6229910497013327,3.460817889985855,-0.22974177824042996,-0.053965041784185375
-0.24756144042547912,0.2162384715096768,-0.4637999119351559,-2.7345081134535327,2.038299754979098,-0.2796512240856588,-0.13113064786944173
-0.11884267236935409,0.1883838023962907,-0.3072264747656448,-1.4403781194062235,2.1732296693394346,-0.12828647233463386,-0.10508791845609666
-0.3209682792303997,0.5531509106897163,-0.8741191899201161,-3.3251672747232637,4.068801303461753,-0.3381036007193934,-0.07209867525625158
-0.14176484106236675,0.2643603129006751,-0.40612515396304183,-1.4838323435459715,2.541144312432164,-0.16535435170591484,-0.06683222863295035
-0.18662910554673284,0.48566568446202774,-0.6722947900087606,-1.907216181630289,4.034517711784311,-0.24455257648437545,-0.06880980388371272
-0.2106041646439316,0.32093254209845834,-0.53153670674239,-2.223225594904392,2.8550638182287575,-0.21093611450569927,-0.07263237364976982
-0.22073509266310587,0.29844992605185294,-0.5191850187149588,-2.544433512168671,2.869899770450813,-0.23660555055023635,-0.09704210713041206
-0.1507804618653118,0.24544894597475264,-0.39622940784006444,-2.2706246274536928,3.234297850501436,-0.17425170633736686,-0.08077912284053379
-0.1866053232872572,0.2521054729075769,-0.4387107961948341,-2.1646017424972848,2.5587778980033073,-0.20783439522139402,-0.1465655423010096
-0.15499593793718247,0.28267367915097696,-0.43766961708815943,-2.657497883841784,4.175689002942931,-0.19252901701626046,-0.05289849642471922
-0.21426279365670986,0.37791522411506895,-0.5921780177717788,-3.411970512572953,4.835610726196574,-0.24509952659001344,-0.08010615459695236
-0.24788790937865046,0.3561717110042375,-0.604059620382888,-2.73687650252154,3.144775198703112,-0.30430072333192615,-0.12126868898802046
-0.22113517662694748,0.26892333078741615,-0.49005850741436363,-2.3958535788482984,2.4821108302348645,-0.23667143872119656,-0.05716704446284515
-0.3115027277312654,0.6599917574323648,-0.9714944851636302,-3.2230029918818404,4.754992808355555,-0.3192719088979479,-0.09688532433359476
-0.23012836108556156,0.3496658384021982,-0.5797941994877598,-2.530578133703397,3.136200751435391,-0.2712260883818267,-0.08773142641687237
-0.2849847203506335,0.7554200301539276,-1.040404750504561,-2.8337573808066194,5.248040211227288,-0.284539761910256,-0.09792555387850588
-0.17123216634001448,0.17255976742899204,-0.3437919337690065,-1.8519003368478881,1.7385958922430034,-0.23038398379823832,-0.13599092731394014
-0.3428243539860114,0.6053431564336142,-0.9481675104196257,-4.234393000108179,5.067752435139174,-0.3472596403425958,-0.06610757751249507
-0.10108976532793434,0.12794153816261522,-0.22903130349054956,-1.4998226502349534,1.8459929298445983,-0.1622790871620926,-0.09953766360969474
-0.17323277180863472,0.3938761218513158,-0.5671088936599505,-1.7560511947090698,3.3951574892442062,-0.18897281032707658,-0.05716704446284515
-0.24363898366176118,0.6608116465284433,-0.9044506301902044,-2.709140812625116,5.421601917934502,-0.26162356372172657,-0.05596220304978983
-0.245853088977793,0.2610754738862753,-0.5069285628640683,-2.628154375478069,2.342659089646198,-0.24821599510925885,-0.07485154405502736
-0.20026304700358533,0.2485572003231673,-0.44882024732675263,-2.224356000625891,2.3994281318972326,-0.22096773817002346,-0.1644098463145479
-0.2696187397494032,0.11881816712697635,-0.38843690687637955,-2.919410062325169,1.1653475935963908,-0.2946877788913803,-0.10801470213428499
-0.15327736117820734,0.2839055201788818,-0.43718288135708916,-1.5156595476781776,2.541602938663522,-0.20065887932395843,-0.06629787550320543
-0.22668648248567902,0.19645451302827555,-0.42314099551395457,-2.3993458156829766,1.836884696460206,-0.22662309689041382,-0.10145676917909818
-0.20553165561138453,0.28342287120470644,-0.488954526816091,-2.4833117910220466,2.904313102997702,-0.24823966326108304,-0.09590854898386725
-0.18541130122771854,0.38690394397070316,-0.5723152451984217,-1.7569808324161038,3.116414745232459,-0.20669379988702274,-0.08884495949892168
-0.2074486954440663,0.40965656284279395,-0.6171052582868602,-2.4317210510502836,3.8816780195420457,-0.2433650759116095,-0.04826507666512703
-0.14277295514868749,0.1259690532100337,-0.2687420083587212,-1.7043542501424154,1.4559589426122155,-0.2201156900155281,-0.10145676917909852
-0.29536224588599314,0.49603314494393014,-0.7913953908299233,-4.682004069258468,5.706073832872095,-0.3011761630076384,-0.02901985782758021
-0.2334942005386884,0.2892027229468048,-0.5226969234854932,-2.4362071402281877,2.536661756073398,-0.25970191883290084,-0.0748515440550277
-0.18020665247660783,0.12584100661767605,-0.3060476590942839,-2.5850966376782245,1.6512850896364826,-0.19849351713481156,-0.1573505213652565
-0.2021643992369787,0.42473039839710425,-0.626894797634083,-2.198643509612382,3.7544495222517553,-0.22463749792120247,-0.06744320278234439
-0.1891628375486758,0.13055188103820248,-0.3197147185868783,-1.94406234836981,1.2907937118138955,-0.22859860035610358,-0.17482300497815484
-0.25868723654922254,0.033852835546433147,-0.2925400720956557,-2.5739914052468365,0.3986166135820707,-0.2681947470449081,-0.18124117685976637
-0.2337814975063125,0.33733545844876733,-0.5711169559550798,-3.2298275824374514,3.713848289780824,-0.23983657954516724,-0.04817214446162277
-0.24368755637087025,0.26687220789143806,-0.5105597642623083,-2.887100175078576,2.615787878737503,-0.24368789932334833,-0.08324600448567654
-0.12013661592699998,-0.042466252357657,-0.07767036356934298,-1.1996343842414452,-0.34964132730249964,-0.1251270688998366,-0.184919740080152
-0.23073183968939281,0.5533895199101924,-0.7841213595995852,-2.3689400990959233,4.374897015352923,-0.21144149532460654,-0.06675814628964172
-0.13793591774848613,0.07226557201033534,-0.21020148975882147,-1.5342422678611443,0.8481363131097601,-0.18315438612018076,-0.12213118038691084
-0.23369339421492918,0.17425239467107145,-0.40794578888600064,-2.5511728722412084,1.6834076177198027,-0.2481182923689106,-0.1357026966345094
-0.2459678401597093,0.39697618869552276,-0.642944028855232,-2.5441549565428008,3.264832300164245,-0.251772800675533,-0.10026058063271837
-0.17242444690442038,0.1335512150370044,-0.3059756619414248,-1.8741148780721146,1.388809141489592,-0.20544733200575094,-0.10145676917909852
-0.2063624503897451,0.4656677996911507,-0.6720302500808958,-2.284563886944557,4.141483346538666,-0.23934126264098754,-0.05254939087238486
-0.26816777016585036,0.4137834993070464,-0.6819512694728967,-2.584071159101453,3.1223511731160536,-0.2692576700455541,-0.08286165587916516
-0.22752544422501841,0.3144354566186498,-0.5419609008436682,-2.9415796474420506,3.308608295392589,-0.2472267696019529,-0.11108801704060645
-0.2679482281795741,0.5502430778050784,-0.8181913059846525,-2.9405405145527057,4.47506332816184,-0.31899095816348855,-0.051379794339435514
-0.2871029899769497,0.6483766583129131,-0.9354796482898629,-3.0478934903274064,4.89630291318093,-0.2917061645302872,-0.061068649391852414
-0.19063423259340118,0.11347826831834062,-0.3041125009117418,-1.8077607745883013,1.0740421353677339,-0.19181900601492863,-0.11956385327559349
-0.09225641187557809,-0.07315393829424355,-0.019102473581334545,-1.0575006903313091,-0.8195666752878522,-0.16963330845030478,-0.13978161140101308
-0.1295015711650077,0.10502743646334611,-0.23452900762835382,-1.1479226437462864,1.002762325409303,-0.1593206232965272,-0.15570989937695623
-0.2461755259843732,0.5223322466188209,-0.7685077726031941,-2.7702767040343708,4.469766450318133,-0.2587108578536328,-0.04826507666512714
-0.1470128383897219,0.3260880684040046,-0.4731009067937265,-1.430812813234354,2.8483903117944034,-0.14995456469689417,-0.069017600743292
-0.14167804278213458,0.3574509665758987,-0.4991290093580333,-1.7224213508621733,3.7922027378731236,-0.18617988660408702,-0.04826507666512714
-0.19604270999981077,0.3397437781055981,-0.5357864881054089,-2.069267750251994,3.0292679679197994,-0.23411528907819568,-0.10226198177598844
-0.007355679841594243,0.018209137464806346,-0.02556481730640059,-0.052242375119490814,0.3347399528353103,-0.07683105184496242,-0.08875878079766597
-0.02973454795240793,-0.02408226384798884,-0.005652284104419092,-0.21729774769786953,-0.15843224342606085,-0.11855313442176552,-0.12046070104268558
-0.18969780426459237,0.39755246458834104,-0.5872502688529334,-1.903626127659566,3.33759309285041,-0.21546661705436476,-0.06434694028098642
-0.26904987865855967,0.60548473899942,-0.8745346176579797,-2.5520281024634555,4.2378041608244175,-0.30694837182795287,-0.07116462182159311
-0.1949927638696387,0.4592090126144095,-0.6542017764840482,-2.259560085021181,4.313185736698461,-0.21003465932964338,-0.06160602181716235
-0.23900934356033798,0.43384195881569454,-0.6728513023760325,-2.366848511818087,3.403004950299887,-0.24977241481547785,-0.08377658927386933
-0.21953527041676923,0.5645621966850354,-0.7840974671018046,-2.8462437411624526,5.592259148129896,-0.22550391922813962,-0.04095191382882035
-0.2630136381386272,0.3210751764030828,-0.58408881454171,-2.783162380933091,2.7376667927057623,-0.28611734875705475,-0.10404859741398143
-0.18089343130784596,0.394202300867718,-0.575095732175564,-1.7203970677735803,3.190838107421382,-0.20454922817604537,-0.05780531841802017
-0.1737552902290036,0.16507929174699076,-0.33883458197599436,-2.1031591234887115,1.842042746858704,-0.17021548052269342,-0.0973021663411302
-0.22324705853930948,0.3290192555179019,-0.5522663140572114,-3.056452160333373,3.654130249217024,-0.26934164118974147,-0.08361387872647896
-0.15242407057345742,0.3453437547584677,-0.4977678253319251,-1.3631173690491185,2.7795925268899744,-0.17881742181728633,-0.051364384036432065
-0.2843896436496899,0.6104852449015366,-0.8948748885512264,-2.5798970589744448,4.04569663417166,-0.3089950241403575,-0.07139487838873393
-0.22586180864169958,0.38134645900196307,-0.6072082676436626,-2.4739643910215516,3.3716855472275356,-0.2571239639523427,-0.10942428527517756
-0.24146246797098647,0.29184117305741464,-0.5333036410284011,-3.6941747245629792,3.5696414003301338,-0.24975639999715926,-0.08630192365352529
-0.21281678626738898,0.2182828989350598,-0.4310996852024488,-2.215261354183083,2.00780572369548,-0.2664999120598106,-0.12635472807025394
-0.18101954505565843,0.1570996603034358,-0.33811920535909423,-1.8942089237884023,1.5486290594467154,-0.1939693528110944,-0.117797057584338
-0.18419165737534016,0.23354659763403607,-0.4177382550093762,-1.9709604867358628,2.227266673082789,-0.2333762145042817,-0.08168125562568918
-0.20062908866118978,0.3566717788108711,-0.5573008674720609,-2.853017777250029,4.143819444315873,-0.21469286904120066,-0.03178666147155129
-0.20180184991228944,0.3531342691313748,-0.5549361190436642,-2.248876759911276,3.278125928346423,-0.24925592972716526,-0.0807791228405339
-0.192416040546059,0.4974385874994467,-0.6898546280455057,-1.972083179263532,4.110880151259937,-0.24813209785471158,-0.04826507666512703
-0.3072429769479528,0.5639077441742846,-0.8711507211222373,-2.994417746829252,3.964546084450544,-0.3250812012940869,-0.0805390877929838
-0.18894962387123992,0.18565827696061477,-0.3746079008318547,-2.305023260968694,2.0321940178853883,-0.19255783203497656,-0.06588901964479532
-0.08395080695515011,0.18619134228854617,-0.2701421492436963,-1.0012886722774994,2.1860426047211408,-0.11921139218366439,-0.04817214446162277
-0.23949610182824577,0.35323224038168743,-0.5927283422099332,-3.246176761157015,3.797024070557664,-0.24435981401381657,-0.04817214446162266
-0.11350559202439359,0.13191200926722213,-0.24541760129161572,-1.1153696047987067,1.3412633400593224,-0.20797567660872363,-0.13086380316743484
-0.24309322707687975,0.5159277146444103,-0.7590209417212901,-3.081830266766088,4.958973138848158,-0.26310886002830425,-0.04826507666512714
-0.21635925156310076,0.3957955053110698,-0.6121547568741705,-1.9890239131814937,3.01700923177724,-0.2325888963471502,-0.0846809922155064
-0.16352071582180305,0.10289993975084633,-0.2664206555726494,-2.1962047958098534,1.31835910210639,-0.19463869275386592,-0.0685097456503454
-0.2099145905560702,0.4522574296309392,-0.6621720201870094,-2.3219366346012973,4.002852535719314,-0.2219219400342567,-0.12713562549812052
-0.29329802739462185,0.4972250563097347,-0.7905230837043565,-3.329894754543418,4.145642929235181,-0.3041073982561897,-0.058817128166874344
-0.29848627137698946,0.6063806798083493,-0.9048669511853388,-3.968588449188619,5.690667484587149,-0.3004679157250023,-0.025085316654514522
-0.1872976502834761,0.31826978451647414,-0.5055674347999503,-1.9325737128339484,2.8268918360494673,-0.22672449862632016,-0.08357463749652538
-0.21075962118927638,0.4418938440638571,-0.6526534652531335,-2.2447334105000505,3.7942446349492407,-0.24251387934384228,-0.06087030563803364
-0.2305766403296997,0.31950602247271487,-0.5500826628024146,-2.4901082669451022,2.8545383284528243,-0.2304830115396902,-0.09173967213137468
-0.16000206845390863,0.4823445535917499,-0.6423466220456585,-1.5447653168397157,3.910705576071667,-0.1804618696498006,-0.06087030563803386
-0.24254403943386893,0.223572816911644,-0.4661168563455129,-2.5231479217061006,1.999794386922823,-0.2701172625897432,-0.1372465189730967
-0.18400414658082376,0.23591291900477396,-0.4199170655855977,-1.7412465382248332,2.0313223667097753,-0.22824327060308325,-0.10391875078065915
-0.16507051148363872,0.4421454252635735,-0.6072159367472122,-1.8391699399632893,4.106528099097585,-0.20808553438179866,-0.11887985232128773
-0.23817234196247938,0.2263263500449222,-0.46449869200740157,-2.428548726567442,2.0026207831046032,-0.2607250009889064,-0.08098386174394523
-0.23088666250238232,0.36334567132935547,-0.5942323338317378,-2.553742706005754,3.262371536263509,-0.22942493173030554,-0.04826507666512714
-0.20374391406531078,0.10939895035831726,-0.31314286442362804,-2.230407901948713,1.1453238113721005,-0.2060485166333912,-0.1062358617501783
-0.01365445759026851,-0.12336745543003091,0.1097129978397624,-0.07203508009438084,-1.3996966622259321,-0.1001833109863085,-0.1705529969652757
-0.2785134955767231,0.61097291659188,-0.8894864121686031,-2.905707726873907,4.626968262426823,-0.28248895695253895,-0.06401099306740021
-0.38167886349367564,0.7166780460017348,-1.0983569094954104,-3.9518599550280924,4.755772109278044,-0.382244766267267,-0.06640480928629855
-0.2262471378294445,0.41836132821828387,-0.6446084660477284,-2.3546697914333152,3.504846938750785,-0.24126514244335406,-0.06663795258598604
-0.3112210862807566,0.49206104236440695,-0.8032821286451636,-2.964956552076956,3.454431300075562,-0.3141435868209458,-0.10145676917909807
-0.2536560196043246,0.5652337384075454,-0.81888975801187,-2.3381138727456543,3.949023862199778,-0.28379343041832283,-0.06061742184175678
-0.2451629262752597,0.23294278414406344,-0.47810571041932315,-2.722656532223148,2.1894996426795523,-0.24482875851986707,-0.10294602394384833
-0.2250505620249068,0.2686703761191154,-0.4937209381440222,-2.4879957048039336,2.5131909844953686,-0.252921384710559,-0.09346959751611872
-0.28509524951252263,0.0387274746112245,-0.32382272412374713,-3.2342133162470286,0.46337402972950126,-0.28081307995592,-0.16280662838526927
-0.3026015073462899,0.37505438536516866,-0.6776558927114585,-3.2497454666812087,3.0689080182304784,-0.3020174430747501,-0.07574169025878574
-0.1898857587085423,0.5749189692579431,-0.7648047279664854,-2.141153842328357,5.11300461771172,-0.21088819054270425,-0.04826507666512714
-0.10932594259084838,-0.04657056631617795,-0.06275537627467043,-1.3029625334094952,-0.4944334081997892,-0.18612321765820228,-0.1506515551766643
-0.13183435640099006,0.2917481150083152,-0.4235824714093053,-1.141303222059065,2.3918099784156017,-0.20798948392770755,-0.0588893474431228
-0.20137719931888454,0.25663631935458353,-0.45801351867346807,-2.6758310161577583,2.900118888698053,-0.23446599886829733,-0.07485154405502725
-0.09269348806044897,0.5538826005411994,-0.6465760886016484,-1.059336743820591,5.523291715938063,-0.11655371150897154,-0.05254939087238497
-0.21852991913949604,0.4028958687614037,-0.6214257879008998,-2.670672257867968,3.949470545119268,-0.23927831410252587,-0.05716704446284515
-0.1887262121400637,0.4150009626730853,-0.603727174813149,-1.6348451470860856,3.0540085095537837,-0.20522306915402067,-0.06493260756316943
-0.22612820243978637,0.1428235609615034,-0.36895176340128977,-2.6904165520302032,1.5244311837880498,-0.23383196401932527,-0.14651381158315047
-0.16519011278631313,0.111493785397353,-0.2766838981836661,-2.5882106471771538,1.6127745422329012,-0.18510361291292543,-0.10303685376319704
-0.21841658398929953,0.0737264924896408,-0.29214307647894033,-2.3347804625754955,0.7896887893413578,-0.2468020960463897,-0.13927171638129876
-0.18506871026300997,0.32003528093687295,-0.5051039911998829,-2.4311781947515754,3.5331479388012563,-0.20086514854066495,-0.06958478976012039
-0.19461237029746203,0.29897757760329813,-0.49358994790076016,-2.3249335876822124,3.026366895369445,-0.22670896059685652,-0.04534113957581132
-0.2240309929867278,0.1972258261688573,-0.4212568191555851,-2.6693215406755173,2.0367982027448606,-0.26706344316314246,-0.10270330479148315
-0.2502371518384311,0.20956496949959025,-0.45980212133802134,-2.706434668543481,1.9432753711343835,-0.2639674445142549,-0.12249917522173959
-0.08187029446969518,0.04442824267583023,-0.1262985371455254,-1.2675892666018167,0.7336437141993757,-0.10617619244911158,-0.07485154405502747
-0.20861216773541247,0.3512861464599859,-0.5598983141953984,-2.6205647625777346,3.610599935429466,-0.23693373330874123,-0.08691036711423761
-0.23859383059345307,0.3823149398100245,-0.6209087704034776,-3.0201285319641467,3.846186395081379,-0.23859417585569853,-0.11799917668990456
-0.17422383598876123,0.3518706646286405,-0.5260945006174017,-2.1600939026334736,3.674430104215219,-0.19587012866030362,-0.04817214446162288
-0.1099866791718851,0.2586141335805847,-0.3686008127524698,-1.139537811709847,2.536041870391392,-0.11118974674387594,-0.09038527226702597
-0.19928478651012382,0.2504605018696777,-0.44974528837980154,-2.279529274326774,2.4776566945307597,-0.22376197814497134,-0.09598988657353469
-0.25555356212835456,0.2976318733817418,-0.5531854355100964,-3.862082057012735,3.5581283644330934,-0.2565497124004158,-0.055419033200247214
-0.274847412857982,0.521415900774312,-0.796263313632294,-3.1541605654696694,4.420653726840055,-0.2983595697888015,-0.04817214446162288
-0.25658918319218094,0.6716399003531763,-0.9282290835453573,-2.7750965508542462,5.284200552789972,-0.2699903064363769,-0.06757800117283452
-0.11279865952495227,-0.07050024709733571,-0.04229841242761656,-1.3396238189984044,-0.7934583289694848,-0.13333485872405715,-0.19275878476540997
-0.12481066144832254,0.23525827311885572,-0.36006893456717826,-1.4062575278265546,2.464099523459873,-0.1844941635011239,-0.09518771374031565
-0.22690244068043453,0.3286122557982234,-0.5555146964786579,-2.886949519866756,3.396887300683733,-0.23434795294465427,-0.03838459046889753
-0.12799499449482843,0.17322232846860608,-0.3012173229634345,-1.802061733156292,2.2759800992687405,-0.1483029908478003,-0.046010743368502305
-0.19844112144961878,0.3051238031297796,-0.5035649245793984,-2.278503113543681,2.975006621174197,-0.21980346919943583,-0.08896882809979312
-0.26918717568179384,0.4784429456031205,-0.7476301212849144,-2.9541579339760924,3.961705823147256,-0.24429769861979944,-0.12339622333154221
-0.23060650595982246,0.2916283174699206,-0.522234823429743,-3.7722579155209757,3.8566626561777224,-0.23373696970945101,-0.10438510308510351
-0.1728040951924401,0.29673089951904874,-0.46953499471148885,-1.5294287421182053,2.3719019836479336,-0.21340655936109143,-0.11090601018662916
-0.2657314491479066,0.4635733654172698,-0.7293048145651764,-3.6758040582084734,4.826037304398375,-0.2764238347610538,-0.10145676917909896
-0.23181677819403534,0.1529424845131755,-0.38475926270721084,-2.039966072550486,1.2730321091016528,-0.24356653644576653,-0.1712454204896784
-0.24746944767137202,0.04295069577231847,-0.2904201434436905,-2.9058739187287905,0.5269817209187461,-0.25263958688326593,-0.12220101536606853
-0.3114422624755653,0.67319633044467,-0.9846385929202353,-3.2119908826051615,4.822612269527325,-0.3125307009932783,-0.03410858291629726
-0.2304485462701671,0.3204390121484342,-0.5508875584186013,-2.907920232757273,3.282090636577411,-0.23352626424757406,-0.041295965822714664
-0.21665080172167994,0.4295056735288145,-0.6461564752504945,-2.7298680003368476,4.290897212229282,-0.2488305030685969,-0.07485154405502747
-0.23709211417819698,0.5960264927601546,-0.8331186069383516,-2.5406411436368943,4.834173631905756,-0.2618470907339686,-0.05601104836619186
-0.22494457697677328,0.29591849611345755,-0.5208630730902308,-3.1208911040173177,3.3531528298957833,-0.22809807765558265,-0.10704424462551576
-0.20483315364501375,0.29065516330389474,-0.4954883169489085,-2.652725972181496,3.148968086777831,-0.20912578841537288,-0.1170689846619366
-0.27527647798498944,0.8389601585784956,-1.114236636563485,-2.6916281193983385,5.675607495088189,-0.2987924412229004,-0.04826507666512714
-0.031204754831952397,-0.023287721406356487,-0.00791703342559591,-0.35545425238187767,-0.2483913086750479,-0.09876911511478825,-0.1393819072821092
-0.21538625567741276,0.2468179537921691,-0.46220420946958185,-2.6662900220962253,2.601723614943805,-0.23120374974523683,-0.050918181891674075
-0.3006683021613481,0.6341363144469041,-0.9348046166082522,-2.947873522529929,4.409715017970722,-0.3074758992831248,-0.04826507666512714
-0.2013595354075136,0.4081627704186326,-0.6095223058261462,-2.4637255768136073,4.038861911098906,-0.22351315673099537,-0.04817214446162288
-0.21989263700125938,0.3505456654384249,-0.5704383024396843,-2.2020415493543886,2.923751156006458,-0.2430435739952862,-0.10581084720481226
-0.1217988470525263,0.20207157637110273,-0.32387042342362904,-1.2962426790801782,2.0633254436393234,-0.1459551755984282,-0.07020051358752977
-0.26283218628156946,0.4239619629855056,-0.686794149267075,-2.7996090847797577,3.5076265675843525,-0.2613713488147804,-0.08135550136750014
-0.11029891636330302,0.04640941836447254,-0.15670833472777557,-1.0309009670992806,0.5335374120099866,-0.14366254498260445,-0.14863979976564345
-0.0994457784716174,0.008160347255782074,-0.10760612572739947,-0.9542422954142586,0.17220593085600253,-0.12484648324235359,-0.1426481743344158
-0.2942271663433116,0.3095546181357083,-0.6037817844790199,-3.7980723835893384,3.110244197489881,-0.29780721647482966,-0.08965496572935594
-0.28802801874632056,0.4442040846152715,-0.7322321033615921,-3.027358621201275,3.5320911561127257,-0.28795337798004705,-0.08482506710858162
-0.15892388302520666,0.20734175800953647,-0.36626564103474313,-1.5827684240897093,1.9286609655845834,-0.18023321205027543,-0.10330645450564357
-0.2979951768482213,0.4194562592277915,-0.7174514360760128,-4.325003534362965,4.479687154085811,-0.29817549272455346,-0.06566358794373539
-0.22130041715791948,0.15494163735510358,-0.37624205451302306,-1.9643818698738587,1.3049457795047847,-0.22102687852119696,-0.08546566605114325
-0.23795930915166608,0.2636442986864702,-0.5016036078381363,-2.3556248091750733,2.2295960469338967,-0.25822381237061565,-0.1047817275315408
-0.21451108520548867,0.5817961057439966,-0.7963071909494853,-2.121456954088985,4.449160543201238,-0.23315329270398033,-0.07937264922435006
-0.22094061364058626,0.2961301633207605,-0.5170707769613467,-2.4882714338443033,2.7916629169119,-0.23431419448164548,-0.08954248417429245
-0.20723605670278078,0.45416296815121426,-0.661399024853995,-1.9687514125411885,3.525855468900053,-0.20441689792524909,-0.06001524149972526
-0.34231476187664833,0.4728710647847103,-0.8151858266613586,-3.9951028678420046,3.8939008566742928,-0.3465276500587646,-0.08840013920150902
-0.1551482165584387,0.29815787886313205,-0.45330609542157074,-1.9600612611588737,3.2851663402004543,-0.2101046328662236,-0.07758809208654338
-0.15489574480370305,0.024640517333185397,-0.17953626213688845,-1.771194504581837,0.35147428062139596,-0.16828948528662857,-0.14674110859064948
-0.10070919222152941,0.24215171114034217,-0.3428609033618716,-1.2202481354109829,2.764878013122191,-0.1453489969661993,-0.058001522610519274
-0.34803359998013816,0.5234859787235613,-0.8715195787036994,-3.576807730984462,3.7653066820766328,-0.3491726348675318,-0.072376610104125
-0.05403259826812801,-0.02625118112350544,-0.027781417144622567,-0.7176786232926697,-0.31307624831688347,-0.15328208123801734,-0.1040675006600571
-0.19512034319876437,0.1601436662701088,-0.35526400946887315,-2.336675426380807,1.7383692212072952,-0.21587811053905592,-0.07450815624528007
-0.28379767853973814,0.4274689201511952,-0.7112665986909333,-2.954915458831661,3.3964186170193464,-0.30526242510812684,-0.07222568669864082
-0.2969004457668254,0.7466446810182106,-1.043545126785036,-2.736621188998464,4.77789334789402,-0.3130477122101033,-0.07852195887283986
-0.25261818279297843,0.14830748190751475,-0.4009256647004932,-2.962232789457246,1.5256258180321165,-0.2828128394870324,-0.11874454294438275
-0.31997725134610666,0.7861459032901053,-1.106123154636212,-3.3673691819833547,5.555635506098536,-0.3199059600307468,-0.04826507666512714
-0.16838003069455765,0.3292822505276032,-0.49766228122216083,-1.9262501632809066,3.244194019891294,-0.172539052358321,-0.083776589273869
-0.23402876611164347,0.2792328411048588,-0.5132616072165023,-3.6250394201506406,3.504060756755403,-0.2442566191555091,-0.05884932398468934
-0.2124741159959752,0.28902506863740474,-0.50149918463338,-1.8965758372861075,2.257887406860267,-0.256062635107279,-0.10376302515357394
-0.196387894924402,0.20127081545513015,-0.39765871037953215,-2.7209043148464933,2.4225725587223144,-0.19610931390542552,-0.11109233604851876
-0.22713638123253133,0.2262641068695852,-0.45340048810211653,-2.2717171239952036,1.9816328613361318,-0.2448981492296406,-0.10519469394171244
-0.131803893705025,0.20895305327260982,-0.3407569469776348,-1.791218267285957,2.603041774878217,-0.15237739304920916,-0.06467492417833065
-0.1478192452725905,0.08535889788743001,-0.2331781431600205,-2.1428753544845964,1.1992842025062647,-0.16205643748608978,-0.10145676917909863
-0.060105515959132716,0.2653119342429082,-0.32541745020204094,-0.6619524924274341,2.9294553065200573,-0.14374665439576395,-0.06490002826071961
-0.21702117027368073,0.4348024083761046,-0.6518235786497854,-2.430586904139655,3.890112397362076,-0.23964479649557868,-0.06566358794373561
-0.15281791420843482,0.2446337973690842,-0.397451711577519,-1.512188513443182,2.2342446729520353,-0.162046059480475,-0.07139248157995415
-0.2795629513292168,0.42304610712825474,-0.7026090584574716,-3.3787651735778703,3.858833909680672,-0.2832894058239095,-0.08539006092364376
-0.23493868116739514,0.3812631593244358,-0.6162018404918309,-3.1657225642673588,4.064482674782419,-0.2330672659040871,-0.05254939087238519
-0.2179237315754703,0.6571200865290294,-0.8750438181044997,-2.2899171206707436,5.205708460183213,-0.2484156177670388,-0.06418234709053905
-0.20594940619293622,0.4885119484288589,-0.6944613546217951,-2.5576221495301774,4.810309255767202,-0.2227496545789014,-0.045550056735335964
-0.11455647859534746,0.11099018219705603,-0.22554666079240349,-1.9798283705831883,1.8263871832370413,-0.14364315687381846,-0.0748515440550277
-0.25940335703713757,0.5538688937209102,-0.8132722507580478,-2.9800267506801115,4.739606995402089,-0.26938983842948605,-0.05149715875562233
-0.13980693690585633,0.26048799434978864,-0.40029493125564497,-1.2065522893779355,2.141222613887312,-0.21079845376175588,-0.14118747408313703
-0.2514935594125006,0.7232234300356757,-0.9747169894481763,-2.685949426249803,5.584328428802268,-0.25612579315316253,-0.06374670431675844
-0.2711761348546289,0.6329897244044413,-0.9041658592590702,-3.111418315312021,5.255161110064071,-0.277591702838333,-0.10762686391574583
-0.22389021817168497,0.21465163031463064,-0.4385418484863156,-2.146598169066626,1.835669928551327,-0.23323415092393363,-0.08314941772675621
-0.22229516383551906,0.5239029566355187,-0.7461981204710377,-1.996830661805247,3.726979957765111,-0.23994878018653754,-0.08304686880566303
-0.22357920982920565,0.08872158740552072,-0.31230079723472637,-2.9772900757147966,1.0964005206416005,-0.22210359094998378,-0.11406847866945713
-0.24955394326411295,0.522154960983576,-0.771708904247689,-3.058287310479016,4.807432809313785,-0.2511290104139028,-0.06418234709053894
-0.3235147725700116,0.6304471499187894,-0.953961922488801,-3.3843906948842593,4.569882280859071,-0.32726713458512635,-0.04826507666512703
-0.12261448834988731,0.22905697368084765,-0.35167146203073496,-1.640913733882095,2.8084866888493636,-0.1636489309109913,-0.07485154405502725
-0.12048560306585165,0.17946234588238252,-0.2999479489482342,-1.1049215690493865,1.6548550541487654,-0.16947076402122585,-0.08717935605755012
-0.30952608289431427,0.22510456113977817,-0.5346306440340924,-4.029528217900353,2.313648366258124,-0.2961132791719805,-0.11138318140951597
-0.17113662917945383,0.4324412024317186,-0.6035778316111724,-1.7157866870896563,3.6391678006315398,-0.18234505211247842,-0.07485154405502747
-0.20891466231311606,0.4482849182895119,-0.657199580602628,-2.1985517104728736,3.7982561198174123,-0.22906916127943933,-0.053227564528490756
-0.22527473374339946,0.2527532344584451,-0.47802796820184457,-2.387026392690706,2.29561652669215,-0.2298344108976459,-0.07539524785189133
-0.17313702852769097,0.04179373956314669,-0.21493076809083766,-2.091346028863308,0.546219523707322,-0.1973925053595248,-0.1406485613213011
-0.2490167628748765,0.25541934707706115,-0.5044361099519377,-2.8234893197376096,2.4049469023669503,-0.25639008191636636,-0.08759660225766286
-0.22262579446326758,0.6361567813744893,-0.8587825758377569,-2.1563141027267716,4.68466009015252,-0.2509398873119426,-0.04826507666512714
-0.31466173553741483,0.5225474260588829,-0.8372091615962978,-4.40149795342111,5.166426270779246,-0.3243207812228758,-0.027017393616935115
-0.25733487174849023,0.5951753760026914,-0.8525102477511817,-3.9607499406487574,6.7716622879319575,-0.26493301560910043,-0.02264973268549808
-0.13493369664206478,0.07380021007108906,-0.20873390671315384,-1.9197203698973642,1.0416494538690941,-0.14012738552165172,-0.12493793548901222
-0.30025036999720023,0.40829339596538516,-0.7085437659625854,-3.521432685441871,3.5860288419213733,-0.3303805964472851,-0.07485154405502759
-0.1801704168678664,0.3274047335293584,-0.5075751503972248,-1.7387102137499924,2.7515818831704264,-0.21183076662216793,-0.07485154405502759
-0.131192721744679,-0.0029570293107744616,-0.12823569243390454,-1.3978170911981738,0.0546743708097843,-0.1450262825457893,-0.1642325735407799
-0.1951752308686141,-0.030348572162423815,-0.1648266587061903,-2.087962044631061,-0.21941958731485653,-0.23075356465646024,-0.11379422232923808
-0.21159801424882185,0.2438197676051037,-0.45541778185392556,-2.2025643012240907,2.2106362381664373,-0.21324314375470355,-0.14620517331477578
-0.20329837698707487,0.2211475590758083,-0.42444593606288317,-2.078330598677106,2.024930810337989,-0.20350301653739,-0.10278301012846935
-0.14272857836214614,0.13174533590039794,-0.2744739142625441,-1.5715875522309577,1.4225045687626143,-0.16705254281750892,-0.10239223646244344
-0.22512671175054966,0.4822253567534782,-0.7073520685040279,-2.2185373760272027,3.7543606643221192,-0.2854750123565364,-0.12920361531323987
-0.13319023054076395,0.30927784784878765,-0.4424680783895516,-1.8379707495175754,3.7440538730762105,-0.1740758931518387,-0.039381681119168954
-0.16001176298751896,0.3309567512613816,-0.49096851424890053,-1.9129479676609533,3.4186699846997786,-0.1923082387388324,-0.05801924371244138
-0.14251708114156814,-0.01243071682941621,-0.13008636431215193,-1.3122776963315244,-0.016604907700376783,-0.16915615695640696,-0.13415065541295035
-0.2046704929963158,0.5570634794990952,-0.761733972495411,-2.126351451559491,4.542326134563697,-0.20416444405147316,-0.052549390872385304
-0.18381289977693194,0.3383502574441253,-0.5221631572210572,-2.0309748943039923,3.177448884626113,-0.21238920826058538,-0.09742544161441113
-0.19307187078728127,0.02372016193620996,-0.21679203272349123,-2.205523968186397,0.33427959681704844,-0.225214040573391,-0.12286579484254145
-0.17751143130084812,0.40119790046366566,-0.5787093317645138,-2.0861562037652783,3.9128813038224632,-0.2006419282079802,-0.04817214446162288
-0.14260729191352306,0.001245894145335713,-0.14385318605885877,-1.6274774730324713,0.09522445034177057,-0.167750607766479,-0.11578054904319246
-0.19582953069536546,0.30334010185720617,-0.49916963255257163,-2.635980191744077,3.4199669138116837,-0.20731492641721827,-0.05787286274674175
-0.23809893808431015,0.4423552172597218,-0.680454155344032,-2.727085896800186,3.9603291407346592,-0.24431975190922406,-0.06566358794373561
-0.2299204073594897,0.3014251420117138,-0.5313455493712035,-3.518867374785491,3.714405841262946,-0.21979387689110153,-0.10742195765198426
-0.26368237385176174,0.4381385741129509,-0.7018209479647126,-3.041871702948943,3.8802159866498727,-0.28875664052112715,-0.069003190946061
-0.1841418651838015,0.17520666893350767,-0.35934853411730916,-1.6758071770517746,1.5241268549435323,-0.20357892220641605,-0.13917595519423076
-0.31587464544343624,0.3962825576701605,-0.7121572031135968,-3.725788364177434,3.45273661235812,-0.3231869263080186,-0.04913427284977523
-0.13208971831914496,0.2566744241769303,-0.38876414249607527,-2.385441837184227,4.103021089661842,-0.1656150709325147,-0.06265483843157393
-0.18990647551896178,0.01743090918618906,-0.20733738470515084,-2.612550510302681,0.29247013907485536,-0.21905692197888604,-0.12278457135649412
-0.1241408849237624,0.18869211492704463,-0.31283299985080704,-1.0362239086903968,1.6087506191721124,-0.1727204498991023,-0.1194179291232561
-0.2370550462924922,0.32612021005615444,-0.5631752563486466,-2.6412774287973337,2.969706567198012,-0.2554618272399263,-0.09671164784943087
-0.06984523724191449,0.09026726879609637,-0.16011250603801086,-0.7588013713422455,1.0872125129564922,-0.13322499520796394,-0.0763481649269423
-0.12361108611241212,0.1935434528302169,-0.317154538942629,-1.2583282789007353,1.9162385033735727,-0.18933820705697324,-0.12517019047051636
-0.19522693682533443,0.3544965451275719,-0.5497234819529063,-1.9818570639962458,3.0385554233142846,-0.19852975658595384,-0.06948694727339377
-0.20735227736627537,0.28736533988249513,-0.4947176172487705,-2.1153154071020137,2.5235771387025947,-0.21124263353419181,-0.10568200693530083
-0.34474668666852215,0.7404945676474679,-1.08524125431599,-3.802633199651764,5.38270603556064,-0.36282740461166973,-0.04817214446162277
-0.14768902228937442,0.408884674399824,-0.5565736966891984,-1.3522109922290169,3.2886909047794353,-0.19031497199406844,-0.06910945884470099
-0.16875845603455686,0.1571711678925447,-0.32592962392710156,-1.9671479681638426,1.7093944940977848,-0.22068930425407174,-0.08180469381884625
-0.20419593113518753,0.2444547170270157,-0.44865064816220324,-1.8261943262039666,1.9744391660337424,-0.228359283245674,-0.09390334061477135
-0.23747193154138546,0.16262499328531566,-0.4000969248267011,-2.293562325268798,1.4349888371638464,-0.256470809441701,-0.14229946048477027
-0.09286830370947796,0.3057782800876172,-0.39864658379709517,-1.3977239336959346,4.163829347750093,-0.1040286008109389,-0.0726727972625617
-0.27723854477243515,0.2656467136364191,-0.5428852584088543,-3.1106098807836835,2.418966006833583,-0.2683502461562143,-0.11656692576513117
-0.1590786102716235,0.19169437705287917,-0.3507729873245027,-2.2903526759681436,2.4753054462031465,-0.15087693493331755,-0.07485154405502747
-0.23290091204949226,0.2850720100659423,-0.5179729221154346,-2.9143301234344943,2.9424640070056243,-0.24951768501716187,-0.08821329289507496
-0.27369093297753944,0.6145511162918875,-0.888242049269427,-2.7674958316440166,4.527631403056808,-0.30791609399348385,-0.04826507666512714
-0.12258174785045028,0.19585617937910604,-0.31843792722955633,-1.2031386303733944,1.875693472100758,-0.17384047124331747,-0.08601427692431318
-0.2236431101125308,0.1788579565566497,-0.4025010666691805,-2.419054307075637,1.7237266553019355,-0.2556652162588393,-0.08965496572935616
-0.15398758380639999,0.3453845269483742,-0.49937211075477417,-1.6239955218500808,3.1871697579827547,-0.1965143076696363,-0.16293034022890274
-0.11118582828864199,0.3213986498215431,-0.4325844781101851,-0.9867142439928883,2.7058978492042622,-0.19595103672095093,-0.11104055087110909
-0.26553545191103234,0.3139584373102853,-0.5794938892213176,-2.5609393679412187,2.4735131712253464,-0.2840696172067405,-0.10206255959095001
-0.1751942721737374,0.4290850932925001,-0.6042793654662375,-1.6747443541292575,3.4577059810860855,-0.1977642476862992,-0.06158159101045513
-0.04558557331603952,0.25982726856523675,-0.30541284188127626,-0.5359644134712755,3.137873521681589,-0.11210855014433285,-0.04826507666512714
-0.22533681613519851,0.2801098307552501,-0.5054466468904486,-2.445868700664454,2.5589523472272373,-0.2754182127682586,-0.08581762381153946
-0.21701398357986168,0.41583558734574955,-0.6328495709256112,-2.2008090998189673,3.4365167770570304,-0.2600907721050063,-0.04826507666512714
-0.20896139799840285,0.30200728101433194,-0.5109686790127348,-2.2622676619964013,2.758701333474581,-0.19215331866923657,-0.1449624849313228
-0.13729085868652846,0.3918645298921568,-0.5291553885786853,-2.0014919191743514,4.904452891610749,-0.16134965889062258,-0.05418618469312231
-0.1532467359569688,0.37098972420121124,-0.52423646015818,-1.2517195172167024,2.737843368703252,-0.17456280928320866,-0.093925798857731
-0.13555053803666095,0.05195232340540645,-0.1875028614420674,-1.460313210355084,0.6249905629721266,-0.15798535679340775,-0.14486852072225453
-0.2581869887926277,0.4480008612596149,-0.7061878500522426,-3.020690934190178,4.04138682254992,-0.2638268751254603,-0.04826507666512725
-0.32686864308475927,0.5319331122083248,-0.8588017552930841,-3.9954188609144095,4.573499779202913,-0.32686894831848756,-0.04817214446162266
-0.10302410334629719,0.05702519306291043,-0.16004929640920762,-1.082466160997486,0.6811229904929532,-0.15356861899043672,-0.10388223321366741
-0.195577516718332,0.21514725085037556,-0.41072476756870757,-2.5949834032368138,2.4713837562626257,-0.19794892319928326,-0.0748515440550277
-0.1892446781472804,0.14969445306687468,-0.3389391312141551,-2.0128586371279265,1.4903336393402258,-0.21555221718039919,-0.14662042864511315
-0.1440360643281362,0.10455584174609744,-0.24859190607423365,-1.7279952667058702,1.2375832277741419,-0.174555524660429,-0.0829622308535456
-0.18177126635211227,0.17125891664275494,-0.3530301829948672,-1.9164140621766033,1.6766934054470761,-0.20767819751691585,-0.06859121933370249
-0.2455813293525665,0.48430622370038057,-0.7298875530529471,-2.56962392945273,3.9184850935609674,-0.2662610887128193,-0.05930316251286383
-0.1983597166668455,0.439722805605701,-0.6380825222725465,-2.513658860808965,4.484034765960641,-0.20082892503862226,-0.053414855479231305
-0.2591467237135554,0.19268325022622035,-0.45182997393977575,-2.759801261542414,1.7665587426266864,-0.26519568536189275,-0.10084361803474096
-0.2845075318217474,0.209474174408794,-0.4939817062305414,-3.941866140311362,2.3498527912936766,-0.29935095325342853,-0.04817214446162277
-0.234601699775434,0.5395141599328797,-0.7741158597083136,-2.341406075991594,4.153336238452916,-0.23501210075803614,-0.05116553017800307
-0.2818028245425974,0.4171616594219554,-0.6989644839645528,-3.754356258944058,4.16361936435488,-0.3001247260088219,-0.08377658927386922
-0.21975143585130485,0.0027068906287321948,-0.22245832648003705,-2.3973100369271507,0.11835649246940524,-0.23919331987550863,-0.09884688473602532
-0.10313320395709968,0.2612217791264968,-0.3643549830835965,-0.8859396716876351,2.228881718516785,-0.1741916709210074,-0.06151439229090527
-0.19161498278400446,0.5589438051684572,-0.7505587879524617,-1.6872518007996216,3.966934967272601,-0.22114402263173505,-0.04826507666512714
-0.243213622990612,0.08203416399637375,-0.32524778698698575,-2.790596720793691,0.8984181277022458,-0.2679638781066408,-0.12382458580607891
-0.30013947161257815,0.5669200857451939,-0.8670595573577721,-4.033767684007811,5.413599944752946,-0.3066134423948016,-0.0317866614715514
-0.18528751093334617,0.5549470674545862,-0.7402345783879324,-1.819459685171229,4.374242049656702,-0.2123126901713146,-0.05254939087238508
-0.15765296548817642,0.23446053354622198,-0.3921134990343984,-1.6518197661584946,2.2571958130091856,-0.19350666460663057,-0.10196345545960428
-0.1184505477377984,0.0672487371771684,-0.1856992849149668,-1.1881620438212683,0.7505178038173781,-0.17094076304967742,-0.10388223321366719
-0.29552836437157826,0.4230391509616851,-0.7185675153332634,-3.215896080468479,3.4663147216737755,-0.30338319304726513,-0.0718663977850641
-0.22231665526030087,0.5507225274457208,-0.7730391827060217,-2.674277051699056,5.091178426388249,-0.24811352478669113,-0.07263237364976904
-0.21879557669007932,0.46168792627250377,-0.6804835029625831,-2.093987852123912,3.5460265504905673,-0.23797026857179038,-0.05716704446284515
-0.1806046618329229,0.2523231505119874,-0.4329278123449103,-1.950326100995392,2.415244184301959,-0.20117750679437707,-0.08815169240888776
-0.08215309539128257,-0.07472012268356243,-0.007432972707720142,-0.7497940664722001,-0.673561293172752,-0.12365497497034839,-0.18723307764775943
-0.1890212622321844,0.4074769323986256,-0.59649819463081,-1.7456808744180017,3.182942491374836,-0.21559003734430937,-0.06868825247276844
-0.1734330984228457,0.3054566198573505,-0.4788897182801962,-2.190981437038722,3.3093592048694616,-0.21195631112827462,-0.061537503293397244
-0.12398223875626291,0.18151874993749684,-0.30550098869375975,-1.1311815604266195,1.655601835047129,-0.17532563493841946,-0.07090873102361317
-0.25882956216457564,0.5987130150810607,-0.8575425772456363,-2.6025548399946183,4.457669764275861,-0.25765041597439364,-0.07186639778506443
-0.17754734830709806,0.4021681611963417,-0.5797155095034398,-1.7375015624000787,3.3344989622185808,-0.20362666914436645,-0.088088832381652
-0.32743234243830543,0.45833516483791836,-0.7857675072762238,-3.2790011407363377,3.354000332593018,-0.33116297428139385,-0.08596440047100418
-0.15412068499738152,0.3629403341931414,-0.5170610191905229,-1.9762462825792948,3.9746811877805803,-0.16234412553257438,-0.14366597718884389
-0.21377844891873732,0.39859911004998594,-0.6123775589687233,-2.5187076939051805,3.8086419991326643,-0.23221490253421084,-0.04826507666512714
-0.15654689285669476,0.43620074413027554,-0.5927476369869703,-1.5635745179667264,3.7193374128148666,-0.19366617083269344,-0.04916279543390578
-0.21250942129308603,0.42964915666916514,-0.6421585779622512,-2.0814904024393104,3.4294446583525557,-0.24419719051459776,-0.08833521588039672
-0.16495693811657397,0.40400589463783154,-0.5689628327544055,-1.6420356854027605,3.4446038855114103,-0.208984539427857,-0.06160602181716268
-0.1376431795799855,0.16393178307046585,-0.30157496265045136,-2.344719642599407,2.5223674299806453,-0.1546870225817285,-0.10104598784564223
-0.15178610682942495,0.03369238219584725,-0.1854784890252722,-1.6422451734402326,0.436248762817892,-0.18926703648776355,-0.16265076035000225
-0.13327763718603503,0.14235609948166483,-0.27563373666769986,-1.5199069215945786,1.5834356204209672,-0.13986826444305778,-0.07872545157749
-0.0922678037894854,0.11361549853150876,-0.20588330232099417,-0.8806054313948473,1.1785419392565597,-0.14147424788230267,-0.08398255403465849
-0.18705202716303138,0.23608466868289635,-0.4231366958459277,-3.2162860517943836,3.4474215588671746,-0.21686017960145298,-0.0748515440550277
-0.284434315997095,0.6649033213464359,-0.9493376373435309,-3.525755206712222,5.853457593673671,-0.2728577644542123,-0.0412176709957538
-0.17672547593993992,0.46816325707254114,-0.6448887330124811,-2.1412045421848838,4.609147650802095,-0.20076967098396103,-0.05978804138952798
-0.30255395062826906,0.957664037551726,-1.260217988179995,-3.452963316062895,7.226263669480451,-0.3347458982994238,-0.02620897014743051
-0.17212062578581644,0.389219018501618,-0.5613396442874344,-1.8166839380999014,3.4656476798745226,-0.1547919354677213,-0.09265284219172276
-0.2277054964851094,0.5156162150579475,-0.7433217115430569,-2.7919431766275564,4.868543468782228,-0.235036147615847,-0.03071365938714643
-0.13254021615814737,0.3756068644907953,-0.5081470806489427,-1.291775341253789,3.266037648432529,-0.1496849154473876,-0.086510660798231
-0.11054266410806013,0.29787573500432707,-0.4084183991123872,-1.2845992686306513,3.1605260143055203,-0.13928371020771957,-0.06459458795516881
-0.2852469583188968,0.27669253242609537,-0.5619394907449922,-3.115987626580686,2.4299147132946,-0.29381445636063697,-0.11124111803449999
-0.2915644816967675,0.3802064634356297,-0.6717709451323972,-3.0757242927888195,3.084534949309457,-0.31291355560433387,-0.060388672049183745
-0.2817369894103914,-0.0014580291958299352,-0.28027896021456145,-3.2445297180934993,0.07691345899198256,-0.3099010940661632,-0.10842195006723021
-0.22447292505203464,0.4851770711693211,-0.7096499962213557,-2.6295751459359886,4.437987967868958,-0.24750862293438158,-0.07485154405502736
-0.1330433612130878,0.35817867015473315,-0.49122203136782094,-1.3372729208180782,3.2131332583884094,-0.18727777242485444,-0.056967844936333556
-0.2424008898533323,0.4152844440674204,-0.6576853339207527,-3.1718315823788052,4.246890431368535,-0.2486517874416444,-0.05545611959078156
-0.24453419562661438,0.371963821462868,-0.6164980170894824,-2.867442558773394,3.4868894293386226,-0.2690476901434591,-0.04826507666512714
-0.17172714340505024,0.031680965690488394,-0.20340810909553864,-2.50412786334249,0.49475988283270295,-0.20110597649385564,-0.1112609710376441
-0.24742055606661884,0.43471414559808075,-0.6821347016646996,-3.029486287687569,4.102845801529964,-0.24715619281324763,-0.04817214446162277
-0.3950719225835875,0.8579791386335873,-1.2530510612171748,-3.658041593801441,4.903860500676414,-0.3936611619664021,-0.10996251387055889
-0.29949475702401573,0.6549376001186327,-0.9544323571426484,-3.469585217677899,5.30198201998847,-0.31474306273255126,-0.04817214446162277
-0.24036411689983472,0.25083640489421266,-0.4912005217940474,-2.4456692260226647,2.1816726710253307,-0.27374946714920845,-0.1592983014348659
-0.20731611205272016,0.3064231436717626,-0.5137392557244828,-1.8729650314112973,2.4053243062902756,-0.2083770697480437,-0.13878196480866867
-0.2224316711726123,0.3721338901396869,-0.5945655613122992,-2.9590337611007445,3.961723811842059,-0.2434579231509717,-0.06728058310988005
-0.1768436043599504,0.48734561565502355,-0.6641892200149739,-1.7624941427875525,3.9932914367686747,-0.2122550599800359,-0.07295789552604293
-0.15492740764006518,0.3129146044496949,-0.46784201208976006,-1.502444377602008,2.710653536652162,-0.21880183175564416,-0.05254939087238497
-0.23503847971858405,0.3719648298430609,-0.6070033095616449,-3.0018995125272556,3.780218793732918,-0.2291962028029325,-0.07485154405502759
-0.15674753648084372,0.2477989175713522,-0.4045464540521959,-1.9968688974414095,2.7964409631036555,-0.16783518311499357,-0.08141146585884063
-0.2398986852561319,0.2605283288253415,-0.5004270140814734,-2.5088075389446,2.313082225359877,-0.24174843761397047,-0.1304084403259964
-0.25170892195134376,0.6336986902418926,-0.8854076121932364,-2.671065933587008,4.970323255040629,-0.2642492075644597,-0.04826507666512703
-0.06715051241512449,0.17036801095023324,-0.23751852336535773,-0.5800463337453726,1.6336406688195926,-0.1578758556673685,-0.09646365931090528
-0.21973544845430892,0.09331602643402159,-0.3130514748883305,-2.2185983830046903,0.9297393585725169,-0.242415087792069,-0.12083576477899338
-0.14388529803103733,0.08428054121024697,-0.2281658392412843,-1.6910814442070936,1.0082072366547852,-0.20093016166847477,-0.10511076904413008
-0.17279451536615853,0.2817192776878086,-0.4545137930539671,-2.3203947460296437,3.250584792098825,-0.20617093057219105,-0.08534217999206173
-0.21567489216005675,0.41043033396292095,-0.6261052261229777,-2.2649218434558387,3.49590654514289,-0.234189712111197,-0.04826507666512703
-0.11182093041771701,0.02656132250730714,-0.13838225292502415,-1.257910189281325,0.37771678969542544,-0.09820035997372012,-0.14759007655749212
-0.13948179422984952,0.38553174863779116,-0.5250135428676407,-1.7777645393000916,4.215603541545942,-0.16204994311340193,-0.05396504178418493
-0.16430692020877657,-0.03227754102065106,-0.13202937918812552,-1.8362571087999144,-0.26612950503477406,-0.1994893350707444,-0.17329105461223937
-0.13369359027815264,0.22641017156222,-0.3601037618403726,-1.3533906983213226,2.1706076586606375,-0.14712468244747534,-0.09523442312723551
-0.07346475801984143,-0.17861468647240186,0.10514992845256044,-0.7392870787654162,-2.0593682205015713,-0.13612421605641944,-0.24165044799829882
-0.29339196306811954,0.6699286360515211,-0.9633205991196406,-3.5132012262110335,5.616345105502255,-0.3058778480956633,-0.05718585379746388
-0.24991375792103399,0.49219702378404095,-0.7421107817050749,-3.097885078133953,4.629676706120661,-0.2744573210881891,-0.08629200619022459
-0.2989803947796563,0.9964530394772906,-1.295433434256947,-3.07650940498517,6.722576633065762,-0.3178089458575569,-0.04826507666512714
-0.2621714694472109,0.5859007933377318,-0.8480722627849427,-2.8132062721094453,4.6564984948507835,-0.29468490407846626,-0.08828443946286313
-0.3089942131831136,0.7276738233896825,-1.036668036572796,-3.3043630512438416,5.330309109213921,-0.3166988982191734,-0.04826507666512703
-0.24312344931212249,0.27318606763440956,-0.516309516946532,-2.6784373080106514,2.5031697826706054,-0.24875734450659415,-0.07948698387597342
-0.24367866602463295,0.3435470614176177,-0.5872257274422507,-4.509912961163715,4.982444797928708,-0.26047395718011745,-0.0748515440550277
-0.31254296633427614,0.3848871497015467,-0.6974301160358228,-3.724066591399685,3.4153306232938823,-0.31731024681237274,-0.07186639778506443
-0.19779296646007372,0.3345896746972046,-0.5323826411572783,-2.5556956973709353,3.5779361572768122,-0.23386189022283155,-0.08077912284053412
-0.21417694309366975,0.26826025019073607,-0.4824371932844058,-3.843927346815852,3.9470180480744013,-0.21767291973412906,-0.029155937011188238
-0.265692407877288,0.33355445278155527,-0.5992468606588433,-3.7517378719299668,3.675411356845546,-0.27919062881883383,-0.04817214446162288
-0.20324783438074923,0.47050648113266824,-0.6737543155134175,-2.1769016885854935,4.048226829208558,-0.23406513684684682,-0.05282372991753581
-0.04757958854974653,0.23593670159296853,-0.28351629014271507,-0.37081588638833884,2.147050481450026,-0.14076557608749163,-0.09746132497166682
-0.20346699248258426,0.3931872624116861,-0.5966542548942704,-1.8688606636387357,3.0309531492708746,-0.20442076533403142,-0.07624036135488399
-0.25383534309607925,0.6528247846443895,-0.9066601277404688,-2.7857480279123843,5.26095220089331,-0.27039570719584416,-0.05254939087238464
-0.1673261588910906,0.06105863391795152,-0.22838479280904211,-1.8945995018405046,0.7256401001104146,-0.19801197457307107,-0.09107205877965241
-0.19963982636567923,0.4290851928146535,-0.6287250191803327,-2.458254953910114,4.264461754569591,-0.1914072864269616,-0.07152944222652746
-0.06412523641002399,0.01802526887984035,-0.08215050528986434,-0.5719165417376768,0.2696329394248022,-0.15078130987096283,-0.15597277142561927
-0.2056219395202349,0.575767497013427,-0.7813894365336619,-2.270923038111192,4.9306300884681225,-0.2431126964168111,-0.06894553014174742
-0.19651616560394858,0.42391275994151334,-0.6204289255454619,-1.9006560445660419,3.3975242931033787,-0.2385466385607765,-0.06418234709053905
-0.20105151419677747,0.5820428031835685,-0.783094317380346,-2.3977950269071115,5.421526758081413,-0.2347600100761038,-0.02967613364925281
-0.1529378733726271,0.414316896363254,-0.5672547697358811,-2.141479673416878,4.874018028092436,-0.20035871764622504,-0.03449892961130496
-0.20783941965659625,0.00013992497090176137,-0.207979344627498,-2.647170466523858,0.08035868338690429,-0.2403303980567566,-0.09412996220163916
-0.23605544681900925,0.2850956933932485,-0.5211511402122577,-2.259790234603665,2.322837380953634,-0.20995315728664765,-0.14289021679620384
-0.23079966265298102,0.2640972154495995,-0.49489687810258054,-2.4190293181586626,2.355563047409869,-0.24783597671601199,-0.10145676917909852
-0.2262775775719854,0.23445791826987028,-0.4607354958418557,-3.0749882079140414,2.6693464480915328,-0.24574732435343805,-0.08061629877070176
-0.17373032471192662,0.27198918617267553,-0.44571951088460215,-1.9238330174293818,2.650760076151732,-0.19629531391481192,-0.07793862329425372
-0.1794215406240781,0.3013788727431348,-0.4808004133672129,-1.6458863148258285,2.461708786693335,-0.22643410040970036,-0.1745949342722226
-0.1262506555023254,0.26396897079431625,-0.39021962629664164,-1.5089882792497549,2.876259616017239,-0.16947562976195585,-0.1027017165208286
-0.2085957744712592,0.4348846966896798,-0.643480471160939,-2.3647056122830192,3.955779336824009,-0.18169464954282621,-0.09019972722587988
-0.29300567399209043,0.8514626166356003,-1.1444682906276906,-2.6034813147579734,5.161536037521529,-0.3174708474478638,-0.0649814850710525
-0.24835089769592777,0.38172093950834385,-0.6300718372042716,-2.7311701888224618,3.327118886487082,-0.2575840445419951,-0.08930155070039125
-0.25167493168270083,0.5777294392872128,-0.8294043709699136,-2.2889803813954686,3.9931865228609027,-0.2728031951182347,-0.06184863703662191
-0.15558398807515172,0.19891931881604163,-0.35450330689119336,-1.6281647141258406,1.9489664296874598,-0.21313339910564855,-0.0974441861434554
-0.3217685174699728,0.19720301989333544,-0.5189715373633083,-3.539075678856023,1.7639802115564953,-0.3337045147350497,-0.10678424116526153
-0.1598986224248905,0.28357710205792386,-0.44347572448281436,-1.6778856467781555,2.6632189430717728,-0.16723336960812174,-0.07485154405502747
-0.16937757461938951,0.20355210176938088,-0.3729296763887704,-2.1795715651790606,2.358794040970913,-0.16937795126798427,-0.04826507666512703
-0.20087564780244038,0.35317054665598535,-0.5540461944584257,-2.590298711137884,3.734035958814516,-0.20419569304305074,-0.04817214446162288
-0.18581282750308437,0.09591526376383142,-0.2817280912669158,-2.228415476384372,1.1129541060657857,-0.20328669280467038,-0.11795097985361114
-0.2217983130081176,0.3453917201882506,-0.5671900331963682,-2.989127648608776,3.7531458025437985,-0.2496526717647457,-0.05972253230102087
-0.2628459502975299,0.638840550647714,-0.9016865009452438,-2.6801552125558006,4.762731942829105,-0.27398940860873067,-0.05724710943794442
-0.21707902059270245,0.3776449499616157,-0.5947239705543181,-2.784688833876441,3.90864372945008,-0.24130574871241273,-0.07722581585066468
-0.16183855766201483,0.4798107828657159,-0.6416493405277307,-1.5604564498836608,3.8926277135261813,-0.18777464817183742,-0.07244861995189744
-0.20093163927306257,0.5776087592272809,-0.7785403985003435,-2.3602877689398762,5.300460097006992,-0.23583378153172208,-0.03742529002050443
-0.24281803109297773,0.38296729717648925,-0.625785328269467,-2.755561455364843,3.452406305486862,-0.24505202903179957,-0.07713763331144285
-0.23498100977566483,0.552941362759469,-0.7879223725351339,-2.8813095650147758,5.1462251454618535,-0.2542862144394794,-0.06088735245744081
-0.2064868867265386,0.39779837824028386,-0.6042852649668224,-2.6670862767285075,4.172036215996827,-0.22544233961756965,-0.060090717321246157
-0.2400530461017325,0.3656104616341318,-0.6056635077358643,-2.3593475868310434,2.9224712163134563,-0.2537841831875549,-0.08077912284053379
-0.22295083313469577,0.28571808730883785,-0.5086689204435336,-2.130211387085133,2.343966162047619,-0.22439352048686845,-0.08347955895132586
-0.19446415764163694,0.36846147238189064,-0.5629256300235276,-2.211062191663218,3.4884721661063662,-0.19604925797936024,-0.0859491087048867
-0.09205981917194306,0.1427369590687224,-0.23479677824066547,-0.9927964621616763,1.5781378769989391,-0.13396752345399454,-0.13905649139338017
-0.18474719007764495,-0.12157400069310953,-0.06317318938453542,-2.0128190691075742,-1.246356404347623,-0.1881461326766929,-0.20989248800759286
-0.226297187915516,0.5545367881673882,-0.7808339760829042,-2.472368301578811,4.667855527221688,-0.23607838105263756,-0.04826507666512703
-0.14699282165364091,0.29908429067717734,-0.44607711233081826,-1.6402318203766417,2.978112674200217,-0.16609538669451884,-0.07534548526657125
-0.31586524329019194,0.888723426691324,-1.2045886699815158,-2.6810234250702214,5.0161685012427695,-0.3378685557886081,-0.056504241500927144
-0.1938344991283817,0.14880160962032685,-0.34263610874870853,-1.9897029303149087,1.4363632364380923,-0.186037105651072,-0.12941643147290693
-0.2308990606016864,0.4630721642500115,-0.6939712248516979,-2.44428889994352,3.8632439302622403,-0.24180061914410944,-0.07485154405502747
-0.1650528286510805,0.24039612908641694,-0.40544895773749745,-1.6544375999062557,2.2042765147433885,-0.207847278141169,-0.13841717251015573
-0.3037624468990424,0.33235093323113096,-0.6361133801301734,-3.2013942519627063,2.7123241792123745,-0.3211068456066897,-0.07338893686090797
-0.2057347204494251,0.18972914704048627,-0.39546386748991136,-2.382820633891703,1.9501382549925903,-0.22143278464494232,-0.12288042398688237
-0.2709562855960954,0.506236148096807,-0.7771924336929024,-2.6897593274585803,3.7964130689186875,-0.2717058016253181,-0.06201261797956126
-0.23030060243984551,0.22704638179044623,-0.45734698423029174,-2.3646211612282957,2.0256916948084593,-0.23426669311345272,-0.083776589273869
-0.1818017139554925,0.33971030332708385,-0.5215120172825763,-2.849194497668825,4.4257416477406935,-0.19861226167249102,-0.04817214446162277
-0.2386645589800459,0.44776707066248456,-0.6864316296425305,-3.072604505546015,4.483558566889991,-0.2797708933211249,-0.04826507666512703
-0.28084721769983567,0.6209941594902235,-0.9018413771900592,-3.5261154494184312,5.593470963962208,-0.2842030519548474,-0.056506596977762724
-0.28571881301361046,0.6383254595470209,-0.9240442725606314,-3.035522403969124,4.8498035571701354,-0.30164476922447214,-0.0536494651899293
-0.18948409769025687,0.591326058523153,-0.7808101562134099,-1.6776263666783346,4.196776418940286,-0.19764201569364415,-0.06221788198364231
-0.18815698958281768,0.24919048653877707,-0.43734747612159475,-2.2474647133279038,2.5903525555469797,-0.213839100596798,-0.08930254332843535
-0.21261304799672076,0.08815240184091122,-0.300765449837632,-2.430132988999709,0.9759889336324097,-0.2356488064864527,-0.11082765879735412
-0.21116387942372572,0.11107469857726437,-0.3222385780009901,-2.635486357156134,1.278969615048118,-0.2549098934387857,-0.1014567691790984
-0.21444702431896634,0.15543851975259937,-0.3698855440715657,-2.5970049068692314,1.6812577895613128,-0.24206669647924461,-0.08670230031543091
-0.23482681862235744,0.07495856923712285,-0.3097853878594803,-2.5145912529437493,0.796189061665943,-0.25881318424926125,-0.0807791228405339
-0.2371626103236868,0.27849889823914964,-0.5156615085628364,-2.3356101183639084,2.3255900700680407,-0.2441324593707398,-0.14497283406150407
-0.2857698235075862,0.30146154861579655,-0.5872313721233827,-3.2517633395909504,2.708397858426452,-0.29580751187530774,-0.12798209004498606
-0.27085068368291676,0.7659006239844852,-1.036751307667402,-2.48675958559283,4.980019613057111,-0.29992785846268677,-0.04826507666512714
-0.23256523948603214,0.4184291146951271,-0.6509943541811593,-2.9759223320548904,4.213637869975943,-0.24960855874133525,-0.06007567623520316
-0.22105108302943144,0.24285170622242136,-0.4639027892518528,-2.7933224567467416,2.5841608553325353,-0.23058926815788838,-0.08956762943725494
-0.28754165565283285,0.6687426585495395,-0.9562843142023724,-2.4924955678216296,4.162353751493012,-0.2908202137912653,-0.062043554927952105
-0.23669277349705442,0.4779944978778068,-0.7146872713748612,-2.6429014539618887,4.157857780483226,-0.2548158416683274,-0.06259521124415657
-0.2740929938672221,0.6112102463408771,-0.8853032402080991,-2.9032095916464415,4.717635779270679,-0.2686589043614104,-0.07138910945819121
-0.22786270763178984,0.07137433142350513,-0.299237039055295,-2.0259949075912234,0.6797321320107012,-0.2404698933116871,-0.20232255989887915
-0.1552003121947616,0.13245633257662437,-0.28765664477138597,-1.4501317028188394,1.2420628669695963,-0.19919170437651412,-0.1302272717656986
-0.1717903072200052,0.2837712403921968,-0.455561547612202,-2.125275345304681,3.03365046768651,-0.22216670428555607,-0.08069029279893691
-0.27963097774177126,0.21422677670973722,-0.4938577544515085,-3.447931767318673,2.166863278416228,-0.2776270122697151,-0.11656692576513072
-0.34344641496402384,0.6076638236776282,-0.951110238641652,-4.001692760683846,4.795660881814511,-0.36694217471903656,-0.06726012913364654
-0.2364454535468863,0.22330187360963838,-0.45974732715652467,-2.450564956879497,2.0052348763918273,-0.2635828115148665,-0.1259889229021005
-0.28541890939370596,0.4854559388474331,-0.770874848241139,-2.80758141231268,3.592299250979803,-0.30967627131189046,-0.08246436658275857
-0.21043486290093794,0.28419127158980473,-0.49462613449074266,-2.0274713517894263,2.373275665743302,-0.23395317606792077,-0.1192329410728934
-0.17224980604714635,0.40458228342832037,-0.5768320894754667,-1.922070944307636,3.790184978649331,-0.1969352875478826,-0.07485154405502759
-0.32295478443637693,0.7445532338408851,-1.067508018277262,-3.5199967502887994,5.448785782256198,-0.3411897037067001,-0.056967844936333556
-0.18928948426724668,0.1639710770456997,-0.35326056131294636,-2.0532171860550004,1.6401658233858871,-0.2183553540225499,-0.07485154405502725
-0.1795894257341526,0.25272754814370235,-0.43231697387785495,-2.182478860796595,2.6831742099363898,-0.24977399861204375,-0.07186639778506454
-0.194610809611389,0.3176247068142639,-0.5122355164256529,-1.8287558100087136,2.5934329396898885,-0.2182074097769191,-0.11900465765307344
-0.19887412890398937,0.2437877156660666,-0.442661844570056,-2.2515567717549794,2.4080431509155322,-0.22293389977963896,-0.0859885679294804
-0.22987240012487165,0.7443639573878398,-0.9742363575127114,-3.6243384881973717,8.88412654253678,-0.23457307811638772,-0.024060843618332606
-0.182336738655825,0.4125255403111765,-0.5948622789670015,-1.9380501192687998,3.6497502172419756,-0.19720845507109652,-0.06317917309927967
-0.18613718080016117,0.4754911325633002,-0.6616283133634614,-2.1613390721323475,4.47503559050382,-0.20741863889965717,-0.04826507666512703
-0.19692527975105656,0.5831045121634806,-0.7800297919145371,-2.6673424415049736,6.164100171965059,-0.19455070589221035,-0.04817214446162299
-0.19453029762898544,0.059846935905804255,-0.2543772335347897,-2.550211985274369,0.7791770705640979,-0.22452799557007885,-0.21756672287394208
-0.18684398874094832,0.29161353722618255,-0.47845752596713087,-1.86162216819271,2.54474859553753,-0.20485383678369695,-0.10991464314920163
-0.22826289007585143,0.1978581315828618,-0.42612102165871324,-2.6858759549085587,2.018547067432079,-0.23859876450358475,-0.10883475752478189
-0.22954968588158575,0.2561156279882759,-0.48566531386986167,-2.286656784159063,2.202936212401334,-0.2477015675943669,-0.06418234709053894
-0.17774849474119325,0.38092942037880273,-0.558677915119996,-1.773398370413378,3.231859878921984,-0.1811428142944972,-0.08377658927386888
-0.19118735916659158,0.1311840931535968,-0.3223714523201884,-2.190679885975375,1.4026522584522614,-0.211114190394751,-0.08377658927386888
-0.004068471577854171,-0.03643420263930819,0.03236573106145402,0.020178615110722057,-0.398884425986997,-0.05647042388064483,-0.13854740969838153
-0.27834701197896805,0.5360933874478186,-0.8144403994267867,-2.864907532950309,4.091382697363543,-0.2808358015822058,-0.06643642678295403
-0.23970238321604664,0.4163762638278272,-0.6560786470438739,-2.182478597277727,3.062274423074,-0.26217842560480786,-0.09153521256035213
-0.28420462987265704,0.8015428942430669,-1.085747524115724,-2.966195252977435,5.790394759429682,-0.29037940744245627,-0.04826507666512714
-0.19208816708626808,0.25290669734868954,-0.4449948644349576,-1.8236222798616943,2.1501317959373667,-0.2369696156203247,-0.06841210499339356
-0.12494447567859757,0.37065494262037535,-0.4955994182989729,-1.2357377635370583,3.308145942780701,-0.13955159256397376,-0.08180028792883409
-0.2929924082694906,0.5730706717947422,-0.8660630800642328,-3.246374275775716,4.567569099498555,-0.31052393448354276,-0.04826507666512703
-0.26199848077803223,0.23934947411414575,-0.501347954892178,-2.7000003235079713,2.0776717043892368,-0.26309182033546286,-0.09339964893784625
-0.21617257919159072,0.1070294630115658,-0.3232020422031565,-2.316303850805606,1.0970752473014662,-0.2487120765233265,-0.12716923147531478
-0.27660918146659363,0.022347706696585146,-0.2989568881631788,-2.683408433359921,0.29460707572206807,-0.3048034645624488,-0.18831044664029084
-0.1338110747545025,0.20969921349951348,-0.34351028825401597,-1.2249528277791677,1.869833105879181,-0.17791829595542485,-0.09611408410564592
-0.17114056036632086,0.14498247366093953,-0.3161230340272604,-1.9606112121510963,1.567534170786924,-0.22970661134087822,-0.07740150109684385
-0.21980075941123256,0.4641842231514639,-0.6839849825626965,-2.184379644768377,3.6849970997192547,-0.22836532667357645,-0.0634677599124891
-0.051478125150439924,0.2227568715911985,-0.2742349967416384,-0.5322292435755005,2.436279634018791,-0.1255304625418744,-0.07570267694378274
-0.15627684557378685,0.48323204404609754,-0.6395088896198844,-1.3465848270249332,3.566001556758208,-0.21930747915139626,-0.06817269577469298
-0.08563229045084664,0.18457633563990083,-0.2702086260907475,-1.0301113329084481,2.193605569881064,-0.11471783069517172,-0.06899890108723994
-0.13350705656536366,0.22787965654143205,-0.3613867131067957,-1.7721834851141465,2.75139906457057,-0.12456656792524756,-0.0539079227390854
-0.2639886982023366,0.3716968935620104,-0.635685591764347,-2.8962186209643743,3.1916830654662727,-0.2727168864126588,-0.07186639778506454
-0.3284200738648976,0.584068387099457,-0.9124884609643545,-3.7693417560416647,4.650764465518734,-0.32241971351041643,-0.04826507666512714
-0.17592961065916257,0.21897490430539657,-0.39490451496455914,-2.151585795653426,2.3790082607330207,-0.17965546148291167,-0.091713023928222
-0.14354862717589645,0.10281548866561896,-0.2463641158415154,-1.7363314062075401,1.227760646807617,-0.17311861370854242,-0.1070794620007558
-0.24916135538311168,0.5003354097321426,-0.7494967651152543,-2.622755586375182,4.053900829762822,-0.2626085304397996,-0.07704553159126482
-0.2699082540119391,0.3479566811987824,-0.6178649352107215,-3.177396709162364,3.218885012783408,-0.28062581625756877,-0.07877903591583368
-0.05091298058878724,0.21766248634210728,-0.2685754669308945,-0.4785224531351768,2.2356677316170934,-0.15230613020405015,-0.07483553346637573
-0.25937892305576504,0.1633740811709392,-0.42275300422670425,-4.007672749284679,2.095900816376018,-0.26290234566133486,-0.07554403946253296
-0.15287786532025482,0.18192146596378445,-0.33479933128403927,-1.5748014235979895,1.783760987133177,-0.14559990438447978,-0.09603954117239388
-0.21108495764056512,0.4865509457660555,-0.6976359034066206,-2.498053661772795,4.543566359156089,-0.21817053819618926,-0.04826507666512714
-0.1705648176272212,0.4849181186928839,-0.6554829363201051,-1.8089588820630929,4.239710007791005,-0.2061178267195103,-0.0855697058278877
-0.16686106304342818,0.27072535015513144,-0.4375864131985596,-2.340628869480885,3.2948127118372317,-0.180741952730883,-0.07485154405502759
-0.13031729946981074,0.03576342257450249,-0.16608072204431323,-1.4384842509017026,0.4670610469720622,-0.1608539875376931,-0.11124111803450032
-0.20948302157684173,0.37616683418536323,-0.585649855762205,-1.9450987928334948,2.932918963263174,-0.2521876856251989,-0.06832675862904458
-0.1907328480237248,0.08301244143434183,-0.27374528945806664,-1.8131829899560028,0.8224697502294708,-0.23655571515225227,-0.1257972428314894
-0.2632681621433237,0.436366489434165,-0.6996346515774887,-3.6308470084223186,4.569402310824412,-0.2793271565367329,-0.030921303170730607
-0.29636017610194043,0.5679106864899635,-0.8642708625919039,-3.7746373337952464,5.162747148753831,-0.3002627432361944,-0.02900073902240441
-0.15739743322550792,0.18240042625071484,-0.33979785947622276,-2.2906809295040107,2.3827039027963806,-0.17028547370966884,-0.07720736925219396
-0.30467985616050897,0.8225124064347391,-1.1271922625952482,-3.138935487702987,5.734396492527985,-0.3065104498020179,-0.05256677828497003
-0.24217821662327577,0.4088074550663281,-0.6509856716896039,-3.15174515022134,4.170810268117122,-0.2565842425865701,-0.0338972551912855
-0.2145588669955807,0.10020384707085084,-0.3147627140664315,-2.3386847589379727,1.0489823482460152,-0.2436908179641264,-0.11517563722728441
-0.2559794318355221,0.6276220812255171,-0.8836015130610392,-2.4659819796971996,4.465688604457504,-0.2793390579800732,-0.061530684869140595
-0.2367313032751982,0.6585615717345616,-0.8952928750097598,-2.308763815994357,4.806261822086219,-0.22926427514053527,-0.04826507666512725
-0.21875629192619184,0.24258177329059372,-0.46133806521678555,-2.901224353384208,2.705562409333682,-0.22227320648762416,-0.053107307263773884
-0.19544926112400585,0.22760775218971063,-0.4230570133137165,-3.0916427447476535,3.0465129810510687,-0.21921532389352794,-0.1240721276830905
-0.16377570150842813,0.3947252996390813,-0.5585010011475094,-1.8703139523256602,3.8185740795318854,-0.19658597469589234,-0.05424978632583055
-0.12368494325324497,0.2452326695714111,-0.36891761282465607,-1.1969319996549208,2.254556294186673,-0.17584654298135904,-0.09499037406548128
-0.27622943912857034,0.20547407802919881,-0.48170351715776916,-2.919891884665292,1.831833321785344,-0.2800245228168734,-0.15692172959254558
-0.1873047264301615,0.3733342111508513,-0.5606389375810128,-1.7702733652005702,3.010385347493274,-0.2193002048246362,-0.07575884996260884
-0.14188591978516996,0.36380437603739213,-0.5056902958225621,-1.2982441390454418,2.983673916168695,-0.1405207250920546,-0.07318656285364378
-0.3475065540075365,0.9509499534383288,-1.2984565074458652,-3.775929923465584,6.510586710048695,-0.3350814368640148,-0.034284600193415615
-0.2781073316727498,0.6143351363309741,-0.892442468003724,-3.320773777377376,5.280080796288111,-0.3086324750164403,-0.04826507666512714
-0.14043383962661693,-0.025081083386153558,-0.11535275624046337,-1.3445245131218662,-0.1476543719513226,-0.1852314312225367,-0.19426960232834023
-0.21911766436992297,0.3139451185530364,-0.5330627829229594,-2.513979342903822,2.9926244765552474,-0.21871670533842513,-0.07485154405502736
-0.28879937848394643,0.38369089944514734,-0.6724902779290938,-3.8039578125487514,3.8058087006373156,-0.28432954014212786,-0.07485154405502725
-0.15746607286396486,0.2025295063145902,-0.35999557917855507,-2.0750186691711305,2.4022813552009596,-0.19649844196809518,-0.0599027337978274
-0.277268204589906,0.4608118634749556,-0.7380800680648616,-2.8015927375434204,3.544658179033978,-0.28494946519812037,-0.10168139375143903
-0.17337700691618663,0.18002733064019716,-0.3534043375563838,-1.9297753169190606,1.8515203614512434,-0.21593740323701516,-0.10742195765198437
-0.26775249775313603,0.3105908170767788,-0.5783433148299149,-3.2058987100121947,2.957287460019738,-0.3028543261761325,-0.1114865393518788
-0.1892152944713692,0.3641964341950661,-0.5534117286664353,-1.8169534508452847,2.9795440185727053,-0.2537729086936924,-0.06476509263424501
-0.2374483568591138,0.573417562064829,-0.8108659189239428,-2.1707060451754767,4.020031055041007,-0.25146576682310395,-0.1080375663171933
-0.14052499942974606,0.15667832197383325,-0.2972033214035793,-1.2194459710904761,1.3834502488463145,-0.1673760811447622,-0.11210040572652025
-0.16270007035879452,0.21037566438234245,-0.373075734741137,-1.5614944933644814,1.894120511911674,-0.2104349521601787,-0.07485154405502736
-0.2151308440701123,0.6163143708235266,-0.8314452148936389,-2.602351948345462,5.687862120075776,-0.24443155232566616,-0.05122546479824641
-0.25873638268529064,0.6858435329940891,-0.9445799156793797,-2.6607501331183347,5.102973654611888,-0.25054151907369904,-0.07624036135488388
-0.20541001089510724,0.19234795426656448,-0.3977579651616717,-2.188198189526338,1.8443447355822378,-0.227923400753817,-0.09527419763661049
-0.15850964161046754,0.2876375674627225,-0.44614720907319005,-1.3439011150605427,2.260610094729965,-0.1987763149108177,-0.0893132699675927
-0.29686535804830316,0.2891728961795308,-0.586038254227834,-3.248279657090913,2.5009076528889658,-0.29661836357748317,-0.10145676917909874
-0.2742771231681631,0.419106073128622,-0.6933831962967851,-3.369102599786605,3.8992809582663934,-0.30565100506548226,-0.06626211859065267
-0.12795643584839567,0.31988847530935516,-0.4478449111577508,-1.0774949734789048,2.536842376622073,-0.16061355778854536,-0.07939298909464165
-0.20683508415631346,0.6049225635019659,-0.8117576476582794,-1.9377411607720783,4.415757443185733,-0.2188248008719207,-0.083776589273869
-0.19759837878663866,0.2954971253696268,-0.49309550415626546,-2.014772169542126,2.6073866044527603,-0.24236264678141017,-0.09734848305584498
-0.2188201704617171,0.3115979194072387,-0.5304180898689558,-2.499013044612326,2.9550651353701998,-0.2455357737433942,-0.052411402887735825
-0.21119104364458752,0.13369180832874594,-0.34488285197333346,-2.484222317115025,1.4437083691417225,-0.21718823267329435,-0.11179672351031422
-0.2801759678245449,0.6660531497042246,-0.9462291175287695,-2.4826391417290257,4.273264264471857,-0.2928053256646377,-0.07055171556153206
-0.22364026183791408,0.4286220368544462,-0.6522622986923603,-2.840971108463257,4.299283236227818,-0.21691621413462225,-0.04841236403799787
-0.2015703590543333,0.22800125340590593,-0.4295716124602392,-2.3654013134072405,2.3360781881252937,-0.22536162131458615,-0.08913294977352693
-0.21104695801265916,0.46048940697465146,-0.6715363649873106,-1.9536100421653995,3.463271314119832,-0.25979864217744153,-0.07835596747959761
-0.15708852051607347,0.4624726364842826,-0.6195611570003561,-1.431311901225347,3.596382203377094,-0.1776628685170797,-0.06619268640399034
-0.2821652830032022,0.48527971698215633,-0.7674449999853585,-2.7282749630306586,3.5459171058941905,-0.2837456921745195,-0.0748515440550277
-0.2498137496980375,0.009302240950505691,-0.2591159906485432,-2.616496647907797,0.1838919099946713,-0.2510089999858197,-0.18692394836443837
-0.23569545801972147,0.5880875191985269,-0.8237829772182483,-2.9372855729092873,5.527984163894196,-0.23406436520704732,-0.030011040189351412
-0.2213930219366662,0.20010356210179103,-0.42149658403845724,-2.1349109737707685,1.7384864757519904,-0.25789043682790913,-0.11768018412508174
-0.1290654652445481,-0.05291923057113779,-0.0761462346734103,-1.6285747542649933,-0.5975521759147386,-0.1818733724144722,-0.15682304140799785
-0.1220164522353725,0.2246702845538382,-0.3466867367892107,-1.1988447912141722,2.117726049132399,-0.19119002623489356,-0.10506896098887819
-0.2376094269829585,0.5176259064773485,-0.755235333460307,-2.72225274685651,4.543153770864276,-0.2539093680085761,-0.02933286777496158
-0.202132907308339,0.38970655396275244,-0.5918394612710914,-1.893652523412652,3.0578245979489065,-0.21567148623566934,-0.06115792375654128
-0.11097427573195273,0.20993792604305805,-0.3209122017750108,-1.0411426914704127,1.949369659374747,-0.2066459466888393,-0.08433285784475641
-0.22191743965002264,0.3938748149764957,-0.6157922546265183,-2.2778919794237833,3.288993891563204,-0.21949443980700312,-0.07104025365822275
-0.12171262488018852,0.34503030729620265,-0.4667429321763912,-1.0111420088236813,2.693896752895973,-0.2014325950893887,-0.07935496603792502
-0.2032122521747971,0.5081343080904475,-0.7113465602652446,-2.4756288864838263,4.884968144363748,-0.21099574511609587,-0.056657147846552514
-0.21762336986502417,0.6041194119525997,-0.8217427818176238,-2.7443262976868974,5.801005563766871,-0.2652115229342795,-0.048265076665126916
-0.26798835033770907,0.4857592847499814,-0.7537476350876905,-2.551502380529046,3.5452068826933263,-0.2681704046899427,-0.08210258035908369
-0.11318352407435062,0.14256399330099923,-0.25574751737534984,-1.4742903538486993,1.796137344734801,-0.17206236006346454,-0.07394848528951681
-0.07112738002144559,0.0661598247046189,-0.13728720472606448,-0.7008828599711896,0.770210372851891,-0.09510042373204564,-0.16242258594102843
-0.044605315029411785,0.09124024313253476,-0.13584555816194654,-0.40008844775094005,1.0203665398633768,-0.11620424893151382,-0.09158027591186624
-0.29070297117900934,0.48121651437186075,-0.7719194855508701,-2.9237389006923156,3.602428866482285,-0.2950936863194584,-0.10074368630062047
-0.23101410210397766,0.2932844196627,-0.5242985217666777,-2.9059923163397414,3.03870909809193,-0.2629374744031031,-0.07197064382595131
-0.26229485897069693,0.44126056777209954,-0.7035554267427965,-2.922438555588783,3.7807082707266337,-0.30045259705516625,-0.13311745678278597
-0.258487822689596,0.5012778467613839,-0.7597656694509799,-3.1701342819202125,4.637317338059478,-0.24936893344636168,-0.05024045003461941
-0.3170553267083397,0.17086739024044162,-0.4879227169487813,-3.463786554956503,1.5530377031399856,-0.32041381096712884,-0.08234983545975139
-0.1286050179714452,0.3744728277630347,-0.5030778457344799,-1.1803387021316851,3.1086108233164342,-0.18818575588523512,-0.083776589273869
-0.21804598679206233,0.41434179308824914,-0.6323877798803115,-3.5495927911275826,5.350165299100176,-0.2280095466519867,-0.07679597114233672
-0.23050253515268793,0.5186508830377328,-0.7491534181904207,-2.866004643991964,4.950931452404848,-0.23012350277612226,-0.05849952409395964
-0.15866852094753403,0.2423440598378097,-0.40101258078534374,-1.454928408750291,2.0697858443803616,-0.1934960267907283,-0.11285041397985318
-0.26050722010897176,0.5469805511972334,-0.8074877713062052,-4.431125427766657,6.952655822732409,-0.2549714284429876,-0.0431042629983045
-0.2871622118453435,0.4313205554848949,-0.7184827673302384,-3.4488247523365536,3.883810018565544,-0.29806543316775813,-0.06153750329339758
-0.22030282477040475,0.495758581818204,-0.7160614065886087,-2.129636450434933,3.794614384785037,-0.24465981999304853,-0.09915478082038198
-0.2199125984896768,0.3714753858189188,-0.5913879843085956,-2.1984811218820566,3.0654933752184044,-0.2277966268110222,-0.048265076665126916
-0.09358670828838656,0.03720545222047256,-0.1307921605088591,-0.8995497514470789,0.45938528487215285,-0.1888363454302061,-0.1440719436578951
-0.2601298364946194,0.6225564134747519,-0.8826862499693713,-2.8303855715155373,4.965433669234505,-0.28801951370454904,-0.056967844936333556
-0.08025587574993898,0.13295361375005554,-0.21320948949999452,-0.8438117174003372,1.472053952642016,-0.12375129198926582,-0.12337754336208473
-0.24711424913060154,0.3910686338458971,-0.6381828829764986,-3.011585195154332,3.7476492019773993,-0.25953302824571745,-0.07485154405502736
-0.163623757605874,0.47637351636927794,-0.6399972739751519,-1.9884335023592528,4.784067742269748,-0.1880242318938804,-0.10161115509478458
-0.2053141485565978,0.260345370389679,-0.4656595189462768,-3.2345760669384296,3.4521773049160696,-0.22828516351766237,-0.06967646455961862
-0.2479306679837635,0.739507266620341,-0.9874379346041046,-2.4203565071170896,5.241882592038387,-0.2699898976646957,-0.053644688060451196
-0.2981558385720059,0.5241040126291419,-0.8222598512011478,-3.61138775201314,4.5796964741750426,-0.29897075703207054,-0.04817214446162288
-0.12020189807069093,0.45024612839196654,-0.5704480264626575,-0.873478565827986,3.0596411570730084,-0.1692807499732123,-0.05803259185392018
-0.2077055591828023,0.3249343599736132,-0.5326399191564155,-2.274238788887711,2.981260779706491,-0.20962952869693185,-0.1002431341169
-0.20539089367013275,0.49088142960492376,-0.6962723232750565,-2.0900001752321007,4.003406178707953,-0.20740475212294418,-0.06894553014174742
-0.17785007850249201,0.2290044061462988,-0.4068544846487908,-1.8025853849427655,2.108203994643226,-0.22875614976828362,-0.06756065288348667
-0.20938529144834617,0.2869904666530081,-0.49637575810135426,-2.6733267033698436,3.068031897143319,-0.23100920163990746,-0.05710348904849316
-0.16415877331172257,0.2567981990166903,-0.4209569723284129,-2.29677725752102,3.1370824315598527,-0.1891795071660881,-0.0885682885090594
-0.18298997996928734,0.3152107918128635,-0.49820077178215083,-1.7661780060489776,2.662820841863017,-0.2118281326042183,-0.13315164496957332
-0.2252984010714184,0.6610833773394362,-0.8863817784108546,-2.1380811562219053,4.751617903872392,-0.25946910762674935,-0.06204355492795177
-0.15273445056942236,0.20554611298614045,-0.3582805635555628,-1.948632355112118,2.386243658743883,-0.1917597384888977,-0.05869674282967663
-0.17374550716886472,0.3227573380297344,-0.4965028451985991,-2.006655287189209,3.192043136907294,-0.23189035731587815,-0.06566358794373517
-0.18423215983736863,-0.057712934142229555,-0.12651922569513907,-2.4540461803878943,-0.6635225352056968,-0.1932533982992628,-0.21815407373354945
-0.04532085276883646,-0.08861676377817973,0.04329591100934327,-0.5399461527921282,-1.1624753650048751,-0.11021599603116516,-0.1568385312579359
-0.2877391637284932,0.6396782989745484,-0.9274174627030416,-3.497060360107661,5.525236105418929,-0.30437094144608,-0.04817214446162277
-0.2796223806061109,0.48413426943395654,-0.7637566500400674,-2.897580374541831,3.7735469321724846,-0.280613753192932,-0.08077912284053368
-0.27839615221604874,0.3944070973502791,-0.6728032495663279,-3.1201504724806846,3.4121378198993417,-0.28908345024194537,-0.0806241051614951
-0.1968315661801352,0.3529744748297341,-0.5498060410098693,-1.758061538769595,2.713743109046097,-0.24198023414635006,-0.15466936413510002
-0.25118707295412124,0.3114717944387351,-0.5626588673928563,-3.119353542410715,3.1136097429114225,-0.2523801351652539,-0.07485154405502736
-0.13937352229623456,0.14969830194661915,-0.2890718242428537,-1.6567393058799427,1.7013214667828718,-0.16400618272431744,-0.07355013965822244
-0.3703597000347605,0.6603997898664165,-1.030759489901177,-4.487589537853068,5.214243414577452,-0.3688913077227729,-0.07485154405502759
-0.23862692442088784,0.18296317640783344,-0.4215901008287213,-2.7043962588492634,1.8124726243202507,-0.24137824723056134,-0.14081261680387613
-0.13659914504630133,0.09564638845066575,-0.23224553349696708,-1.7684872841966695,1.2228792469664602,-0.17964838849122922,-0.07705550069218792
-0.22318168439781216,0.24724990467969188,-0.47043158907750404,-2.8301525952419504,2.651532882112243,-0.24350708381010644,-0.04826507666512703
-0.2878037106544328,0.5194125299828101,-0.8072162406372428,-3.847240403206949,5.054116312887152,-0.30515065157563515,-0.08077912284053368
-0.1860145374341906,0.2515131928188856,-0.43752773025307623,-2.4141166132113447,2.829378751724611,-0.19032758169711095,-0.07485154405502747
-0.13568371152922343,0.2519560722062675,-0.3876397837354909,-1.6395997539163916,2.768976601795172,-0.17015110417769697,-0.09028716361356892
-0.10046282846578203,-0.050043642930046595,-0.050419185535735433,-1.2779350064559907,-0.5870086619455895,-0.14997147939040067,-0.12507929198361645
-0.10153975991320696,0.041125939831410774,-0.14266569974461774,-1.4349977039245327,0.62983687520831,-0.1651572389419682,-0.12973777688710986
-0.28142044022676116,0.5582523998522568,-0.839672840079018,-3.308509128226682,4.762757620481158,-0.28488148385961043,-0.04817214446162288
-0.18686580405264208,0.42678417999490925,-0.6136499840475513,-2.0469193919918016,3.842094741298386,-0.20874778051167997,-0.04826507666512725
-0.15697432297367508,0.08720997441413614,-0.24418429738781122,-1.9678586928251844,1.0763410257586745,-0.1848960699731379,-0.15433815347245083
-0.10531117037427318,0.192489528342648,-0.29780069871692116,-1.2654589179830205,2.2152622903073276,-0.14373470738353122,-0.1014567691790984
-0.09772636129728651,0.17358618438246576,-0.27131254567975227,-1.0244791861902778,1.818376650939999,-0.12715415844219502,-0.10641599857034012
-0.22339842462863613,0.46039832932749647,-0.6837967539561326,-2.388717934612109,3.900854659640137,-0.2276020070608895,-0.05254939087238497
-0.18714789896267214,0.28302670497706184,-0.470174603939734,-1.9477074265363756,2.575866049357346,-0.22581494514108513,-0.10878080554148639
-0.24027068119081696,0.19177974620086102,-0.432050427391678,-2.6810698529052184,1.8607266368482245,-0.2806119922972574,-0.08510767808777708
-0.2695519706593409,0.673462650038859,-0.9430146206981999,-2.8580113112316976,5.132996753006027,-0.293054905098747,-0.049466789098654096
-0.24153663626649824,0.2154159078782878,-0.45695254414478603,-1.8565854883112274,1.5296350564629935,-0.28359828642972384,-0.11001509825628608
-0.31487171958484306,0.4568891913429387,-0.7717609109277818,-3.0551930469878945,3.2867884315180613,-0.31486208368056423,-0.06808043450095613
-0.26559448696319243,0.11829147854199529,-0.3838859655051877,-2.5861917441594566,1.0756038262806398,-0.2710887194739017,-0.2468598313484559
-0.11876124093060214,0.35334119282879506,-0.4721024337593972,-1.1320850429304878,3.0869473275131174,-0.2061875894035795,-0.056967844936333334
-0.22927159184577284,0.24782903530070421,-0.47710062714647705,-2.2500355351012225,2.1108107141888386,-0.22919079125180553,-0.144580366561037
-0.26945108262858963,0.5133806922136093,-0.7828317748421989,-3.222170280103879,4.573113585789887,-0.2781351436617091,-0.04921546329084325
-0.33054681220161497,0.6078237990502273,-0.9383706112518423,-3.3732150382735093,4.3117070678566565,-0.3326754337661041,-0.083776589273869
-0.22438559417921922,-0.012079668204712068,-0.21230592597450715,-2.689887450379622,-0.0474057643299986,-0.22962022515340785,-0.1507741982959473
-0.18346473475973812,0.3733665915520754,-0.5568313263118135,-2.6812141125726687,4.509721434923545,-0.1988763027209679,-0.05472770119454995
-0.12716279767768757,0.11862470639547418,-0.24578750407316174,-1.2760570474149147,1.2184645781611152,-0.1909334713141354,-0.11850024974559137
-0.0666565557056853,0.13553556100665132,-0.2021921167123366,-0.5882762779727507,1.354954446444285,-0.14888009283530423,-0.11773314841011773
-0.17898618058155502,0.26331842330564004,-0.44230460388719506,-2.7397155214366435,3.45318827003922,-0.20198931370592887,-0.04817214446162288
-0.22496328608622906,-0.039781503026979914,-0.18518178305924915,-2.691571355172614,-0.35453076271867506,-0.2313580601309333,-0.2218614428101573
-0.1948703973340059,0.24844458832737715,-0.44331498566138305,-2.4912591306658234,2.730175283874451,-0.2223777972546268,-0.07485154405502759
-0.2597938316172227,0.4766372756082009,-0.7364311072254236,-3.054257081982471,4.26485922974364,-0.25759037317543465,-0.05419127524364198
-0.27742142371797984,0.29537299910529136,-0.5727944228232712,-2.8702587246236235,2.4636573201611625,-0.2974785212967206,-0.13972613745053375
-0.20809489112666169,0.25254556170653597,-0.46064045283319766,-2.6431154003297617,2.7316718159788254,-0.23363946877094144,-0.072716626728627
-0.23361883489222446,0.3582332436472975,-0.5918520785395219,-2.909742499035377,3.561335269737321,-0.2796775421477905,-0.10145676917909852
-0.4044665446914961,0.9717119842314073,-1.3761785289229034,-4.0661141880804434,5.803299852905785,-0.38197875916175617,-0.04826507666512703
-0.15634527048565494,0.13140677654509014,-0.2877520470307451,-1.8749718373246897,1.506995412697549,-0.17562687091895057,-0.12182525492221208
-0.2680440896361709,0.538793136626164,-0.8068372262623349,-3.1355635165810924,4.681572396314177,-0.2690603250854091,-0.10145676917909852
-0.13102057763016262,0.08966541120868676,-0.22068598883884938,-1.7649873406808128,1.1969522207677523,-0.14212132656347376,-0.11291048821961724
-0.2588362598277498,0.27740903304619646,-0.5362452928739463,-2.7167902326082403,2.396169301415576,-0.26248104519895177,-0.10145676917909885
-0.35582708481877745,0.7310237393097634,-1.0868508241285408,-3.7802085569476302,5.074125430282161,-0.3548022543614636,-0.06566358794373539
-0.24869623648953199,0.4921047986561484,-0.7408010351456804,-3.0092553845041192,4.537230910181146,-0.25063368985265033,-0.04826507666512714
-0.2525804322557411,0.3948785193724049,-0.647458951628146,-2.616856133216682,3.235077650891937,-0.26370220101304664,-0.11108801704060633
-0.09391615184937252,0.2215453391165716,-0.3154614909659441,-1.1061145305370843,2.506906404690613,-0.15937128034381565,-0.05828019409969265
-0.19530186719374887,0.12800067869285692,-0.3233025458866058,-2.8602785194661426,1.691304127887454,-0.21453134238586724,-0.06977543750858728
-0.2306042242923001,0.34656445202410957,-0.5771686763164097,-4.086282804165898,4.869266746421823,-0.25049577731050165,-0.029332867774961358
-0.2756027000313571,0.5623493000208777,-0.8379520000522348,-3.000694454062865,4.484864440071834,-0.27692854628847186,-0.08461590773051098
-0.2835019997771038,0.49106701371631045,-0.7745690134934142,-3.4339920052682986,4.390102032609218,-0.3067510597585311,-0.0718663977850642
-0.19725322206170215,0.14078548600686291,-0.33803870806856506,-2.223912128093179,1.4737862221229172,-0.20475455617682925,-0.083776589273869
-0.20767561154691205,0.2364392971267546,-0.44411490867366665,-2.614033359476649,2.5594791523833478,-0.21342209326950778,-0.0664364267829538
-0.19767792735392775,0.2876482618054166,-0.48532618915934433,-2.461271982424702,3.028282864924833,-0.2155104288199745,-0.06217337044883953
-0.1134239247132719,0.05418251473627844,-0.16760643944955034,-1.242355212756335,0.6653405221912696,-0.17307174644121592,-0.09849754254232324
-0.2840365169186906,0.49433506709204855,-0.7783715840107391,-3.288833154655763,4.236323578068644,-0.3042122523713118,-0.07081320517910217
-0.22806983458843655,0.4256972714766354,-0.6537671060650719,-2.4615055120664167,3.6579718956240126,-0.27602728288567413,-0.04826507666512703
-0.16270528897637704,0.2959157625534172,-0.45862105152979427,-1.9750465438450076,3.1231072244376072,-0.18217009489563307,-0.1324961503500549
-0.28516431845703105,0.450661745355728,-0.7358260638127591,-3.083799892688302,3.6614233035654653,-0.28292561384029136,-0.0664364267829537
-0.12303486154320542,0.25981749363018247,-0.3828523551733879,-1.0870337461329211,2.2159372469006584,-0.1796552995568762,-0.11803020400640918
-0.11145190830728158,0.09110234877184231,-0.2025542570791239,-1.1162189225253412,0.9876164874871465,-0.17509839472379063,-0.10204182325156275
-0.22532437292441498,0.23615015027559316,-0.46147452320000815,-3.2575413945055454,2.8584686490042888,-0.23381967914338142,-0.06418234709053905
-0.20678186132463205,0.118047114217112,-0.32482897554174406,-3.0511021130457294,1.5675390571982077,-0.19137319933252506,-0.04817214446162288
-0.06960319148122529,-0.17023276931177034,0.10062957783054505,-0.7909726525934229,-2.2060722663761774,-0.16052082962457626,-0.1808238316671591
-0.18564065707991928,0.20969774676449826,-0.39533840384441754,-2.1286490049707116,2.151284665365138,-0.19768282329643438,-0.06807028782885116
-0.013689936422002003,-0.0401571349516483,0.026467198529646296,-0.10379729499759147,-0.4505936438224582,-0.09574659134932328,-0.10092597309460127
-0.19659814006351906,0.32049383255848674,-0.5170919726220058,-2.8545288660711887,3.8651345577358436,-0.2087459899978743,-0.0748515440550277
-0.1963230671342132,0.21680170403631616,-0.41312477117052937,-2.804212388020727,2.6733747459407904,-0.19458753854817767,-0.08352714631728186
-0.21793704795327273,0.29142290616461897,-0.5093599541178917,-2.349650821629768,2.65192840392659,-0.22907367775517218,-0.10207230980163529
-0.1740254228476057,0.2541159000100768,-0.42814132285768247,-1.5729649091499867,2.110156222630805,-0.20831460033212423,-0.1170502328719637
-0.2011041305705048,0.15256356818096717,-0.35366769875147197,-1.8569013485837984,1.3464696027853642,-0.23390128092968765,-0.09809955318564179
-0.15465118612056472,0.27714183683898064,-0.43179302295954536,-1.7556625868673748,2.7929112757583634,-0.21858534813412323,-0.07901239015258998
-0.22515861959467287,0.3356970705901072,-0.5608556901847801,-2.395847590569218,2.947473308184348,-0.23014378008925085,-0.07485154405502747
-0.2344103334238512,0.34754143469731313,-0.5819517681211643,-2.615758337953218,3.144001815357354,-0.24872035247007684,-0.07485154405502759
-0.17628272915216503,0.5215798561599669,-0.697862585312132,-1.6717423103705213,4.0548399780445585,-0.19997508898147087,-0.054695879540131775
-0.26527223002468414,0.3046313060959731,-0.5699035361206573,-3.0398461431611663,2.798138085867835,-0.2787781747778181,-0.0704271959917584
-0.10610302826354101,0.17412688214021355,-0.28022991040375456,-1.180184750606617,1.9034885047760175,-0.12930564623800578,-0.08819757314952814
-0.25868279403806427,0.6567358839183164,-0.9154186779563807,-2.639126584017771,4.8843245200006855,-0.2715459064222948,-0.069772992251664
-0.2609372120921555,0.44740284466685143,-0.7083400567590069,-2.8476895699720797,3.749902732659248,-0.28120060014294324,-0.11229737983641319
-0.25577513302203003,0.3035301486091848,-0.5593052816312148,-3.7251753820135134,3.4917189965635207,-0.2615743554198523,-0.10685479011819832
-0.30593295886044525,0.5500375123896053,-0.8559704712500505,-3.1592289393974116,4.095389965069556,-0.32691109436536614,-0.05930316251286383
-0.20914166371019804,0.38650828706638696,-0.595649950776585,-2.8721515681053136,4.294210823016873,-0.2288126388190217,-0.05849378295680996
-0.23479046959595917,0.5521329710702234,-0.7869234406661826,-2.4443847174508297,4.4049202724750876,-0.2698499176780217,-0.04826507666512703
-0.3387019546429484,0.3897654014650438,-0.7284673561079922,-3.58429824727394,3.030411118285716,-0.3640261539222647,-0.07692879945181774
-0.26265968898262926,0.32031112385049365,-0.5829708128331229,-2.764955743242607,2.718974496150521,-0.3024112600415778,-0.07961218817413163
-0.3184370358359082,0.5561520504270925,-0.8745890862630007,-3.2219142976135413,4.010113529973048,-0.33967222505031003,-0.12104945152760749
-0.22645306000477827,0.26647313543457884,-0.4929261954393571,-2.4920672722779664,2.475582059160655,-0.23106391326580067,-0.07766236405962645
-0.2330439922103944,0.49089362765915934,-0.7239376198695537,-2.4671406550235133,4.068060369634191,-0.2548979021900719,-0.052476147765010195
-0.3063269710317543,0.6717934816239475,-0.9781204526557018,-3.232476289676,4.936958393994169,-0.3094129898041441,-0.06566358794373528
-0.18367682660228346,0.5469805315203196,-0.730657358122603,-1.6098475181278689,3.9083304948276725,-0.21331205523859365,-0.08034083431323191
-0.1756520604299372,0.3600595540095435,-0.5357116144394807,-2.585481660287503,4.441078258158121,-0.1941339692314099,-0.03676216545482636
-0.2889994231833827,0.6650240058659749,-0.9540234290493576,-3.4567617802574695,5.6107642183647535,-0.30968212035597253,-0.052549390872385415
-0.1687929929301225,0.11086265620839564,-0.27965564913851815,-2.0355235226213795,1.2848742023052875,-0.21869697345505923,-0.1485033491633957
-0.25590621410105097,0.5883163081065179,-0.8442225222075689,-3.3474803695301096,5.685608227136799,-0.2714940452314031,-0.02933286777496147
-0.3012980639370755,0.5565068656967196,-0.8578049296337951,-3.480882143352951,4.6187740276128935,-0.32023602058191514,-0.09003798801483676
-0.20327142209790383,0.3245544696444893,-0.5278258917423931,-2.5549345037983113,3.3860325405929945,-0.21795610262347864,-0.07186639778506454
-0.17772821213909418,0.33233659346968314,-0.5100648056087773,-2.152620586488241,3.421121259966729,-0.1935459872865427,-0.06077866375345298
-0.12747882217644457,0.08430914440238757,-0.21178796657883214,-1.8057602122622665,1.1795938578349447,-0.158310145645303,-0.1148188044843923
-0.08229798926648313,0.1455124746078409,-0.22781046387432402,-1.0292619994230843,1.8285501665907609,-0.13319044205359576,-0.05254939087238486
-0.17584474190662158,0.1330301939365679,-0.3088749358431895,-2.6992337859740174,1.8357449779423898,-0.18277839951148633,-0.09262934497071895
-0.21751099449250932,0.3018964194427869,-0.5194074139352962,-2.758838105054942,3.169595969089091,-0.21051969558117178,-0.08012249848744579
-0.25638755495644927,0.8023494260775481,-1.0587369810339973,-2.7905398687799017,6.193470623187623,-0.29834381113273667,-0.038840774712263104
-0.2271330490966431,0.736545745386322,-0.9636787944829651,-2.409566646262008,5.752880590945923,-0.24616409108434723,-0.05254939087238519
-0.27023487189612316,0.6064853265354877,-0.8767201984316109,-3.058565303875271,5.004136945244859,-0.2872176910685008,-0.04826507666512703
-0.23109956097530382,0.37304622348441474,-0.6041457844597186,-2.3618563671392607,3.1151282575978487,-0.2330823924395452,-0.0772401878086395
-0.18494704452191468,0.14054383603556753,-0.3254908805574822,-1.8243871819719195,1.3384159189409959,-0.198582216543579,-0.15646799317165327
-0.20842303442214483,0.0362458877494205,-0.24466892217156533,-2.0168260511784766,0.42148096223232356,-0.2571498303663542,-0.155746599117915
-0.1370612991921878,0.28962665049890646,-0.42668794969109425,-1.1053404289875426,2.233299399351755,-0.16582006043158748,-0.11320797490458001
-0.21918322551128278,0.29666646427083965,-0.5158496897821224,-3.255102960169423,3.608352047786283,-0.25685673881470716,-0.05716704446284515
-0.1769669517587844,0.2183054837431686,-0.395272435501953,-2.2819257352028024,2.477499772303506,-0.19617450274172665,-0.083776589273869
-0.15740187619100598,0.37140555390798413,-0.5288074300989901,-1.7411814981977227,3.5337761565182566,-0.14848835356939183,-0.062913512665417
-0.21198084938403006,0.2243228685812746,-0.43630371796530465,-2.9566737701061148,2.6637286450545132,-0.22584896767233742,-0.0745105692737571
-0.21681139834402108,0.39573086973421057,-0.6125422680782316,-2.499898330151958,3.6933539840792204,-0.2537168387613019,-0.07485154405502725
-0.2664312280631921,0.6526645897346339,-0.919095817797826,-3.2312601938444687,5.714418761908296,-0.26582810731230666,-0.04826507666512725
-0.17420122742933664,0.29577621621487116,-0.4699774436442078,-1.9593199266409613,2.8879410121381195,-0.1912046922950772,-0.06566358794373561
-0.1734865751573481,0.03848666233901299,-0.2119732374963611,-1.6278563907152162,0.44274348285029014,-0.23424164046298246,-0.17253511232335483
-0.22609212849621574,0.023778819729697087,-0.24987094822591283,-2.307380248040078,0.31745846016698537,-0.2601047204836513,-0.1869698279562858
-0.25509039948763734,0.6285849412930593,-0.8836753407806966,-2.889650550939023,5.21364976477872,-0.24997114015846356,-0.07485154405502747
-0.05361834511015007,0.1551105407879909,-0.20872888589814098,-0.5595508804983267,1.7665457077568905,-0.16975142043974634,-0.08891458665321217
-0.2608502221792314,0.46181652433235376,-0.7226667465115851,-2.5922463611358153,3.5521685081265764,-0.2751736662749671,-0.05716704446284526
-0.23854847883990238,0.407545918400545,-0.6460943972404474,-2.31799341942926,3.196224691100836,-0.2522224836571032,-0.13517576563193934
-0.28319113464766665,0.943707874888378,-1.2268990095360448,-2.7833090174329125,6.226449229000564,-0.3001121626100762,-0.048265076665126916
-0.3115133765388933,0.9496578120055184,-1.2611711885444117,-3.118762531874007,6.222232372078075,-0.32070618067089685,-0.04826507666512714
-0.2762495499487694,0.42417267644849477,-0.7004222263972641,-2.5832989563157898,3.0900106818525335,-0.2944256777851231,-0.11632537054304815
-0.1396950247975718,0.14017808332802506,-0.27987310812559685,-1.8570628932087057,1.7569795047898733,-0.15102694103823178,-0.09403832622027819
-0.20832297948991652,0.2695190590176968,-0.4778420385076133,-2.6805157362752605,2.9211071664818835,-0.24048416528691896,-0.12704941395914893
-0.28339375907111297,0.173694509941402,-0.457088269012515,-3.89750466178798,1.959003308153485,-0.2779769389924064,-0.1243738447202597
-0.2237807459615203,0.2967644871680748,-0.5205452331295951,-2.4659664923346605,2.7413223311202812,-0.25055531354918514,-0.10161115509478469
-0.27138305362061443,0.4945727659917114,-0.7659558196123258,-2.978289627257563,4.0718121491712616,-0.31086487870633506,-0.04826507666512714
-0.28106460932205457,0.36981107649356715,-0.6508756858156217,-3.6704321754422056,3.684459953946963,-0.2931582140625766,-0.0886950594760646
-0.008544931827383584,0.2744862347434509,-0.2830311665708345,-0.03220342207279182,3.1286833190231107,-0.0711395275104657,-0.07152944222652746
-0.24537819064161936,0.43821786846291544,-0.6835960591045348,-2.9218445457555893,4.048133528017089,-0.24626807936348605,-0.11012514982074273
-0.2439796897977098,0.5047974892763454,-0.7487771790740552,-3.0147363888320977,4.784078904058176,-0.2796049050439866,-0.07485154405502714
-0.1977774420814854,0.13919109751154868,-0.3369685395930341,-1.9369588635455741,1.3010856842547576,-0.19704123839331555,-0.08319117804216902
-0.2350750115174418,0.35757050556091463,-0.5926455170783564,-2.705398777937503,3.3089022758051736,-0.23704759113629537,-0.07485154405502747
-0.2640390806688967,0.6101197751493233,-0.87415885581822,-3.0448220839983646,5.141597963401903,-0.26222957603596486,-0.05716704446284515
-0.28119505224643404,0.6742153014800798,-0.9554103537265138,-2.417508344203574,4.1947071555862925,-0.3066017334417911,-0.049428405178952195
-0.22143002971066938,0.3607605992361349,-0.5821906289468043,-3.2512933935495574,4.2452658380862065,-0.22162366331154848,-0.037403930299933164
-0.18853213727697737,0.09620533023628797,-0.28473746751326534,-2.2859491928688005,1.1214293726631728,-0.18225085187728773,-0.120399389569118
-0.2776596066031557,0.575013019336611,-0.8526726259397667,-3.1136512573743214,4.716343319196168,-0.29588781964055644,-0.04828658030655841
-0.23590354837841798,0.2998011882673255,-0.5357047366457435,-3.4163745937355405,3.5027427050104087,-0.25609485405076116,-0.08014522278099034
-0.2667380988883006,0.8074420111837093,-1.0741801100720099,-2.8197576185032682,5.9871906788254945,-0.3161927502514489,-0.04933229371540493
-0.09179453426889006,0.1581999406417911,-0.24999447491068116,-0.8313583689470041,1.5169877880176865,-0.131235630158138,-0.14857311297789355
-0.24952194138040107,0.21662242851979308,-0.46614436990019414,-2.8874361809939155,2.114144507361988,-0.2690307858653098,-0.07998719130010279
-0.27615239183537144,0.4191142817512381,-0.6952666735866095,-3.9757818410631462,4.544998497016315,-0.28231349721084376,-0.02933286777496158
-0.2633206320471515,0.20773167777344792,-0.4710523098205994,-2.9161402151185243,1.9429371936089772,-0.2679095383919985,-0.09868317271752836
-0.2622274108667153,0.5629341556427478,-0.8251615665094632,-2.9324248837143614,4.659897852544773,-0.2597329974280035,-0.04817214446162266
-0.19856801497113796,0.1635741483598243,-0.3621421633309623,-1.9414764898373542,1.5003330881099224,-0.22999329229720722,-0.08077912284053379
-0.18634402554843543,0.573070716997466,-0.7594147425459015,-1.684156927964224,4.16131508916029,-0.23669994227754043,-0.05422424100022627
-0.29009195775200547,0.4360530117537311,-0.7261449695057366,-3.702563220108684,4.130492479104935,-0.3024841360887357,-0.0665194990525011
-0.17523187420960074,0.524288535732391,-0.6995204099419917,-2.3544616522198143,5.658274153654266,-0.17478399838541359,-0.04826507666512703
-0.13367316610103763,0.16349126389939372,-0.29716443000043136,-1.6017734460977964,1.8662206865406108,-0.17653118340973462,-0.09874333019995563
-0.26134260808537446,0.4024381116231164,-0.6637807197084908,-3.1774080713538573,3.781849514124401,-0.26940681446533377,-0.053682360152956354
-0.31238384186544366,0.6332541989437654,-0.9456380408092091,-4.119762732758196,5.8157404173113205,-0.30183898144139987,-0.031076250536789973
-0.20816460686239902,0.5460981345107057,-0.7542627413731047,-2.0136897707233277,4.178567332832892,-0.2499071417730262,-0.05696784493633367
-0.2762681668512248,0.5115701432936832,-0.787838310144908,-3.432159969299838,4.695955825274825,-0.31283545749863984,-0.07795550546014818
-0.3277531804568956,0.8341163630489701,-1.1618695435058657,-3.8833200580346654,6.500233288679412,-0.32283674909486915,-0.04826507666512703
-0.09401984747136727,-0.015905478524399497,-0.07811436894696777,-1.0794456329910318,-0.11044380419426665,-0.10524678897596051,-0.13971163328396874
-0.1613691295840124,0.16491352413334281,-0.3262826537173552,-2.2040623616232087,2.038369785236069,-0.1717040603271952,-0.10710746057817788
-0.22697971127808314,0.10325545746418952,-0.33023516874227266,-2.539747108656794,1.0876117360776718,-0.22635569964795288,-0.12043281804071881
-0.13093740272856647,0.1799135713867417,-0.31085097411530815,-1.6707832413549832,2.138078480926999,-0.17386260384743146,-0.08439905743682385
-0.15431815877910815,0.21139031503997252,-0.36570847381908067,-1.7475387798597877,2.2006009046442943,-0.1820705889496661,-0.059317907217946386
-0.1404134528283354,0.3727107280136728,-0.5131241808420082,-1.457933909103954,3.406804136083843,-0.1775046354127725,-0.06899505828571428
-0.10196632051654875,0.33305580808462865,-0.4350221286011774,-0.9825807302229445,3.017835497766764,-0.15905723438686092,-0.07057296375659117
-0.3342286267255564,0.3646389428008019,-0.6988675695263583,-4.206986676678499,3.347644848377116,-0.3331694347526257,-0.08077912284053357
-0.26134555095048506,0.41188364697929236,-0.6732291979297774,-3.0507979225143362,3.714745464541549,-0.25732203332665415,-0.04826507666512703
-0.2640222645095702,0.4586257852036464,-0.7226480497132166,-3.4430278271056496,4.522703822289959,-0.2597534641694932,-0.10145676917909874
-0.309596608027361,0.5880284304443748,-0.8976250384717358,-3.9109760257883757,5.241408139579747,-0.33360530554539825,-0.04056074429921308
-0.27148368022293745,0.8466345789256795,-1.118118259148617,-3.0628362768098834,6.640285041139249,-0.28982498135381995,-0.06437010966639134
-0.24070100054181698,0.2199445647268723,-0.46064556526868927,-3.228228755197197,2.462936526252335,-0.23928792935052767,-0.09316821811630005
-0.1965187152085902,0.21416019061388836,-0.41067890582247857,-2.9138130846134387,2.718425527301313,-0.19274256963895897,-0.10267893783927617
-0.11618279684755406,-0.04052121104226947,-0.07566158580528459,-1.5478638174009773,-0.47645897081267513,-0.15409890382076763,-0.11045666671498411
-0.27276437387942076,0.5742635952471593,-0.8470279691265801,-3.03644445569476,4.686771709865577,-0.3035826140726433,-0.04826507666512703
-0.23252925663221125,0.4732088878903691,-0.7057381445225803,-2.3410145745232747,3.758395720052818,-0.27978284166958545,-0.04826507666512714
-0.3877323085687887,0.8503579633643277,-1.2380902719331164,-4.086360383716288,5.530646135055686,-0.3967204239114811,-0.031786661471550626
-0.2384222687770703,0.3579450112596172,-0.5963672800366875,-2.9614487884531115,3.5587695286070806,-0.2576406334928937,-0.10145676917909863
-0.19571123930036383,0.17588445715504597,-0.3715956964554098,-2.0397784163346038,1.6849830201100262,-0.217803505279634,-0.10551805218632215
-0.20291427579745513,0.45739537756105353,-0.6603096533585087,-2.3285009803149577,4.210280874818338,-0.21260617535777426,-0.06172892057321078
-0.26255986174194457,0.34723938929161724,-0.6097992510335618,-2.6902895853906634,2.8471775082041075,-0.27883579225339616,-0.10145676917909852
-0.16018332869044172,0.37546789472645603,-0.5356512234168977,-1.6822768326276238,3.386836115315191,-0.22254964564039348,-0.08266568264573926
-0.18567109207428079,0.3019490352668026,-0.4876201273410834,-1.8127785756119787,2.581988508792822,-0.21444746632519074,-0.10145676917909852
-0.2058444481590419,0.5988858201375957,-0.8047302682966376,-2.2056464891600425,4.963886340648782,-0.2204428088674154,-0.05960235806801173
-0.23084382301756678,0.1587286554188656,-0.3895724784364324,-2.463882000876219,1.5316327662207083,-0.27799367950926834,-0.09602601943525169
-0.2159861557164129,0.4683444528544698,-0.6843306085708827,-2.1710891287498644,3.758128028303823,-0.25303517957215127,-0.06306007730668228
-0.2612294504003184,0.4722680526430496,-0.733497503043368,-3.3277518610044297,4.539488231652983,-0.263921019444309,-0.05406961817640887
-0.18789789801672274,0.4368530566759883,-0.624750954692711,-1.7756632605894018,3.442169329779875,-0.2166665244196041,-0.068031647389589
-0.24788878492608357,0.4818007439857208,-0.7296895289118044,-2.5283964791903824,3.7932834208721173,-0.27240749706497625,-0.06418234709053894
-0.2706086741823692,0.5554404123473444,-0.8260490865297136,-2.5438064002837493,3.9034262686855605,-0.31145201909817044,-0.06418234709053883
-0.10932374804236122,0.27588134216579707,-0.3852050902081583,-1.2267655979865482,2.877765614436703,-0.13365726317093352,-0.06202715369958356
-0.1771295923740781,0.07580322283131302,-0.2529328152053911,-2.261121660997861,0.9497745333477863,-0.18391903890012595,-0.14265854022009605
-0.2605412114320973,0.7626180767368298,-1.023159288168927,-2.3411793053397383,4.9150522129930545,-0.28296816477145126,-0.056118357480560044
-0.2273906361989536,0.3741753560775871,-0.6015659922765407,-3.3521619393370212,4.381629928792875,-0.2316761843701427,-0.03783970523242075
-0.27022194091281626,0.551909558569315,-0.8221314994821313,-3.0119198930261972,4.5456656555933606,-0.28136110867218533,-0.04512770697192259
-0.20863637492195664,0.2398297479127831,-0.44846612283473974,-2.4203670456391615,2.4011909643413136,-0.2205629175082623,-0.16492109685178447
-0.20328164143405125,0.4283033922665953,-0.6315850337006466,-2.2189962627346813,3.8076416442790326,-0.22745775605826024,-0.05162214234596729
-0.17457995626222378,0.19405891597888303,-0.3686388722411068,-2.6158225610015835,2.5655206939318016,-0.17961812634466667,-0.05285516972407289
-0.23410925716683806,0.3576920285650502,-0.5918012857318883,-2.4936656233691887,3.0997676945479427,-0.27784768695163153,-0.08077912284053379
-0.3134783795495083,0.16322773093910126,-0.47670611048860956,-3.3314506819782026,1.4638295978315659,-0.32404935864328066,-0.20519362445864386
-0.2442601262771673,0.536489454178634,-0.7807495804558013,-2.559748058188624,4.2917598026692625,-0.2692723681142791,-0.06286370532823826
-0.1696117515724883,0.34293557897927185,-0.5125473305517602,-2.227377797915292,3.799539759705574,-0.20249761732071925,-0.04395869829543764
-0.26192495186992604,0.43247692746911737,-0.6944018793390434,-2.608410561618072,3.3665666008845343,-0.2602036774749994,-0.07049605681783822
-0.2396847265343668,0.5332579817295273,-0.7729427082638941,-2.9381457542219414,4.957025158189317,-0.24363672403173076,-0.04817214446162277
-0.2543581292235916,0.3151691349894179,-0.5695272642130095,-3.778237476360723,3.6766397091345975,-0.25215337585536457,-0.09802827103003187
-0.20992661575265703,0.42008222585939103,-0.6300088416120481,-2.465613644067787,3.973790143396383,-0.2419151182391286,-0.0687065071463564
-0.32539012163345493,0.5299133213319027,-0.8553034429653577,-3.817543489555454,4.38742198883749,-0.3344934227108275,-0.04817214446162277
-0.10353089824641304,0.017878070644888444,-0.12140896889130148,-0.9076166482010237,0.2613890603989256,-0.17945898475346111,-0.16818882554855685
-0.24803543498790626,0.4545861927207444,-0.7026216277086507,-2.6397373847288206,3.7569867116637767,-0.28468211044865854,-0.07186639778506443
-0.2996746705981196,0.4369323846916693,-0.7366070552897889,-3.0705185205190384,3.363186313804247,-0.29137214126721356,-0.06426606994007522
-0.09351525721895149,0.13235200528581847,-0.22586726250476996,-1.2175300089049035,1.7115508432212205,-0.13385727375637224,-0.0735604023331139
-0.23407707197200078,0.3515537965511144,-0.5856308685231152,-3.041932854145735,3.653479713579589,-0.2429411425002065,-0.04662696902156338
-0.26106482056489844,0.6248010419149368,-0.8858658624798352,-2.726845519491233,4.785691558911138,-0.2915858754293065,-0.04817214446162266
-0.17264441920278528,0.19263985419688678,-0.36528427339967207,-1.7471585587076335,1.8174772262194934,-0.20810057714614683,-0.14962226536910161
-0.22592330506033498,0.1631512213506865,-0.38907452641102147,-2.4957648894912285,1.6175981470195528,-0.2272510849823134,-0.1289483100229113
-0.06570002305615219,-0.07575257835351501,0.01005255529736282,-0.6781061333595673,-0.8052588514656343,-0.1383285858142117,-0.19299454657494586
-0.1867828715287716,0.03766661608641675,-0.22444948761518835,-1.9219163124327046,0.45325755721984057,-0.235801973495815,-0.16283769448987595
-0.206942133080382,0.2140353093106171,-0.4209774423909991,-2.592154189674824,2.331147889716733,-0.2169079559235011,-0.0832420491999879
-0.19980362761305026,0.07023148470514262,-0.2700351123181929,-2.3225926091417013,0.8143583773817717,-0.2319504510250644,-0.21879818962032926
-0.12091644080413066,0.16648065670999634,-0.287397097514127,-1.1315157377816238,1.573668500224657,-0.18453556755551703,-0.10935496455003768
-0.2579917648528631,0.27386958840714515,-0.5318613532600083,-3.257853947454406,2.7924267783067793,-0.2593498439640922,-0.10145676917909863
-0.2770214371879989,0.4471984332438943,-0.7242198704318932,-3.61227734865563,4.390965721036863,-0.2819130265583569,-0.04826507666512703
-0.19506692069628484,0.389529525955119,-0.5845964466514039,-2.2619594362406854,3.7309961490059753,-0.20170836757337807,-0.04826507666512714
-0.1646968781522865,0.16868499942097204,-0.33338187757325854,-1.8135873605070207,1.7415269989891813,-0.18636587344668398,-0.08077912284053368
-0.2782673362008148,0.47452391440765385,-0.7527912506084686,-3.5919768680120696,4.574934980958851,-0.28099677922763866,-0.07485154405502747
-0.161099130022624,0.29063879691153804,-0.45173792693416204,-1.8946615971774778,3.00060061170472,-0.17630407990105956,-0.07018679902622549
-0.05879027058444797,0.1970378726755575,-0.25582814326000547,-0.6678076168391154,2.306085704181389,-0.13562783238912668,-0.08581762381153957
-0.2893177505682477,0.2988108569980157,-0.5881286075662634,-3.489158706043908,2.8279616791679962,-0.31051198724667284,-0.07485154405502759
-0.1776669721568711,0.3656338395685248,-0.5433008117253959,-1.6943842855693976,3.0013530159565396,-0.187520184043946,-0.09328786416251666
-0.15712046613657216,0.2943537163150092,-0.45147418245158133,-1.4916128834007072,2.5270355340035513,-0.195565585218211,-0.09206946098693158
-0.2400875783370373,0.2981825705441854,-0.5382701488812227,-2.5136175241204115,2.5936468445814094,-0.2391803436282971,-0.12612354986737329
-0.12412590054813588,0.3186722635824193,-0.44279816413055517,-1.482747439189555,3.3908206595242723,-0.1421224752569048,-0.08377658927386877
-0.20058602192445119,0.08737433156347496,-0.28796035348792615,-2.2899301780897354,0.975257335863065,-0.19469419845132185,-0.12432581589996339
-0.23860177742630573,0.36435055891191026,-0.602952336338216,-2.6807852563171464,3.28838534753162,-0.2547111782121435,-0.08920888722713594
-0.1460996576717466,0.22295213470948494,-0.36905179238123154,-1.3967362025129968,2.0155367484021744,-0.19718238066540694,-0.11773568114854838
-0.21823657128971574,0.1217418803440995,-0.33997845163381524,-2.877791680352714,1.4454215837751176,-0.21478104165933365,-0.12726739403436027
-0.23246861695475018,0.1724157581194241,-0.4048843750741743,-2.1715051058577557,1.47708686889025,-0.2469566794377397,-0.1526448406210963
-0.14880199100300617,0.21914250276846747,-0.36794449377147365,-1.784665965538717,2.3985025961205237,-0.15285928056915887,-0.07996267300816617
-0.15614380280608542,0.49901407990805335,-0.6551578827141388,-1.4673539947035887,3.954288759406231,-0.15241381239454144,-0.05696784493633389
-0.07499444843982273,-0.04630746980787359,-0.028686978631949134,-0.6337960542058187,-0.34798583206777023,-0.18268159399748574,-0.1331451552327948
-0.137930640657983,0.2321399250642091,-0.3700705657221921,-1.5595192962757034,2.4186114823177842,-0.18863218633138434,-0.0733889368609082
-0.24961641909635734,0.384429976968218,-0.6340463960645754,-2.6534390426496217,3.2452008920946156,-0.27980325434962694,-0.05856212097547964
-0.1268947678438086,0.3420130918032229,-0.4689078596470315,-1.2650937911101179,3.0789922944911385,-0.194109486841341,-0.11719029304010475
-0.12825682015067863,0.18070857665698026,-0.3089653968076589,-1.733424370685912,2.2687952437079204,-0.1612736900855145,-0.07485154405502747
-0.34000673568443207,0.4077665271452686,-0.7477732628297007,-3.546145376975653,3.1114255749980697,-0.34502829839334326,-0.1014567691790984
-0.2233810088815582,0.14620797745815106,-0.36958898633970927,-2.3651541128481837,1.4200613402997817,-0.25525532420488284,-0.08965496572935627
-0.20345790056079682,0.3290870715793055,-0.5325449721401023,-3.3517815739689008,4.4169233176619995,-0.21005908418068242,-0.0873407479711098
-0.20215648896103044,0.4272281153908719,-0.6293846043519024,-2.0250570950923836,3.493874254137264,-0.22677974259586509,-0.05254939087238486
-0.2054216458865843,0.47875998725754365,-0.6841816331441279,-1.8177802242903307,3.46228998765221,-0.2306046701023613,-0.06480872037788377
-0.186542339369129,0.551659860675705,-0.7382022000448341,-2.017335339557675,4.755553153307419,-0.207126535458245,-0.053587911708382285
-0.10135483173459048,0.2617980228382544,-0.36315285457284485,-1.0928237804399803,2.67832513172161,-0.14939249620722972,-0.05743905691702389
-0.2664271624760156,0.4835353544559735,-0.7499625169319891,-2.783500435172647,3.8343286687024887,-0.2947220737490246,-0.10528817884273811
-0.2820404295796638,0.6653892768323124,-0.9474297064119762,-2.587083687916961,4.386973925055194,-0.29644797773445586,-0.059431627050377855
-0.23065154213454386,0.3113082409572616,-0.5419597830918055,-2.7242083171649014,3.0026566094188167,-0.24033335714720694,-0.08286165587916539
-0.24250158392845556,0.7743354110331466,-1.016836994961602,-2.6372972257822465,6.052455605515916,-0.2832429059714895,-0.05254939087238486
-0.26035566512657005,-0.010745608106062732,-0.24961005702050731,-3.48906664997049,-0.04814765610703409,-0.28935816163314065,-0.12694590274685313
-0.2685038146365968,0.5416337809122258,-0.8101375955488226,-2.4890891481407813,3.7855358774494188,-0.30509565964684215,-0.06126698269306974
-0.19143112549941677,0.46666724254260084,-0.6580983680420176,-2.0084490404112985,3.9784871308063594,-0.22779674241551717,-0.07485154405502759
-0.12183591655228243,0.06324858186984872,-0.18508449842213115,-1.283707550532611,0.733228009958598,-0.1637537481486634,-0.08462412918119233
-0.20283238740484733,0.22129806356617454,-0.42413045097102187,-2.1384871893212427,2.07153243006069,-0.22869902992821856,-0.1402350252976865
-0.24509144392561122,0.3064911689576557,-0.5515826128832669,-2.437762113780639,2.5356975030056317,-0.28421788780529667,-0.08077912284053379
-0.2793875442704373,0.687206925510754,-0.9665944697811913,-2.7628623165853043,4.833388363955001,-0.29647787516330537,-0.06275711067887646
-0.2008370151469494,0.3019448227140986,-0.502781837861048,-2.5166335208430373,3.1672257577487475,-0.194854536464785,-0.05076040318610642
-0.3537797677401836,0.7081776923660719,-1.0619574601062554,-3.587236668001562,4.742392609854936,-0.353712020167825,-0.04817214446162277
-0.25492889639704774,0.9341127246678682,-1.189041621064916,-2.341923551006592,5.940364390013277,-0.27126239799690177,-0.04826507666512714
-0.20590720244339655,0.24212994009094047,-0.448037142534337,-3.231259150800868,3.201085899221859,-0.21175487569785423,-0.04851594002798443
-0.18133514312212062,0.18973164512878293,-0.37106678825090356,-2.963035186461091,2.707662101832892,-0.18385005677692623,-0.08206382117021838
-0.28485717270341726,0.4952678997104911,-0.7801250724139084,-2.4061081723981546,3.199552000319645,-0.2873845718190883,-0.08498619993655343
-0.27196951139844505,0.3527145262231526,-0.6246840376215976,-3.3779269360919435,3.413130236584713,-0.28190200497700113,-0.06566358794373561
-0.31379762776143816,0.6891802157308131,-1.0029778434922512,-3.5901420068245136,5.404519092107608,-0.33977695062078017,-0.04826507666512714
-0.18974654550932069,0.16934561060852893,-0.3590921561178496,-2.197841844968839,1.789842005011799,-0.20748894153952047,-0.08849536929975577
-0.2515753462717327,0.4541779533620427,-0.7057532996337754,-2.73616285740067,3.822888801068214,-0.29529996901125855,-0.06418234709053894
-0.3025196332815848,0.7557050714610967,-1.0582247047426816,-3.2103668765258875,5.497004365871854,-0.30475750993232364,-0.05849378295681029
-0.20581318760472678,0.26240473777545437,-0.46821792538018114,-2.66378795442388,2.8703509192083096,-0.2065400469879004,-0.0807791228405339
-0.2930522658389605,0.5139442519736752,-0.8069965178126357,-3.3836992107177313,4.349445315044429,-0.2927392987819256,-0.05601354396417513
-0.2556530121132988,0.4622535989777248,-0.7179066110910236,-2.4493345267313185,3.4547950963628913,-0.2655152289319491,-0.05169720273933587
-0.21654555119484264,0.20167797707872093,-0.41822352827356357,-3.141506115729151,2.492318427911472,-0.2426833849344655,-0.07485154405502725
-0.1370837821151587,0.08207572465689261,-0.21915950677205132,-2.2552362557003502,1.3064689310790025,-0.161148357166903,-0.07485154405502725
-0.22094864171094108,0.29465029675408383,-0.5155989384650249,-2.830021550397075,3.1260515551346764,-0.22165421568867016,-0.10004801653268391
-0.136757545589556,0.3499508113940033,-0.4867083569835593,-1.2728242942476342,2.9410568887508584,-0.20468528885010784,-0.07485154405502759
-0.26961294547925174,0.5868490560706909,-0.8564620015499427,-3.1033724497560193,4.968384251877197,-0.26317830691924615,-0.04826507666512703
-0.16915764362540076,0.3941182796022451,-0.5632759232276459,-2.31211133504562,4.493434523980328,-0.1767347962378134,-0.05166602206930426
-0.07538187057579382,0.22379172346975174,-0.29917359404554555,-0.6127852062777612,1.9543502445012517,-0.1577023744577739,-0.11634482125816203
-0.1176663877446319,0.21828397628630714,-0.33595036403093903,-1.038252638263642,1.913044683530243,-0.13584565722773423,-0.05841765102218022
-0.2667551834129016,0.24897076234094428,-0.5157259457538459,-3.190971340309059,2.42901135915762,-0.2739304519938317,-0.10955621401425786
-0.2188696253636937,0.5383910425413803,-0.757260667905074,-2.0747622141330506,4.008479343151327,-0.2183564918725296,-0.08266568264573926
-0.24331493882506583,0.3275139979940078,-0.5708289368190737,-3.1282900626155694,3.3698834883185356,-0.2548888267845032,-0.0697144871419284
-0.19421474653538873,0.19413867381030725,-0.388353420345696,-2.1984210016382324,1.9705007706049373,-0.20787392884876899,-0.11326945113788822
-0.2578627160570319,0.36396950668704275,-0.6218322227440747,-4.682281267442612,5.068799821129855,-0.2671765143085876,-0.03178666147155118
-0.2227220631085024,0.43845945731713853,-0.6611815204256409,-1.9525771874198248,3.134680000324851,-0.22408844523941396,-0.1247401689162454
-0.27951562323919943,0.41676044931116163,-0.6962760725503611,-3.5653872049826605,4.016057831376706,-0.2903481573126091,-0.05716704446284537
-0.22104499167175118,0.27149153057693853,-0.4925365222486897,-2.975389268024528,3.0249061393628507,-0.2254660517249215,-0.07485154405502759
-0.1891969098008609,0.1608224583880069,-0.3500193681888678,-2.7480698903803398,2.07615592980877,-0.21570293638119376,-0.07395229195627762
-0.23055474740124715,0.08861037716226816,-0.3191651245635153,-2.5894829114742532,0.952424254443563,-0.2569362579640405,-0.16603183443235037
-0.17606458744824782,0.16657644209260725,-0.34264102954085507,-1.8527552778080287,1.6423034387789377,-0.20651520206777674,-0.1014567691790984
-0.20164511551144015,0.29172367294105794,-0.4933687884524981,-2.8936569754075623,3.4854260677323285,-0.2102889524685566,-0.05786543821531598
-0.2840351222445552,0.28348277481278283,-0.567517897057338,-2.983035366052069,2.4013531806109443,-0.31345502905069467,-0.10145676917909852
-0.1895483336229835,0.3073046541634381,-0.4968529877864216,-2.4391002159684763,3.3452682185656744,-0.2370155160239431,-0.07933241526065293
-0.13570263675321315,0.29152417922322127,-0.4272268159764344,-1.5929514582367703,3.0557461522326004,-0.16477220382059354,-0.08724720154006615
-0.21451862055622495,0.38233998679664327,-0.5968586073528682,-3.2583555903620978,4.625317358706898,-0.2434928147850367,-0.0317866614715514
-0.2611334196497861,0.5762069694455918,-0.8373403890953779,-2.73481728054131,4.478792684186485,-0.2776988334744518,-0.04826507666512725
-0.2637457451577083,0.5979789640061042,-0.8617247091638125,-2.388651165556502,4.046663869065779,-0.28610520479688306,-0.07257508489026143
-0.2655755731368089,0.5265560451881792,-0.7921316183249881,-2.9548232031012414,4.387827922662928,-0.27270400741952694,-0.06291351266541712
-0.01128651533221292,0.04534757105004483,-0.05663408638225775,-0.01710589673056856,0.5270632475379146,-0.07870685230547336,-0.17157560197226107
-0.18007724694254856,0.15625990827348324,-0.3363371552160318,-2.32393498394197,1.836534466826187,-0.1727514889951718,-0.1445869834876049
-0.33773025045590277,0.7909597697047526,-1.1286900201606553,-3.243907180222453,5.015100287363775,-0.33833637608545875,-0.0503285499627395
-0.2917702263493762,0.6273963132511806,-0.9191665396005568,-3.264839397383407,4.979900762563935,-0.2917121754233667,-0.05005466011942905
-0.23910516436930174,0.5599788034441617,-0.7990839678134635,-2.238221322088273,4.026746123787814,-0.2492822423364539,-0.07139248157995415
-0.13074810209164922,0.15318786650859484,-0.28393596860024406,-1.544864543538712,1.7382825486100082,-0.15143646572281066,-0.09315646470952421
-0.1501971909696056,0.3365323936114277,-0.4867295845810333,-1.3720537766934162,2.77175427322664,-0.17300116228926865,-0.06573276602384548
-0.2109016676528508,0.255946245426365,-0.4668479130792158,-2.4403267227823497,2.5410285392953424,-0.25701877875041845,-0.11681423170725624
-0.21583161054014577,0.25608028626681656,-0.4719118968069623,-2.667510793461898,2.6771127726218196,-0.2620227917084711,-0.08468724039844988
-0.27166370754992153,0.26888248153871963,-0.5405461890886412,-3.826287171001088,3.002298455543817,-0.2693962602004297,-0.1197752585682349
-0.23823045511625618,0.24205352152818693,-0.4802839766444431,-3.457809304261227,2.874816188071532,-0.2448149360139641,-0.06566358794373517
-0.24770531422120645,0.3984528953300661,-0.6461582095512726,-4.0001213483681655,4.965715718809794,-0.27301558156181516,-0.0641823470905386
-0.259554231209968,0.4769084441499407,-0.7364626753599087,-3.2141780759267418,4.4530303166272285,-0.27228811339952375,-0.05857924491983224
-0.18326777500683222,0.06667121866271031,-0.24993899366954253,-2.055199175721325,0.7675057689257503,-0.24750373882230192,-0.083776589273869
-0.1997384362443645,0.4809344072669901,-0.6806728435113546,-2.432538282111276,4.689446808549788,-0.21996056266071218,-0.04601074336850275
-0.08871322735863452,0.30907317544152213,-0.39778640280015665,-0.9607118047055827,3.1633507996002006,-0.13818985186323463,-0.05733874400799199
-0.11762660170720385,-0.16696058900984123,0.04933398730263738,-1.1564931622173575,-1.7447256601514798,-0.16288124493818057,-0.2898900455457718
-0.13555368524314282,0.33619987673845575,-0.47175356198159857,-1.29421750165005,2.9123785968855826,-0.22201950518715352,-0.06429754313906877
-0.17908426292065405,0.24716601547023132,-0.42625027839088536,-2.800418674331262,3.3035038881586094,-0.18810288783864826,-0.07485154405502747
-0.2406178598333033,0.6197826253077896,-0.8604004851410929,-2.640446087122906,5.055716401748722,-0.2505383332589146,-0.04817214446162277
-0.2761638386367158,0.4206998896034866,-0.6968637282402024,-3.5188702153745606,4.0571330642376875,-0.28951865504207364,-0.03922020621713018
-0.26638193990112524,0.6275094300723116,-0.8938913699734369,-2.7457634369707087,4.713097712832701,-0.3196860136775058,-0.04826507666512703
-0.12263368585306189,0.21867771541709136,-0.34131140127015325,-1.9299100664141053,3.1168024984316722,-0.15211596596989396,-0.05969086807355106
-0.23774544165354772,0.5530234547332062,-0.790768896386754,-2.549940828353938,4.505969040224777,-0.24580324491819971,-0.05254939087238497
-0.18413753369483188,0.304795476898855,-0.4889330105936869,-2.0643713721641905,2.9528994096279075,-0.20883592207755064,-0.04826507666512703
-0.27112004767280207,0.42882561639362193,-0.699945664066424,-3.0055738935621887,3.6427224216886174,-0.27820604781365943,-0.05128268739389785
-0.17725393401990386,0.40833822522908725,-0.5855921592489911,-2.42685257288724,4.582496448259153,-0.2031322300390488,-0.06255909220839029
-0.2065403748157273,0.2532217907908998,-0.4597621656066271,-2.344054281727241,2.4876551179983535,-0.20252541745084374,-0.13133366313325046
-0.1847626667481539,0.32258374008419133,-0.5073464068323452,-1.8622028891602995,2.8183120378922126,-0.19113755135869348,-0.057948404181161206
-0.130252766059194,0.1388801743312289,-0.2691329403904229,-2.08769079862322,2.069320089835168,-0.15322315480090676,-0.0687454309694725
-0.2799206388907207,0.4374473028403849,-0.7173679417311056,-2.4838127546472424,3.016569569514718,-0.2985967382206747,-0.1024624893905347
-0.2010131324065303,0.2507752155616758,-0.4517883479682061,-2.1720806464340354,2.361033967879728,-0.2241797598448263,-0.08326427003074854
-0.055405635570289435,-0.023502767479878894,-0.03190286809041054,-0.6003802068350812,-0.20670696040037478,-0.11317656860293435,-0.11497032615148672
-0.2476624319922136,0.57327523720253,-0.8209376691947436,-3.9689529820254768,6.937332374118614,-0.2645298658176607,-0.026860485695727743
-0.04164014021313456,0.029401945002810015,-0.07104208521594457,-0.3452816683089789,0.38568204644354465,-0.1346243829147613,-0.1544909671633069
-0.2744068517631978,0.42537791500993305,-0.6997847667731308,-2.82728160289837,3.3664509798633597,-0.27567451817955035,-0.08588578424976268
-0.15375403214765127,0.07688487516967868,-0.23063890731732994,-1.6993094004127638,0.8793655914677072,-0.19378355095503197,-0.10003227268652815
-0.26510405651624336,0.5435083893629631,-0.8086124458792064,-2.853502530741428,4.370783371115841,-0.2647787167357404,-0.05254939087238475
-0.2201879848832181,0.4086321643734381,-0.6288201492566562,-2.898454750973014,4.271697404884197,-0.22369845441123004,-0.050577772702693036
-0.1786997697510112,0.2842988026387301,-0.4629985723897413,-1.8946921429773789,2.6523941573065577,-0.219690560179012,-0.058329514535060634
-0.1547039067134569,0.38478976249583496,-0.5394936692092919,-1.3470981379690667,2.9732773591939057,-0.2099167904290976,-0.07998488586696717
-0.2709334542921392,0.40521573158966495,-0.6761491858818042,-3.125039610286869,3.6124834754981223,-0.27805540656580685,-0.07485154405502736
-0.17698097759036424,0.184927719614292,-0.36190869720465624,-1.8417344082762968,1.7863210179226698,-0.2076122436015968,-0.148674668631242
-0.14453653015198165,0.24399952065122266,-0.3885360508032043,-1.6123995390388641,2.4884802237773385,-0.19714202276117543,-0.07818112008360623
-0.11133337879960914,0.1868816119810197,-0.29821499078062885,-1.133999024814803,1.8768289122874078,-0.1867698146362935,-0.08299583535447608
-0.22666608759420692,0.27226306493761077,-0.4989291525318177,-2.355096843509202,2.405193850841232,-0.2586975531911706,-0.10942394858256621
-0.1978533937467022,0.2714437282736466,-0.4692971220203488,-2.6270306505812684,3.04267451623506,-0.19992196003836793,-0.05244313239522935
-0.2310505889948672,0.41298351894121854,-0.6440341079360857,-2.5170970336004794,3.572251438154214,-0.2518781652506865,-0.08377658927386922
-0.14002385371573944,0.3010899667002507,-0.4411138204159901,-1.5135315677624988,2.927649600823507,-0.15479639795330846,-0.08377658927386877
-0.23742915977174184,0.4225914636622752,-0.660020623434017,-2.950682587674093,4.109484179803117,-0.23968469374269408,-0.06643642678295414
-0.17983758728247878,0.15751700072878672,-0.3373545880112655,-2.0258031696892895,1.657933693835661,-0.1982586619119595,-0.08367214095891828
-0.13032834299138318,0.04485768745581131,-0.1751860304471945,-1.3858964491627337,0.5514751229425912,-0.14119728012909616,-0.16981509175846965
-0.16069402077463568,-0.017161870426772752,-0.14353215034786293,-2.0293140380070196,-0.13086988878492897,-0.18536474970177508,-0.1318064188009892
-0.16686119230802476,0.7675683431528666,-0.9344295354608914,-1.3718495707012537,4.962166665217621,-0.20713430944611932,-0.06021186800007916
-0.15810521828980684,0.2738064211542999,-0.4319116394441067,-1.7953555414511198,2.761342646922711,-0.198198410858205,-0.05444733473442531
-0.1843329918840696,0.11501083409978863,-0.2993438259838582,-2.0114220256380477,1.2143702368788452,-0.189025483379876,-0.10065083435889532
-0.24169937071560477,0.38860719581169634,-0.6303065665273011,-3.0972158714343045,3.9316373814175676,-0.24189414664588793,-0.08669710030999933
-0.25913891714201664,0.19764830716515736,-0.456787224307174,-3.590861181916928,2.26766352557118,-0.25002803485858716,-0.17546477842543007
-0.24641611638870897,0.36011309220758037,-0.6065292085962893,-2.9967861874516375,3.485404328228842,-0.2751431992636977,-0.07961218817413207
-0.23471651345869005,0.31493873979912546,-0.5496552532578155,-2.4989086684765445,2.7711251576467446,-0.24103081430240414,-0.0807791228405339
-0.19851549784002487,0.11584728169244851,-0.3143627795324734,-2.5682243647190783,1.3824120036354748,-0.22057355417764424,-0.07755922549409566
-0.28937235222522617,0.47323701015047326,-0.7626093623756994,-3.5686252594089525,4.288603952722515,-0.31189099084060445,-0.04817214446162277
-0.1925942439446825,0.07284135046189388,-0.2654355944065764,-2.5405817683602896,0.9367931277080996,-0.2242537612495592,-0.08077912284053379
-0.09158311821750686,0.192331690844594,-0.28391480906210087,-0.7595309021555621,1.694082982768391,-0.1846025872759649,-0.08644099378695747
-0.1549204575065256,0.18918488623388052,-0.34410534374040613,-1.78861813959187,2.023954344258794,-0.17175594681946993,-0.05696784493633367
-0.16581604412283524,0.3992998327598729,-0.5651158768827081,-2.4285602422297106,4.853375405465269,-0.18383060534007112,-0.04817214446162277
-0.11337426180769183,0.17981833155481008,-0.2931925933625019,-2.0378709691404713,2.964328802849668,-0.12448871482888191,-0.05768828511481794
-0.25715616810301334,0.31216031860098714,-0.5693164867040005,-3.421621673547629,3.3088477605883857,-0.27841767973002696,-0.07222568669864071
-0.2609139658403272,0.4668843097725883,-0.7277982756129155,-2.7260943165199962,3.7520771299408278,-0.2597381357789701,-0.10145676917909907
-0.17392420213290272,0.27493323843306294,-0.44885744056596566,-1.8397795394463043,2.5762736210273474,-0.18446724961009087,-0.08302973302052374
-0.2869192766457562,0.7974076551221652,-1.0843269317679214,-2.7913724746953665,5.365786382822849,-0.3055910012256541,-0.05479948966935333
-0.2681190199072935,0.3790946330163456,-0.6472136529236391,-3.3572211629354194,3.666476869724218,-0.2700753602344732,-0.0862929583575267
-0.26791890212838143,0.3138031042023943,-0.5817220063307758,-4.039220403416813,3.687205762035297,-0.27507030232660845,-0.08326427003074821
-0.2634251848421556,0.28300504926259373,-0.5464302341047493,-2.901046320288571,2.5455232395213265,-0.2671614787856562,-0.1124252347354221
-0.09809558798436735,0.11013378414302721,-0.20822937212739456,-1.0981660803022069,1.2799391293897604,-0.11503910193227296,-0.14925698780507446
-0.062077921055929575,-0.12163216291162171,0.059554241855692136,-0.5081715687669435,-1.1295640077631686,-0.10589303162464325,-0.22762284247461317
-0.25991099370925885,0.4831750481508552,-0.7430860418601141,-2.9693506370148435,4.196154934101235,-0.2844608052261667,-0.05125184571071573
-0.29137036952891615,0.7226169873470025,-1.0139873568759188,-3.5653303800704745,6.158202993377634,-0.3081737449294796,-0.03422922340405288
-0.2947207021536309,0.49742072598592535,-0.7921414281395562,-3.521052279668789,4.353471615338361,-0.2902354545098955,-0.0431042629983045
-0.2353855171896968,0.5647108364823961,-0.8000963536720929,-2.3857005387845027,4.380067419422225,-0.27161833322246987,-0.04826507666512703
-0.28508561097315466,0.3889432052355175,-0.6740288162086722,-4.106073385970229,4.198639867547351,-0.3033237653966857,-0.08377658927386922
-0.31518607933237,0.5394984807613665,-0.8546845600937365,-3.52533992630683,4.300246075124453,-0.28934747320687026,-0.03999557064182302
-0.2008529427021155,0.24093310018736114,-0.44178604288947665,-1.8993571873624833,2.0392840853014778,-0.23281433538836604,-0.12352766142317595
-0.04627604217852965,0.0021455577171398676,-0.04842159989566952,-0.5724546597505764,0.09632010845790236,-0.10138663290978889,-0.09668090317901801
-0.3024988239753412,0.616705472140507,-0.9192042961158482,-3.968332141957333,5.677953407633136,-0.3004224904886499,-0.02384265338932179
-0.1694086474728379,0.23544669963137155,-0.40485534710420945,-1.8788382078364716,2.3396599427604965,-0.16223531532257318,-0.09247578665327028
-0.20327252656875183,0.49037265830029164,-0.6936451848690435,-2.450407980031731,4.699967549255119,-0.22409674320400141,-0.05254939087238497
-0.2755672376776923,0.445087350086548,-0.7206545877642403,-3.643816179469575,4.405387363783058,-0.29925938677892294,-0.07485154405502759
-0.12753473869580711,0.13631733617076325,-0.26385207486657036,-1.8114974820449037,1.84376042608343,-0.16034155352966273,-0.12628689127326354
-0.2156840279367046,0.101359205931431,-0.3170432338681356,-3.0959622289305,1.3207994323040015,-0.21334926267333498,-0.1617931072822425
-0.1442974425392627,0.2722552603360566,-0.4165527028753193,-1.4152584568733286,2.4475737121225594,-0.1467255595061281,-0.09966491380058629
-0.17188556454522952,0.3660146629353198,-0.5379002274805493,-1.6971460756896748,3.110438040148684,-0.2192375600387223,-0.10789497378269663
-0.2269121751470976,0.44488599557729236,-0.67179817072439,-2.556206211185335,3.973597283746181,-0.24662388079435882,-0.04826507666512703
-0.21911245582552652,0.3018068968021148,-0.5209193526276413,-2.6253637139398416,3.005539834910091,-0.22511400751472066,-0.08961691586601361
-0.19970140336363384,0.5252810738423315,-0.7249824772059653,-2.2305178263018384,4.62753854586821,-0.2295293630675842,-0.0650825485359019
-0.3196932646817907,0.6083804667197543,-0.928073731401545,-4.247711751841096,5.620597094217225,-0.3233685214227542,-0.024060843618332606
-0.12979994185236765,0.09797501983584089,-0.22777496168820854,-1.3999474511652297,1.0892746035718477,-0.16878402939234882,-0.09529713913175875
-0.17252195628299205,0.3099592148923498,-0.48248117117534184,-1.5991245898651527,2.560775945967048,-0.20012851791889696,-0.09296110587645412
-0.20921155466982932,0.2505950429078563,-0.4598065975776856,-3.3462200256830674,3.346895556098641,-0.21225264587264103,-0.0481721444616231
-0.2151683075275752,0.12964063512670165,-0.34480894265427686,-2.8492612641711195,1.5461939413415045,-0.23994960419666245,-0.13422974336476368
-0.24004177469987031,0.33633125268536346,-0.5763730273852338,-2.4513923192511515,2.8104664142063216,-0.25053006992682736,-0.10145676917909818
-0.2929490080042053,0.4757826569811121,-0.7687316649853174,-3.3397531055205874,4.001044889570808,-0.30492405915932497,-0.06566358794373572
-0.11155401813765642,0.3479989446030398,-0.45955296274069624,-0.9476524919020247,2.8089278084155143,-0.1455417739981789,-0.053587911708382396
-0.21161197306395418,0.3675996189649786,-0.5792115920289328,-2.3587589677750773,3.378728249409613,-0.21702312038085247,-0.0552175615045406
-0.1420998490733052,0.1352615793536871,-0.2773614284269923,-1.9588793541800793,1.7512323876286524,-0.14680779598594818,-0.07485154405502747
-0.17935914738379877,0.4763153867146359,-0.6556745340984347,-1.6776231806336197,3.6977125448875414,-0.2050662054559511,-0.07887458069252073
-0.16966826510168498,0.1986997029277291,-0.3683679680294141,-1.8375781279785077,1.972301842642605,-0.17875244453240546,-0.07679884349326804
-0.254745857582959,0.36007605529739206,-0.614821912880351,-3.3137028140974922,3.680209194215457,-0.25313649215870315,-0.10145676917909874
-0.19187240580422738,0.21833340714106053,-0.4102058129452879,-2.205570073164245,2.205930573389292,-0.22432869243568365,-0.09681598682390546
-0.26390509026481435,0.6417150238077232,-0.9056201140725375,-4.020587879397742,7.119539018411037,-0.27616879554182816,-0.03514695517055744
-0.20250081493089045,-0.0034485760414213473,-0.1990522388894691,-2.488549686604732,0.042669572625925474,-0.21184097536501445,-0.08930727196796151
-0.2603934373768999,0.34075814397564663,-0.6011515813525465,-2.808584195877511,2.9449048513798766,-0.28649538376633865,-0.07257336174048556
-0.23903484225169835,0.11862136895783326,-0.3576562112095316,-2.7081355272935643,1.2314077876463956,-0.2343145007359232,-0.10418939942414263
-0.1390685692170709,0.30499030881029876,-0.44405887802736965,-2.365068384460923,4.503053696856728,-0.15848508805771844,-0.03188158614602299
-0.2560118779541237,0.7540992592655622,-1.010111137219686,-2.2359905323087483,4.755665843241752,-0.27972557417575306,-0.06939761187751803
-0.16590349445796082,0.24653956507737518,-0.412443059535336,-2.2259319841562233,2.909996134655709,-0.19778295416739222,-0.12502645993055572
-0.12315157048921022,0.264699996172874,-0.3878515666620842,-1.3396678211459434,2.6662342481548023,-0.1467504181546323,-0.06084551507931457
-0.16023211301147922,0.20808798783509852,-0.36832010084657774,-1.947570041886747,2.2917594954091896,-0.16023211301147922,-0.09590311456880873
-0.24968422818197888,0.4703381106714195,-0.7200223388533984,-2.4262364286047515,3.564502211017944,-0.25626684339701866,-0.10485002807491939
-0.28023589857156117,0.6410327378072704,-0.9212686363788316,-2.769672867665989,4.565574958300234,-0.2961181351730132,-0.08630989412193546
-0.07046363935605793,-0.06086998457136117,-0.009593654784696759,-0.5255580747001045,-0.4387475839334694,-0.11514191964779463,-0.21771541032132724
-0.20138859309689783,0.28985058650188367,-0.4912391795987815,-2.2497582271107848,2.7541679532905374,-0.23976527438373707,-0.08099945528118457
-0.22629370890401457,0.7236253533962629,-0.9499190623002775,-3.2406094793377327,7.763590674961485,-0.22977669237422538,-0.04455492484505874
-0.23638977265024075,0.16260360768074422,-0.39899338033098497,-2.6505371810426097,1.615922439106413,-0.2591243808365231,-0.1022798914753531
-0.2127504312659232,0.5096688377161742,-0.7224192689820974,-2.4925827945472854,4.665335190471836,-0.21646974677772657,-0.06077923828781551
-0.23701714531599183,0.5030662691687673,-0.7400834144847591,-2.8581902563259685,4.653555580780392,-0.24612609554182097,-0.0522931864359365
-0.20091026519597133,0.44291030677828624,-0.6438205719742576,-1.6521334610445035,3.05645249900516,-0.22741721531654657,-0.05169720273933576
-0.17622509746710147,0.38540323389710096,-0.5616283313642024,-2.1907472994765143,3.9880064337072776,-0.22667726181720826,-0.06540083857088541
-0.16028892132606376,0.17387535953288147,-0.33416428085894523,-1.4199156448991652,1.5125025490554185,-0.19510025464869662,-0.15542563266013976
-0.28175707109947457,0.6962288479698555,-0.9779859190693301,-3.633693741104991,6.349910589267109,-0.28637871711782337,-0.024060843618332273
-0.2636355254649573,0.41784384124971563,-0.6814793667146729,-2.510527440894595,3.1340233065466356,-0.2848013932108451,-0.06643642678295392
-0.22390859486522918,0.1580595347274929,-0.3819681295927221,-3.54057327975185,2.1448834137896764,-0.22356501777838367,-0.1066274620042954
-0.19067264210931079,0.009988898819235592,-0.20066154092854638,-2.01354110952853,0.1895860387362418,-0.18968848663500626,-0.24947085892151222
-0.2097965986874819,0.35528695995322757,-0.5650835586407095,-2.4254158693062298,3.3808189657474754,-0.20637912539267478,-0.050724912066529404
-0.25645948266884555,0.5975768277442013,-0.8540363104130468,-2.721665524004637,4.704077885679024,-0.26031470064897766,-0.06239455055367227
-0.18738350263973025,0.2539100815410078,-0.44129358418073805,-3.2662567033281014,3.737196295507863,-0.20546738329166814,-0.07485154405502747
-0.2452523618115151,0.21262969036390866,-0.45788205217542377,-2.7516091530441806,2.0373614061301946,-0.2535048547254851,-0.1084616371427376
-0.1881060125066052,0.3607675869474225,-0.5488735994540277,-1.8803070156024595,3.083678492221278,-0.22165750645922122,-0.06648557632814
-0.242923254795255,0.47933126892801137,-0.7222545237232664,-2.317321349148913,3.581311887941388,-0.2970434431506179,-0.0901646869049012
-0.2527792497211624,0.5706156049126578,-0.8233948546338202,-3.4368729121631816,5.800866257693826,-0.2825770810688918,-0.04826507666512703
-0.15500161353548314,0.09233016388809556,-0.2473317774235787,-1.9391113680595984,1.133263658022747,-0.2037204712494074,-0.08537788387219547
-0.23026756626138822,0.3216092350972306,-0.5518768013586188,-2.378555724960842,2.756767392677938,-0.2630651274199878,-0.0656635879437355
-0.15503458987660812,0.19483714350736459,-0.3498717333839727,-1.8095109309504331,2.090591810464638,-0.2018933324079406,-0.10065083435889521
-0.09180412213240596,0.14379615436490778,-0.23560027649731374,-1.1436255580175225,1.7878819565774524,-0.1227242565529244,-0.055609326285453564
-0.2810242445544652,0.624687716228085,-0.9057119607825502,-2.918786112098347,4.680636855124171,-0.28120305682540336,-0.04826507666512714
-0.14429880063974554,0.30280892529478654,-0.4471077259345321,-1.7074947980330442,3.1706162505541737,-0.1465054728900993,-0.11842351440043353
-0.20857594381809075,0.567630496683323,-0.7762064405014137,-3.172084165194929,6.751536586947099,-0.23762116539236888,-0.039671695330650736
-0.14034810843332468,0.27202398407299677,-0.41237209250632145,-1.860863939431309,3.210201846146005,-0.1645430099654589,-0.0639186832540336
-0.35820519701812625,0.6206930905077261,-0.9788982875258524,-4.138836599678407,4.776212432135309,-0.3478221241811066,-0.04817214446162288
-0.1702436357421725,-0.030008365095257172,-0.14023527064691532,-1.9250334403297138,-0.24480186653307173,-0.1941206874210033,-0.2028944873486055
-0.225408115956501,0.3333676725636192,-0.5587757885201202,-3.050595137601667,3.653214846607843,-0.23656292372026688,-0.05828019409969265
-0.18225392049300404,0.5126613670573119,-0.694915287550316,-2.4905587148222823,5.630086357702695,-0.20419984377036238,-0.04826507666512703
-0.18747436481571944,0.32732247790150315,-0.5147968427172226,-3.3349508349872576,4.839106647790202,-0.20157776255242388,-0.038155364574737116
-0.22495185210117186,0.5579119401856341,-0.7828637922868059,-1.9800427284979882,3.8403740009775893,-0.2943715233804667,-0.06808043450095635
-0.21397185486779646,0.2783272069567351,-0.49229906182453154,-3.0850237498983697,3.327679205487513,-0.23367784351004817,-0.029843953644419607
-0.18021741595897556,0.3287036827020684,-0.508921098661044,-1.942676335098885,3.042658025169961,-0.21715437495146073,-0.04817214446162288
-0.34446128005301613,0.632844434616854,-0.9773057146698702,-3.5291442668983204,4.413062303056387,-0.34841429730426,-0.06418234709053883
-0.2395500457555274,0.27311588252079577,-0.5126659282763232,-3.601703642645318,3.328952896325871,-0.2619342327370663,-0.09274453366992785
-0.2516184318418748,0.5366063237951135,-0.7882247556369884,-2.829191727417824,4.530809742309867,-0.29468033825455375,-0.07296219272539173
-0.22558303921519907,0.1371708387357662,-0.36275387795096525,-2.7489568439692142,1.5048716207961628,-0.22457877072585086,-0.08313214842641303
-0.21500359269810287,0.3073753033998552,-0.5223788960979581,-2.1682375675417425,2.625341939294566,-0.24217960270555705,-0.07937264922434983
-0.25381166592784443,0.20495448899855662,-0.45876615492640105,-2.347572560787274,1.6759660004020993,-0.2538120042895101,-0.12384528067372536
-0.14313347800434695,0.18175426785068427,-0.3248877458550312,-1.5873026241118382,1.898144751106926,-0.14169654662628184,-0.06786469597169054
-0.18777577652152455,0.3478316092435161,-0.5356073857650406,-2.1595829016027266,3.363989888511938,-0.1860374578552464,-0.05733874400799155
-0.16266120508244397,0.4437905080995417,-0.6064517131819857,-2.1139834474605093,4.78414300777874,-0.20464477203152032,-0.04826507666512703
-0.16047789000100876,0.5446511676515651,-0.7051290576525738,-1.6988892932968038,4.7105897872235465,-0.18357601729434814,-0.0659586559545624
-0.19479544527962978,0.10140753674170155,-0.29620298202133133,-2.742522701795062,1.3234702979809199,-0.19072105780659154,-0.11657264442270099
-0.20230718171181017,0.1790409820075638,-0.38134816371937397,-2.4491187835843373,1.9258402625972006,-0.20882404530173238,-0.1056799126027348
-0.23276638527503601,0.43856789404158425,-0.6713342793166203,-2.532433851263012,3.7736067484388496,-0.2578641580599885,-0.05803259185392007
-0.24065266041216127,0.45904824234373565,-0.6997009027558969,-2.8098226160573168,4.162714163136358,-0.2472630297740831,-0.0748515440550277
-0.12809781069626636,0.36683452503431524,-0.4949323357305816,-1.240195695799947,3.1956973407791387,-0.13853181467015974,-0.09688122484517325
-0.21595694842475444,0.3628859135096629,-0.5788428619344174,-2.1261856851879073,2.9742359858878906,-0.2203013365584301,-0.06960062691047997
-0.27403337753719237,0.4290344134868669,-0.7030677910240593,-3.198344619613142,3.8007174739096583,-0.27336715430565917,-0.07485154405502736
-0.2983858766793622,0.4381269324289323,-0.7365128091082945,-3.32435896882691,3.6361244816114895,-0.30411445622371114,-0.06566358794373561
-0.2123143624004874,0.514994331478744,-0.7273086938792314,-2.411470390722845,4.597477997117876,-0.24298653584715146,-0.04826507666512703
-0.23096543489370835,0.4736724755474673,-0.7046379104411756,-2.5396711629865507,4.077123718834217,-0.2524049922573154,-0.10417208542516965
-0.21698256612611144,0.5037445008084309,-0.7207270669345424,-2.3338087585885154,4.273994886051332,-0.22710152297649477,-0.05800152261051916
-0.20666045930441368,0.16407742552933446,-0.37073788483374814,-2.470720362565235,1.768230406913139,-0.20563165190165855,-0.0870205077872801
-0.2437663262194637,0.5133686013130963,-0.75713492753256,-2.760858271297195,4.426631111239426,-0.2727886618188702,-0.03930926095914333
-0.22263893573040017,0.39630963771799843,-0.6189485734483986,-2.1918942481275066,3.1891444747628492,-0.2174919752740586,-0.09408859113514123
-0.22796337620732232,0.2765819076671814,-0.5045452838745037,-2.8247596741128906,2.847070640323805,-0.251304620116933,-0.08947857707273787
-0.24732383665438484,0.2926562592896387,-0.5399800959440235,-3.2136320640814393,3.0785421177095524,-0.24955748930833388,-0.07485154405502725
-0.17212565235475252,0.38891081354520884,-0.5610364658999614,-1.7628952443422312,3.3861190399313803,-0.18355784608408032,-0.05704644806583192
-0.18481927287784283,0.4375299368980843,-0.6223492097759271,-2.1787011458353476,4.216846709199972,-0.18736490129840522,-0.05183404441810735
-0.20118046629565034,0.24929551091861168,-0.450475977214262,-2.3102100825156224,2.4817449330437755,-0.2650871135638103,-0.09075783281837557
-0.22705188072290994,0.48949644117235835,-0.7165483218952683,-2.651556402164792,4.457194438688495,-0.25364665802220976,-0.04826507666512714
-0.24419794251404237,0.45184273708687095,-0.6960406796009133,-2.8198585315777764,4.067331004618726,-0.24845492478885955,-0.050525340596802026
-0.27337976888987914,0.2782955408444745,-0.5516753097343536,-4.223871823893274,3.3929886312624427,-0.25926480480635516,-0.04817214446162277
-0.24756631906626703,0.1533590978702093,-0.4009254169364763,-3.5382822934784324,1.875602576811197,-0.2590751799740163,-0.1014567691790984
-0.20669553196501655,0.29391743755085353,-0.5006129695158701,-2.2609597072557337,2.7316533177852236,-0.2043498473052905,-0.09032162576208314
-0.26871887498036995,0.24335946924078944,-0.5120783442211594,-4.443585885041644,3.1861978606868835,-0.27538861813540993,-0.1096309511086685
-0.2368288276388687,0.37691145122159275,-0.6137402788604615,-2.624565414303314,3.3503342393707496,-0.2701647456847269,-0.05069217425449035
-0.26792068667019475,0.20983894214678545,-0.4777596288169802,-2.409979218052717,1.653032524316676,-0.2560769746341012,-0.12026592768719868
-0.22941555552174364,0.5224341255777569,-0.7518496810995006,-2.0680542317867965,3.705362960991885,-0.24322600998079946,-0.13854456520388236
-0.1667748929862981,0.2934704674413622,-0.4602453604276603,-1.4659844205871402,2.345490823785208,-0.1822227913263228,-0.08077912284053379
-0.21780264666905247,0.3757751538715748,-0.5935778005406273,-2.1339854914548044,3.0435683133491347,-0.2784370016132838,-0.08050876088927994
-0.09989546126748883,0.03560916123358693,-0.13550462250107576,-1.4528648933625317,0.569675517017448,-0.1359884041412288,-0.0957052952176034
-0.20281835292385175,0.29374280933546393,-0.4965611622593157,-2.2956123149221557,2.8222779334573787,-0.22798841213928722,-0.06418234709053905
-0.18714614520230577,0.12509934522022692,-0.3122454904225327,-1.9264660135767369,1.2444051414268107,-0.1783155395227105,-0.11420921625809632
-0.17263464082265534,0.4774714673284146,-0.65010610815107,-1.9577911892472426,4.4244566907927565,-0.2126829211778415,-0.05653451908897589
-0.23520165863635845,0.44736072505237856,-0.682562383688737,-2.5721452498373947,3.838641751048617,-0.24961774102391887,-0.07176166310434129
-0.1720071767594984,0.32489639795849556,-0.49690357471799396,-1.893146370309043,3.0914673452529966,-0.19754480534896035,-0.10890879138883225
-0.17014414158869395,0.5239516987877164,-0.6940958403764104,-1.4858227591135262,3.809677450082446,-0.2111557333769396,-0.1002431341169
-0.22742320208103894,0.12759967879289502,-0.35502288087393397,-2.804669300617043,1.4161541698236058,-0.2531134741399974,-0.06643642678295392
-0.20110309942343496,0.06227432032154456,-0.2633774197449795,-2.9374613434697974,0.8695734533614522,-0.2270105186699104,-0.07183061191411111
-0.19996930760330955,0.3377165992534805,-0.5376859068567901,-2.9934986076884305,4.163297228964094,-0.21289648427092256,-0.04213671028946875
-0.24835925658236757,0.3164906123849054,-0.564849868967273,-2.8145352757709285,2.904455271546224,-0.2657661540807307,-0.10928672731711986
-0.20322263758480796,0.01622042549428171,-0.21944306307908967,-2.0895600928841818,0.24900040465985818,-0.20218937199453912,-0.1661940374994879
-0.2661157824889022,0.611778276363288,-0.8778940588521902,-2.7397526834545487,4.627295270117154,-0.2852236588940462,-0.04826507666512714
-0.26413874180298447,0.3072036154124531,-0.5713423572154376,-3.278848612127879,3.0304821158875757,-0.27950340173487787,-0.08377658927386888
-0.15818068380655947,0.1535741225296463,-0.3117548063362058,-2.1243322036653205,1.902429479694942,-0.1946113341810516,-0.12010978850449261
-0.22242347125273843,0.4794342745748401,-0.7018577458275785,-2.6395315614823405,4.469537272573877,-0.24744221436191538,-0.033720140189416714
-0.07468830735491883,0.04957279024204442,-0.12426109759696324,-0.6132530736345773,0.5456009155179694,-0.16857347321344807,-0.12672698407461336
-0.23163633116716398,0.5118665615462776,-0.7435028927134416,-3.4081732242903433,5.792025155877384,-0.25922326064497747,-0.030901422165585224
-0.22421699132049555,0.5769935752197013,-0.8012105665401968,-2.122548697722622,4.21163240844417,-0.2575209215179466,-0.059054645690719054
-0.12340559513902849,0.19603909171606304,-0.31944468685509153,-1.3940514309687722,2.1069311623108384,-0.17857437196301384,-0.08166846095772518
-0.12187946044770748,0.019825390846044844,-0.14170485129375232,-1.1801036894336996,0.28513440506721044,-0.18983923855631768,-0.17665740145877595
-0.1802739823148286,0.36445803170318025,-0.5447320140180089,-2.307107985314271,3.8856386884361283,-0.24153857007341184,-0.04817214446162266
-0.17093428167509217,0.06874275192857104,-0.23967703360366321,-2.295459801968492,0.9121238476697971,-0.18540484490682063,-0.13208812175086715
-0.25420081082362544,0.6451541226485848,-0.8993549334722103,-2.6190453481814226,4.880000776632271,-0.27981516401548356,-0.06705338651010218
-0.11581090452175002,-0.07813883867122517,-0.03767206585052485,-1.3731035959759064,-0.8840034919794384,-0.1258432587189635,-0.19346667871971612
-0.21176750178337045,0.2630900334447299,-0.47485753522810037,-2.40143388999303,2.5423907596956448,-0.27732730782774073,-0.12432365863096084
-0.17535946589831664,0.20591516064841797,-0.3812746265467346,-1.6575756694712256,1.8150480090877514,-0.24543781556111743,-0.11922389848142179
-0.15833321973122516,0.33460169042352983,-0.492934910154755,-1.7271920253121378,3.174334263832993,-0.22525158160976588,-0.11179991248207821
-0.19541406936169092,0.3793075378984425,-0.5747216072601334,-2.2043899600669707,3.556643839915089,-0.19899351844254043,-0.10878080554148606
-0.19957722446231385,0.5719679751212914,-0.7715451995836052,-2.091355166175431,4.689016927918532,-0.23635937711670552,-0.06722767536193497
-0.2575446692105532,0.32479142507105396,-0.5823360942816072,-3.387781981047689,3.3741157203439562,-0.2696182332664373,-0.083776589273869
-0.3450086115016944,1.0231496392108266,-1.368158250712521,-3.4256336071746305,6.342306911974203,-0.3435941671748024,-0.04826507666512703
-0.15930197470525642,0.19878906154643405,-0.3580910362516905,-2.074237569203814,2.3356873124686217,-0.18552317954811526,-0.08166846095772529
-0.30281665678441794,0.5777063097598971,-0.8805229665443151,-2.94773047342662,4.0604878969095575,-0.30274356640959854,-0.0678901806877581
-0.2574095135856246,0.14962809276357025,-0.40703760634919484,-3.5514837138594344,1.758095275574308,-0.2682654018295566,-0.11095871378396638
-0.29409516630060106,0.3527558427356643,-0.6468510090362654,-3.5616357300287844,3.255696398564449,-0.31365665494823225,-0.08377658927386922
-0.1773719033405876,0.3139524089627279,-0.4913243123033155,-1.5633492653228762,2.4737851829274526,-0.2087189480520275,-0.09608291978301198
-0.2750154636585267,0.2258051177059135,-0.5008205813644402,-2.9624587346578437,2.0235427188341166,-0.2965146935415315,-0.1135828083096091
-0.1961341927729523,0.33704265077761586,-0.5331768435505682,-2.012874936007746,2.9348653592590614,-0.22332774729135751,-0.0858938727859958
-0.26940806855465504,0.45660721635372736,-0.7260152849083824,-2.858152076176795,3.698942880475769,-0.2731941569786085,-0.07850407777537072
-0.04514748157838355,0.02612726372064955,-0.0712747452990331,-0.38918240599375953,0.3551256488354203,-0.13592960862918935,-0.09325939302381336
-0.23612815742646065,0.4401165005366867,-0.6762446579631474,-2.652103408504822,3.8738015583301144,-0.2481079368459147,-0.05552984238766512
-0.3148252509075993,0.7230823406751989,-1.0379075915827982,-3.589712393632458,5.612291922690981,-0.31602230330654746,-0.03062473211839367
-0.23756692477424823,0.48536638474561156,-0.7229333095198598,-2.2225184860816416,3.569467669657107,-0.26154740793229525,-0.06377828626360094
-0.1984195206592021,0.31811107839034136,-0.5165305990495435,-3.0591258249755846,4.0610574000490365,-0.20146385277049017,-0.05828019409969276
-0.17726276215991565,0.3913327599417731,-0.5685955221016887,-2.0518651308642286,3.7937023357247295,-0.20243577134870083,-0.06942938376280017
-0.24971306045013741,0.3273260598715213,-0.5770391203216587,-2.972718993602843,3.1123452242086938,-0.25705559329603056,-0.07485154405502781
-0.2786790771177128,0.4041849697737818,-0.6828640468914946,-2.912552834396175,3.2627813569382336,-0.2898934037700541,-0.06255909220839029
-0.18738947931005812,0.14856583449413963,-0.33595531380419774,-2.246354114656953,1.6406250330234087,-0.21358252157665314,-0.06702833550208176
-0.2026746994258013,-0.07267913062031961,-0.1299955688054817,-2.428439144029209,-0.7523612887218869,-0.22585959930068333,-0.10996251387055933
-0.2278230304971025,0.3111558911595509,-0.5389789216566534,-2.4062557220478977,2.7416006021198194,-0.2522182637926347,-0.06770705071250205
-0.2105372676982602,0.3486654562142022,-0.5592027239124624,-2.1554945356459214,2.987446454608334,-0.23487885028563482,-0.05889557715587135
-0.26773740109231536,0.5951269340117256,-0.8628643351040409,-3.6257633416570063,5.902992173588666,-0.29512582632281714,-0.02933286777496169
-0.26353207894739317,0.5844937065136557,-0.8480257854610489,-3.328216357010382,5.435521230999474,-0.2727483806117551,-0.04826507666512714
-0.15763701659227725,0.18419741088367436,-0.3418344274759516,-1.938161017600366,2.087055363264266,-0.20538867412305872,-0.08565974738998383
-0.2805127763232298,0.4107941488550819,-0.6913069251783117,-2.9813294435823723,3.350827117118855,-0.27193825934765414,-0.06418234709053916
-0.12282907606721638,0.26350400644155014,-0.3863330825087665,-1.2846681643774032,2.5676380260611213,-0.1901983351499683,-0.06813578757969285
-0.23993239410757605,0.5804605701764687,-0.8203929642840447,-2.4740011812184752,4.527677209233588,-0.2647537210353421,-0.04826507666512714
-0.16936915006145337,0.2258274475901505,-0.39519659765160386,-1.63851477128746,2.014107533824795,-0.243225176785422,-0.08377658927386877
-0.2611194396591501,0.3191916280702225,-0.5803110677293726,-2.6316918820742092,2.6126838973595614,-0.27679136840924634,-0.0957052952176034
-0.23407091789218226,0.38982751451457265,-0.6238984324067549,-2.2715003411279526,3.0665446294643837,-0.284136225940803,-0.06626211859065267
-0.20581828641381905,0.27067191806565916,-0.4764902044794782,-3.0818212384918717,3.3932915711723717,-0.20773062723083846,-0.04817214446162266
-0.20824640461040855,0.36698804198528956,-0.5752344465956981,-2.232505807359235,3.261791901951797,-0.22202983487461136,-0.061078226576581685
-0.11771387630694108,0.13412290860844456,-0.25183678491538564,-1.2637887205105738,1.447821215074091,-0.1675237080481311,-0.10258532980015977
-0.23515663500718742,0.3577749770868457,-0.5929316120940331,-2.3980312571051288,2.981725132997179,-0.23515698182804112,-0.09073086442803058
-0.27872970713483414,0.46952402751139943,-0.7482537346462336,-3.333605844646815,4.203657502746958,-0.2771721344830198,-0.04826507666512714
-0.1102156739801784,-0.004062979247050236,-0.10615269473312816,-1.2686203544568069,0.03221121514723697,-0.15667810113363323,-0.10340240304233272
-0.12045775957415006,0.17367957684309543,-0.2941373364172455,-1.4027225271757842,1.936951576809905,-0.143497996022093,-0.08263005597826734
-0.14155807271818988,0.3007003545887734,-0.4422584273069633,-1.6680606875360273,3.132226524963538,-0.17145685190446291,-0.048265076665126916
-0.20327375820841864,0.18554176402910771,-0.38881552223752636,-2.2573827936565003,1.8431688507731943,-0.2478497320294658,-0.11987418136742911
-0.19062089626389078,0.10242104463989943,-0.2930419409037902,-1.9382983500938615,1.0336208849006503,-0.22123009517609837,-0.13387240314326931
-0.1949668750176332,0.4193491880346025,-0.6143160630522357,-2.1253319365212553,3.754169075398659,-0.2140971941556652,-0.05254939087238486
-0.13380753034420456,0.3671233291464848,-0.5009308594906894,-1.395112111215974,3.3927676473111763,-0.24710547729755217,-0.08327320031490293
-0.1410567195582979,0.14816862815358856,-0.28922534771188646,-1.7088189797969426,1.7144966581978638,-0.17147486484474517,-0.14430001866780018
-0.3000053583965856,0.6109838747087946,-0.9109892331053802,-3.5273917610345635,5.0734468832072634,-0.31175425567507276,-0.04826507666512714
-0.20016567140435193,0.15322016277012485,-0.3533858341744768,-2.475788565136421,1.714818357302225,-0.22951906897800323,-0.08887947628165649
-0.20738679214450217,0.36809776207608436,-0.5754845542205865,-2.623515185754736,3.810717796738887,-0.2138131680963693,-0.07755352498235724
-0.13573637731766652,0.36433926339644485,-0.5000756407141114,-1.551988399732744,3.6465472879898226,-0.17094555057305383,-0.06175207395614035
-0.12377804795921077,0.11951513026318672,-0.2432931782223975,-1.2588443351239347,1.2490693631467373,-0.18665939546229138,-0.11475508006414037
-0.06585926626539373,0.03805903007512246,-0.10391829634051619,-0.6336550271162031,0.4831104726927315,-0.11566582245331991,-0.10227989147535299
-0.2417226555817138,0.3995914466672723,-0.6413141022489861,-3.030471244331783,3.926416905763578,-0.2687621598619484,-0.11394498462047187
-0.3173124649126695,0.5092356596804928,-0.8265481245931623,-4.246441991436563,4.811428992789335,-0.3303722567282338,-0.04817214446162266
-0.1941875733489956,0.260722530051976,-0.4549101034009716,-2.1900667577554946,2.5510372547733335,-0.219773566143738,-0.12162469568535417
-0.12971599336323403,0.2368613358411389,-0.3665773292043729,-1.3629161451472755,2.3320286901957012,-0.17983454357864814,-0.05449230739167543
-0.2358187100733018,0.24690683353726128,-0.4827255436105631,-2.5058258016394834,2.2451049490600146,-0.2573040852132702,-0.07755352498235724
-0.11223619273212104,0.28819726877502494,-0.400433461507146,-1.2262337548261941,2.9147900576027785,-0.15022557688259963,-0.05816683520368238
-0.26859429149430103,0.5561748749007811,-0.8247691663950821,-2.758940422128493,4.236103648810934,-0.27793337930091966,-0.10266247266740691
-0.19396357319386648,0.4057444268475243,-0.5997080000413908,-2.0881068975788324,3.6167519873520684,-0.23850138665583986,-0.04826507666512703
-0.2653309720541853,0.4335498041698016,-0.6988807762239869,-3.09271631577195,3.8498380526352673,-0.2681403226419765,-0.07407648467068328
-0.19388855164587704,0.2940702637065393,-0.48795881535241636,-2.2896709247004634,2.9616988572257177,-0.192739680227626,-0.08250091291921136
-0.22887965623198803,0.30560493810497014,-0.5344845943369582,-2.3311117582459264,2.6151592623599127,-0.2633375526954762,-0.11858267122621036
-0.136215668098969,0.3189462444413065,-0.4551619125402755,-1.5344905128743944,3.196858342186372,-0.14618800515720476,-0.13352827789341615
-0.22023074788995856,0.21476833480546875,-0.4349990826954273,-2.3308882847654924,1.9927488261570585,-0.240182736341655,-0.10413520108812291
-0.22113973746005366,0.305489805373762,-0.5266295428338157,-2.4342032702344247,2.8114699888864703,-0.2533748064232859,-0.09792555387850599
-0.2555296437926715,0.6308031165862598,-0.8863327603789313,-2.30404190427197,4.239344518304878,-0.28394109569989157,-0.04826507666512714
-0.2250183367698192,0.31806124075148867,-0.5430795775213079,-2.5750441031036857,3.007461119377602,-0.23207750844865904,-0.07485154405502759
-0.27825747555674185,0.5379467160880886,-0.8162041916448305,-2.7975997323010753,4.015383413170581,-0.29765953327160055,-0.10145676917909852
-0.09975835830723423,0.12451088395370569,-0.22426924226093992,-1.0336771751942087,1.3405574581314235,-0.16118107246382574,-0.08712816029025194
-0.25550324188317797,0.7894091408729895,-1.0449123827561675,-3.2504025610005143,7.154735323050847,-0.27987947319302353,-0.02470933143035403
-0.2471856663471783,0.45146512567263675,-0.6986507920198151,-3.6285896219644864,5.0855047097656225,-0.24456624543212102,-0.07485154405502736
-0.16683405868504886,0.4423396494562317,-0.6091737081412806,-1.9865063649378518,4.371160210202705,-0.13581555222791153,-0.07485154405502759
-0.22943861859350578,0.2682503591882792,-0.497688977781785,-2.7872156532274412,2.717930321482203,-0.24888368513979087,-0.05705323409115959
-0.2702582621199957,0.40902437593781626,-0.679282638057812,-2.7841538903731835,3.286640126118782,-0.2783008918416239,-0.07114871678144707
-0.18743464713120195,0.24657449279424526,-0.4340091399254472,-2.210651991630645,2.538821247688823,-0.1972385308827821,-0.09091928847540687
-0.06005955417315134,0.1316132718339975,-0.19167282600714886,-0.5817567042727892,1.4235413800768937,-0.16983755143157764,-0.12461744718507661
-0.18109572636961668,0.33310337259291267,-0.5141990989625294,-2.2321728675679444,3.479524272523202,-0.17719799031883232,-0.07485154405502736
-0.18952779471014036,0.1806658693081491,-0.37019366401828946,-2.2798690823592738,1.9548738261647916,-0.2210313851859642,-0.10875223801732448
-0.14878910496757713,0.3132365852166801,-0.4620256901842572,-1.5619541818709428,2.9269558766065145,-0.1851682255230538,-0.0770455315912647
-0.1360382860919429,0.15192852737783835,-0.28796681346978126,-1.8070583082996163,1.9006721066067462,-0.15104726162701965,-0.04817214446162299
-0.20317175273849708,0.059104672681903114,-0.2622764254204002,-2.9996932572681114,0.8429470224582154,-0.22693506816957532,-0.13001845867475625
-0.26903776642716437,0.1926138239152564,-0.46165159034242076,-2.571434799315675,1.6153839058877277,-0.2673330799193425,-0.1643466908407225
-0.3110663665854403,0.529774478804883,-0.8408408453903233,-3.123961184155628,3.8423326902379635,-0.3193669823058458,-0.09148460725892771
-0.3070319892594219,0.6016687754946186,-0.9087007647540405,-3.5760736004756843,4.94731612875667,-0.3201924707131456,-0.04957431321586858
-0.23459425009820845,0.5154110515537491,-0.7500053016519576,-2.597129180430113,4.395576833984109,-0.23203350485902718,-0.05716704446284537
-0.3088803286164665,0.7061779703389353,-1.0150582989554018,-3.043063463319613,4.806875823582961,-0.3115213626154857,-0.04826507666512714
-0.23796863185457617,0.6244101462640588,-0.862378778118635,-3.448462828552086,6.806344571656946,-0.23705886740459203,-0.05933749602481764
-0.171012526529998,0.25405389388223343,-0.4250664204122314,-2.104077530506726,2.7526352107954275,-0.16977328456858798,-0.04826507666512703
-0.276622870306106,0.19437128113607027,-0.47099415144217627,-3.0787727263458495,1.824353486249869,-0.2900037739391643,-0.07485154405502781
-0.16203612546019208,0.08961309875926893,-0.251649224219461,-1.57215558670579,0.9070428730744009,-0.20723653566108835,-0.11073396350312958
-0.16461518535786124,0.14158848789918643,-0.30620367325704767,-2.008239476752131,1.6176124794400961,-0.20961611510053169,-0.09684711814519209
-0.12420395708912202,0.1287106620354006,-0.2529146191245226,-1.2009163437014865,1.2822032178023368,-0.14711475800733886,-0.10803756631719397
-0.11656319452656905,0.27585824023828565,-0.3924214347648547,-1.5007157394573551,3.233521652455665,-0.14259578102495007,-0.0496422841976345
-0.16119435642277358,0.17163103055409956,-0.33282538697687314,-2.490507417355692,2.374671121119877,-0.1715640930875495,-0.07485154405502747
-0.11007743538686132,0.3420017247382534,-0.45207916012511473,-1.2383676817167195,3.4874256443888756,-0.1662264536021808,-0.06076615360801496
-0.18610552064283037,0.10840017957114045,-0.2945057002139708,-2.3913988007827434,1.3094187147031466,-0.20207653237935908,-0.1015217224835192
-0.2797437995577413,0.22751097383936925,-0.5072547733971106,-3.381717853424893,2.243681002743653,-0.2846950510769214,-0.1346963209358487
-0.04233045901723853,0.2787741943335622,-0.32110465335080074,-0.625700249842907,4.056768050580154,-0.09521625920303611,-0.04353587282995375
-0.21620000328473954,0.4207267815988267,-0.6369267848835662,-2.5705759121439304,3.9986212792370615,-0.24956740187813475,-0.049124301900862144
-0.22999627327443561,0.5060442544604091,-0.7360405277348447,-2.8193755367548357,4.781381764109885,-0.2296169915277919,-0.046754966137865006
-0.2020349930817088,0.4818796572077926,-0.6839146502895014,-2.1431437945039926,4.094981369853386,-0.2243381083725846,-0.04826507666512703
-0.16126104353840875,0.45275521570440835,-0.6140162592428171,-1.6099188192351046,3.812377250308912,-0.20997921996643276,-0.0748515440550277
-0.17544306847706592,0.3545975622722035,-0.5300406307492694,-1.5689657871394385,2.7803091442757024,-0.21781025527446052,-0.07248042856130088
-0.28434156624898543,0.448403545926753,-0.7327451121757385,-2.8126461225515342,3.37213043431418,-0.2815626595784345,-0.10082268005241024
-0.24237166203706062,0.08183018771171735,-0.32420184974877797,-2.71433741314301,0.8816912757707075,-0.25072163555858396,-0.135044539172807
-0.1710225793681659,0.3354968152122957,-0.5065193945804616,-1.8164182135920606,3.077756298872603,-0.20393866042907371,-0.11884502512948625
-0.23833609321782234,0.25595846816312307,-0.4942945613809454,-2.510649255129366,2.290477755958778,-0.2798398698090837,-0.07485154405502759
-0.23083269847809817,0.5642392003244541,-0.7950718988025522,-2.8857234014437623,5.3564432688554495,-0.22071816461875782,-0.06346775991248921
-0.17132170723346807,0.329223586278375,-0.5005452935118431,-1.7067763832243297,2.8571924596587563,-0.1982341223093973,-0.08275561908638918
-0.3042705801229998,0.6739183302829925,-0.9781889104059923,-3.9579392376264817,6.092466003413985,-0.3094168749212717,-0.024060843618332717
-0.18723266175472397,0.24008652285651255,-0.4273191846112365,-2.1532678218033756,2.429890194446249,-0.23364811655407558,-0.08077912284053379
-0.16946602753901308,0.257713113201852,-0.42717914074086505,-1.5788029834104198,2.193491775573025,-0.23288953538494295,-0.1434873475847509
-0.3307556416200833,0.3851197618006539,-0.7158754034207372,-3.4252738117428767,2.9626539615848557,-0.3362719220129785,-0.08496180300908307
-0.1943099906893645,0.3597648225297003,-0.5540748132190648,-1.958612609330638,3.059264400613156,-0.21247870271954739,-0.06100920251876574
-0.28625095748895757,0.387874686353171,-0.6741256438421286,-3.4415153794915625,3.5356264081314976,-0.28489444878196624,-0.07999337725018907
-0.05211657854774976,-0.012740316715703637,-0.03937626183204612,-0.5253301642768694,-0.0663300518482863,-0.11790347585239613,-0.17143589925359004
-0.20331854940221294,0.27613217036007764,-0.4794507197622906,-2.595099014753474,2.9630789555139616,-0.2130564582941431,-0.08943971009733842
-0.19469697759321714,0.4392224573069283,-0.6339194349001455,-2.394035435086497,4.362244869374539,-0.20749778255887175,-0.04826507666512714
-0.2475502420020188,0.26059548322319026,-0.5081457252252091,-2.4243768943580375,2.168624278585711,-0.2428500250554647,-0.11584136527255151
-0.15243726746295372,0.12314511024146202,-0.27558237770441574,-1.6477895248233665,1.3116569088817005,-0.18048983557652254,-0.07030456686029718
-0.1515587112229957,0.007319120010774727,-0.15887783123377042,-2.6791140958017,0.17571656906852726,-0.17655108073868842,-0.13595189087580706
-0.26724197889781964,0.8222560953864331,-1.0894980742842528,-2.583041806860146,5.5629446591983305,-0.26274740008981323,-0.05913854489909098
0.004476027740025756,0.15716794139307666,-0.1526919136530509,0.14233844242502608,1.415808803276714,-0.12189081103431454,-0.11324649975239698
-0.16807644628886242,0.254472175471655,-0.42254862176051744,-1.9196736056817023,2.578450585444752,-0.20787240364333515,-0.07769545301989544
-0.22066304585779073,0.4626521029679109,-0.6833151488257017,-2.4702490546384825,4.085102656936303,-0.22916335017558742,-0.04826507666512714
-0.18266732267084385,0.3781937335751999,-0.5608610562460438,-2.4497322957892465,4.194648975350388,-0.20440217340729327,-0.04817214446162277
-0.11398483617723332,0.003923125738440447,-0.11790796191567376,-1.7806291575867526,0.11974715846009483,-0.13358907762537708,-0.17379271076488434
-0.16544430574723545,0.40823346433322616,-0.5736777700804616,-1.8336655671555118,3.8104155717869967,-0.17009331792538784,-0.04826507666512703
-0.19929249223086243,0.24688765926784972,-0.44618015149871215,-2.50750545968041,2.6807187978239226,-0.19732379537906708,-0.07575214009699649
-0.2263856844894746,0.39516867186866156,-0.6215543563581362,-2.2746387042411116,3.2241778403827657,-0.22760824981669037,-0.06418234709053894
-0.19747272861735943,0.12942859204868395,-0.3269013206660434,-2.260261113030212,1.384713173441245,-0.22498850263169534,-0.16045834163735506
-0.0521570594384827,0.2994998515409306,-0.3516569109794133,-0.43622976176046985,2.7192546198248615,-0.14537661043486272,-0.07766498140822176
-0.22787781214715486,0.3633292712607452,-0.5912070834079001,-3.041606344724456,3.8795184043836604,-0.2548225149770673,-0.06338679163823124
-0.22664131140778077,0.2283087458951476,-0.45495005730292837,-2.6416688222185787,2.2803600254516465,-0.2501528349390578,-0.08534217999206217
-0.2239509546941093,0.444122223300341,-0.6680731779944503,-2.7998979205425223,4.374485769449656,-0.22415028945516235,-0.04854211087232163
-0.17506365996470752,0.060328403403703046,-0.23539206336841056,-2.5603830229284235,0.8622884428807724,-0.19565229288217323,-0.07097964096098419
-0.13136523487939877,0.15797964398149555,-0.28934487886089433,-1.611280541304824,1.8392932523225132,-0.15537438296534012,-0.0962489069016399
-0.22527835191817747,0.4702388899001735,-0.695517241818351,-3.2080276239035648,5.214076804448862,-0.22527835191817747,-0.038994189599373064
-0.1290122447903903,0.19114111680624002,-0.3201533615966303,-1.8014094660537467,2.4573721141481775,-0.14665244961112534,-0.10259374735441429
-0.2825089888413621,0.4009222788842053,-0.6834312677255674,-2.7689927035470463,3.0535059134695453,-0.27150598596152964,-0.07900735095762312
-0.0781727901126067,0.27618194308564625,-0.35435473319825295,-0.5958758789578025,2.23515094121359,-0.12739993485169288,-0.15641262333135975
-0.2315088143686701,0.3318504528271977,-0.5633592671958678,-2.8415566302988493,3.298024459770292,-0.26848473503968395,-0.06434811836441778
-0.18208329797190215,0.4353549204486249,-0.617438218420527,-2.5913189908685794,5.042334722674196,-0.20271744775448008,-0.024296715635943933
-0.2763189022233281,0.2570452020774927,-0.5333641043008208,-3.013901999159515,2.291051008505257,-0.29165167924602764,-0.15126682988730078
-0.31248077812776476,0.5873848551793619,-0.8998656333071267,-3.608116765682681,4.785767077668682,-0.3133748006218382,-0.04066899898539866
-0.23343666214092496,0.247303937496955,-0.48074059963787996,-2.6218204642301113,2.3534278505831128,-0.23285426542384347,-0.12282070676809465
-0.17933338273131227,0.23347108654021143,-0.4128044692715237,-2.474582793606268,2.812145450361163,-0.17817675961797297,-0.056866231005808676
-0.20436211114354996,0.3038319169102002,-0.5081940280537501,-2.4630233623896656,3.0772461041876205,-0.2343850878340995,-0.08283708184023952
-0.2028822486306212,0.787938782467124,-0.9908210310977452,-1.598601803664235,4.7089438807170305,-0.2580557893055141,-0.05923082492313525
-0.1695997018371611,0.4862545067016002,-0.6558542085387613,-1.8768184443457225,4.4237765380491805,-0.22023795589196948,-0.06871896713645864
-0.17336805885721285,0.49728090192435936,-0.6706489607815722,-1.5924466196305087,3.7875391303281543,-0.1733003029516611,-0.08081037723874818
-0.15380101527525403,0.3163776446321609,-0.4701786599074149,-1.5785972157757475,2.8806845836519623,-0.17010428431250169,-0.0935342999533163
-0.19131592194264269,0.12601571475238948,-0.31733163669503217,-2.3491078793611533,1.4394876855850471,-0.19798771078579092,-0.15388904864576036
-0.26700304024408084,0.5213082426485984,-0.7883112828926793,-2.949326536713846,4.299481011109742,-0.27894959937184205,-0.06566358794373528
-0.12390718434586256,0.10003979155713116,-0.22394697590299373,-1.5839142026126756,1.269455047719945,-0.13435149525279177,-0.13904595060645097
-0.16387757321697427,0.33112856197101137,-0.49500613518798564,-1.871405239870351,3.2732478881969183,-0.1638090394120738,-0.06339664355754093
-0.1637317963038245,0.12012399043419619,-0.2838557867380207,-2.1715631320013276,1.5013830547730282,-0.16376837758966734,-0.05214636898710423
-0.21819377016239838,0.4399788497040822,-0.6581726198664806,-2.6836540910985516,4.293616380004611,-0.24035911569360913,-0.07536070343218448
-0.2089079041676548,0.2266347841651164,-0.4355426883327712,-2.610693032350201,2.4291810980130606,-0.20295618755933253,-0.083776589273869
-0.2062851111925199,0.3025955283482693,-0.5088806395407892,-2.2016589030177967,2.7376499904366858,-0.27967349305298195,-0.07629128421011422
-0.23887475087438037,0.517757193214522,-0.7566319440889023,-2.75548462161657,4.564478730271081,-0.26836545844380244,-0.06741521194063904
-0.24236047270390715,0.39898462525936784,-0.641345097963275,-2.696210159951901,3.5174370833124686,-0.25932733853470913,-0.07485154405502725
-0.17582210086782535,0.4385781901094288,-0.6144002909772541,-1.866235937711564,3.8688482221725917,-0.19076019915297437,-0.04826507666512725
-0.248290785328379,0.44492006255588623,-0.6932108478842652,-2.7770755038871733,3.8521921998703803,-0.2592253469206488,-0.08943971009733875
-0.23300934458724865,0.4001325921394012,-0.6331419367266499,-3.3349452467627905,4.502010403919338,-0.2746352320106007,-0.07485154405502759
-0.16514464869696033,0.09356402641470618,-0.2587086751116665,-2.0083550817254263,1.1090789122888598,-0.21747284824544333,-0.12791303577448887
-0.1403427761956194,-0.02690499877651986,-0.11343777741909955,-1.9871123761899883,-0.3045484241643545,-0.145077275405895,-0.1594707343030347
-0.1494513925086549,0.05150419690305541,-0.20095558941171032,-1.9243919111410903,0.6947782486149097,-0.15829452074899397,-0.13432900454240404
-0.22178401327414987,0.3261362652523099,-0.5479202785264597,-2.307215300253068,2.8263115572716027,-0.27037547495921643,-0.1068028335338832
-0.11693162897813614,0.13482627822098459,-0.2517579071991207,-1.5368805019621141,1.7157740460216298,-0.14532679129660464,-0.06434811836441823
-0.0904060794089887,0.22007112519291616,-0.31047720460190487,-0.8408014315858579,2.0814081439167955,-0.14010200788279625,-0.1267694025826155
-0.07777627752060823,0.1679510311296799,-0.24572730865028813,-0.6763732236523636,1.5897626271260663,-0.12561503294316445,-0.0815155295079566
-0.22038610840106976,0.646275175914715,-0.8666612843157847,-2.164389746682787,4.828249735356686,-0.2389009531950851,-0.04826507666512725
-0.2706580616573149,0.2717180038933731,-0.542376065550688,-3.1607964341927817,2.5594528328290522,-0.27667526360194084,-0.06878660161421302
-0.24139952568920786,0.3368995931837959,-0.5782991188730038,-2.589282400149213,2.9518695022775363,-0.25085306577258326,-0.07485154405502747
-0.06190859800497217,0.11915849946737556,-0.18106709747234773,-0.8461977466705412,1.6834557085441246,-0.08509863603902057,-0.05716704446284526
-0.2079575782809856,0.24951995149175388,-0.4574775297727395,-2.077115775167181,2.1890589712902084,-0.2319085018087158,-0.10824316856155514
-0.22142931504486651,0.28273914969665914,-0.5041684647415257,-2.802785368186534,2.978747470192423,-0.20872657867129407,-0.05716704446284526
-0.09927031845729772,0.3498194934273493,-0.449089811884647,-1.0227465365488153,3.332556462305648,-0.14729650276217454,-0.1038810421673475
-0.27087240254390277,0.4840002326467283,-0.7548726351906311,-2.8522031959198912,3.874623131791637,-0.26862616823962315,-0.10096731179204821
-0.1319833841268635,0.4216097703972552,-0.5535931545241187,-1.4328352174590975,3.980747700030945,-0.1431850983426627,-0.0629239533569923
-0.1715031763934991,0.15745975756711483,-0.32896293396061393,-2.0943036156932586,1.776875120343643,-0.1924469483327066,-0.1550328426473584
-0.18500766572850091,0.11180037517049835,-0.29680804089899926,-1.8564198455777516,1.1075251690642267,-0.2651849930815928,-0.09278043013672177
-0.30413673785080864,0.6543250309689714,-0.9584617688197801,-3.2636737031323197,4.892279358174975,-0.3146814537177236,-0.08377658927386877
-0.26494496382634236,0.7065220689004434,-0.9714670327267858,-2.756362723320112,5.268012182103312,-0.2929145592877437,-0.0350286051857126
-0.19332876177599245,0.22100207399257465,-0.4143308357685671,-2.1739599165545163,2.205164669742215,-0.22077107465698786,-0.0820638211702186
-0.07930615873564695,0.35846180938418826,-0.4377679681198352,-1.1499018259152565,4.737711518785139,-0.10719060056133234,-0.05354907370818929
-0.22451353010413422,0.4263784565709172,-0.6508919866750514,-2.339630984307625,3.554865860320306,-0.24639991565308883,-0.05481999334289234
-0.21133639717532704,0.1180442416051739,-0.32938063878050095,-2.4725833548335956,1.2872931783873696,-0.21972023066248592,-0.16115277074485024
-0.2790362262815156,0.5765519130215906,-0.8555881393031062,-3.3256615950724013,4.987007633851038,-0.27871705429809135,-0.052221581939215334
-0.12522417143057185,0.14971836336659217,-0.274942534797164,-1.2326607407141437,1.4886472348596753,-0.1561919322360229,-0.07049605681783844
-0.3048772733893049,0.46632228095888406,-0.771199554348189,-2.756084544537364,3.1666342612851435,-0.30951625602722266,-0.11035504954799158
-0.21208515736470723,0.34120832543520274,-0.55329348279991,-2.2611045822643927,3.0344226151469407,-0.2245683591430554,-0.09087228232232769
-0.307164552649675,0.6810295568522751,-0.9881941095019501,-3.8350793745424343,5.891618042006118,-0.31390013655734095,-0.04732982265300778
-0.15353410185587735,0.3556061603032623,-0.5091402621591397,-1.481787618679876,3.035591219812684,-0.17443985239545434,-0.10988927211426214
-0.11862739716691917,0.4199370191159446,-0.5385644162828638,-1.3966739486176136,4.326799024171056,-0.16438228504828545,-0.04826507666512703
-0.2838660243312877,0.37149855677823207,-0.6553645811095198,-3.2123845292782125,3.2381519209490683,-0.28720777171219924,-0.10122039536064475
-0.1829608674529386,0.46580469529224167,-0.6487655627451803,-2.4788038051476766,5.088434439458944,-0.1998427358065592,-0.05254939087238486
-0.27176432663730643,0.7253760857858473,-0.9971404124231538,-2.955653404464021,5.573957353291791,-0.2825227576195529,-0.05150388568891362
-0.07206739801645046,0.04550355126475636,-0.11757094928120682,-0.8626915005185503,0.6323140432388591,-0.13584267752260282,-0.12156560205643963
-0.20584977368485657,0.34023487860184476,-0.5460846522867013,-2.479342273175265,3.387737861563411,-0.21862760004074477,-0.04817214446162266
-0.31973422892147874,0.6070182170220246,-0.9267524459435034,-3.5015388088445962,4.6246429020411375,-0.33447090281968017,-0.05032770731626035
-0.17500043358765294,0.29296517412701806,-0.467965607714671,-2.0331190973341307,2.951140089984216,-0.1701280924315245,-0.05235578590514267
-0.20604817126379205,0.5856720536421145,-0.7917202249059065,-2.755920412192206,6.100403850419188,-0.2305783109156604,-0.04129742919700319
-0.214242191187204,0.4430573166761327,-0.6572995078633367,-3.5143693853452116,5.796163509021427,-0.21968641069532224,-0.03178666147155118
-0.018273214386190784,0.03331704522012857,-0.051590259606319355,-0.10731889352504695,0.43218088163727025,-0.1066694289804927,-0.1246871285778629
-0.19034506711610344,0.3200321171007734,-0.5103771842168768,-2.5053694120306136,3.5426795657291312,-0.22109309026176227,-0.08759660225766353
-0.02353968394300976,0.1848278024211616,-0.20836748636417135,-0.18268180214193536,1.9861635021823714,-0.08943809057606122,-0.09234337790309144
-0.2085615458001031,0.48842990524117624,-0.6969914510412794,-1.8488014114899378,3.5153773013724026,-0.22088886975726307,-0.050223053224284664
-0.2672371520567862,0.20883300361058676,-0.476070155667373,-2.6294945407737753,1.7662984687515675,-0.2760171321369955,-0.18850253676166873
-0.2789217884019427,0.5165927639585768,-0.7955145523605195,-3.7735827972477702,5.124129652592198,-0.26945713562985074,-0.03178666147155074
-0.1683310304096709,0.10822974429264942,-0.2765607747023203,-2.3639623282835758,1.4270317774942594,-0.1836189718965704,-0.12683493783078648
-0.09941056614343324,0.25993968117943855,-0.3593502473228718,-1.5670922259415319,3.735256446902929,-0.1074437667186493,-0.05254939087238486
-0.31583303721190326,0.6262161780383828,-0.9420492152502861,-3.9927684658183495,5.483646775455171,-0.3160581819248045,-0.04817214446162288
-0.14394120227819562,0.15201692017837143,-0.29595812245656705,-2.1154134080782825,2.0566333952767053,-0.1449507106967174,-0.10537158180018513
-0.25698022712438684,0.5206295420253912,-0.7776097691497781,-2.6154949492939576,4.034793783887179,-0.25524742107273235,-0.05716704446284526
-0.2690760874424314,0.5830576268062289,-0.8521337142486602,-3.4658939676738933,5.493852753028333,-0.2745168012744823,-0.04826507666512703
-0.2373191013738264,0.31930444297232197,-0.5566235443461484,-4.1526422821352496,4.450745601651577,-0.24361192844558877,-0.041310093206595844
-0.2336733154681273,0.4405984561856999,-0.6742717716538272,-2.5245566678503493,3.770051408424449,-0.2432719155676637,-0.07485154405502747
-0.18219989339855702,0.3306192583693939,-0.5128191517679509,-2.4059392220062064,3.673129087099309,-0.199230022061757,-0.0515825028175223
-0.11617447015163962,0.020904166497725862,-0.13707863664936548,-1.5230801148671516,0.3373971802358228,-0.18348291276195616,-0.10249161647020111
-0.16786783718171217,0.33673408423008455,-0.5046019214117967,-2.2097709944521675,3.758087289761284,-0.2108273691727831,-0.05254939087238486
-0.2166533339457285,0.46475810966639974,-0.6814114436121282,-2.5019806608607067,4.249895543651693,-0.21808707375295355,-0.08180028792883332
-0.24682027019247965,0.5501883392017186,-0.7970086093941983,-3.145056871629907,5.272637541581066,-0.2539430027264227,-0.02945997887267282
-0.25313400415611975,0.13435988236442675,-0.3874938865205465,-2.523934183612793,1.2324825221343687,-0.30566217210156343,-0.1276644220617731
-0.23028556472770356,0.2885420938166927,-0.5188276585443963,-3.053239329993728,3.1357543252506774,-0.23414074076597302,-0.0664364267829538
-0.3164609423935256,0.2649380360405489,-0.5813989784340745,-3.9241112269572214,2.5446966324509144,-0.31771155348751967,-0.1014567691790984
-0.2485039513939563,0.31483177045624244,-0.5633357218501988,-2.9248731431673063,2.9843258228690486,-0.25276632411877675,-0.08961691586601339
-0.19899439367570793,0.469539671327067,-0.6685340650027749,-2.3026481120040536,4.366096757209256,-0.197407049547206,-0.0761821913281222
-0.16592774248717357,0.2612329796026187,-0.4271607220897923,-1.8139492666434887,2.555444732368723,-0.22266525562063433,-0.07744060212228776
-0.22615606702230096,0.48961607778354455,-0.7157721448058455,-2.2242644564225693,3.802456549303927,-0.24932683436271152,-0.10198713129598813
-0.22866228956875256,0.5231174600438251,-0.7517797496125777,-1.9121821714428824,3.4861842579617184,-0.24730716785156093,-0.061078226576581685
-0.2291249490003231,0.011174034076709916,-0.240298983077033,-2.095738854693603,0.20079342546169246,-0.2694114110259026,-0.17765953228083142
-0.25969610339579785,0.5122394232024075,-0.7719355265982053,-3.047600147628346,4.515860102072846,-0.2624473543562844,-0.06126698269307007
-0.08781417107120149,0.1530076601249979,-0.24082183119619938,-1.0658556662511895,1.8517697926565058,-0.1480339490803333,-0.0795150363609548
-0.18609912792429562,0.1839167212337356,-0.3700158491580312,-2.129997776889519,1.9077198249532012,-0.18738535927503497,-0.07445510425438961
-0.23200459150877328,0.46693212559044306,-0.6989367170992163,-2.473535543013315,3.9116285813083342,-0.25071062968694724,-0.06311406043144552
-0.2876583130879672,0.3437988686461362,-0.6314571817341034,-3.095384227242848,2.886723624011409,-0.30032744569344216,-0.11335750213409546
-0.16234012392031227,0.18417371213182832,-0.3465138360521406,-1.6259433601678241,1.744620026895166,-0.2087937278096288,-0.12166927697618035
-0.23995940807560623,0.42163087730766224,-0.6615902853832685,-2.6606642550065582,3.684230244046493,-0.2568565030860561,-0.06234709197258581
-0.21520101656734913,0.3391393995265939,-0.554340416093943,-2.289194418500124,3.01298452016673,-0.20584814415431385,-0.06984733589808056
-0.16421909896619835,0.3902668936129925,-0.5544859925791908,-1.4857401785730293,3.0717303425039235,-0.18922755384478251,-0.07667899659187849
-0.1682516891960576,0.5331163811661539,-0.7013680703622115,-1.542869194553287,4.039215375181724,-0.17627647185050377,-0.06910945884470054
-0.21751308209520914,0.3421153133511998,-0.559628395446409,-2.0293265397380877,2.6925680801579617,-0.23798680010864315,-0.06783875480636226
-0.11910506006054733,-0.023929423056669452,-0.09517563700387788,-1.6604858262494733,-0.26551503273577026,-0.14832380981408433,-0.1370908568317003
-0.18663034669800715,0.47476373072003164,-0.6613940774180388,-2.5633617418807297,5.244088270605091,-0.21278139873064417,-0.03178666147155107
-0.1843680147023936,0.21862832371770113,-0.40299633842009475,-1.8453860623875695,1.9924098619045343,-0.22204397029342626,-0.09778611191295383
-0.2015288997056227,0.3384832495445831,-0.5400121492502058,-2.3375866702691033,3.264187031202377,-0.22992339771695813,-0.08377658927386888
-0.3840863216379927,0.6222477360639691,-1.0063340577019617,-3.5656997016812944,3.8444218302932094,-0.3923354506675022,-0.1207385102646511
-0.18247822447664253,0.3669346917542582,-0.5494129162309007,-1.7090418934470917,2.9580728634399223,-0.22401239908610526,-0.07493010726991456
-0.2351484993017866,0.3652562311377463,-0.6004047304395329,-3.3187436027706196,4.0714591434947325,-0.22238986832758678,-0.04817214446162277
-0.16557813706463276,0.20661278711588316,-0.3721909241805159,-1.6779892285185638,1.9439167347256703,-0.16328403302216932,-0.11335750213409546
-0.13447266574197447,0.28959431458713514,-0.4240669803291096,-1.4722167271959221,2.8718628982383416,-0.17159865485446335,-0.06281582188309975
-0.24511784054941255,0.12580174106550857,-0.3709195816149211,-2.755510997887295,1.2852816452703064,-0.2561259067231533,-0.1179290562770654
-0.27439433999061136,0.4038741425129506,-0.678268482503562,-3.1223136674510408,3.541131200002697,-0.29051231155284785,-0.08608426669257474
-0.197616705492204,0.2254100588382364,-0.4230267643304404,-2.0762305468560456,2.106396350514491,-0.22326013560333335,-0.06503718537894443
-0.2253649886880731,-0.07001798497533407,-0.15534700371273902,-2.5272535190912446,-0.6499683406573067,-0.23899756342783773,-0.18049188580221875
-0.2612277498973439,0.450149154254714,-0.7113769041520579,-2.590136444859546,3.462447425492163,-0.280159166643949,-0.04826507666512714
-0.17936834242353972,0.3307126749942497,-0.5100810174177894,-1.5221257719385246,2.4986607619122516,-0.2180381758189518,-0.12180853316355567
-0.23653972910413856,0.09520718620507429,-0.33174691530921285,-3.017640282516221,1.1175577454563212,-0.2599467649566628,-0.10627599920722208
-0.19017274209877244,0.5636872669256039,-0.7538600090243763,-2.006821712629354,4.715718561293956,-0.20887176015188047,-0.06319805574046
-0.25922690245029756,0.47795408554462426,-0.7371809879949218,-2.927328845963828,4.103251101841669,-0.2651059057036832,-0.08338200859312828
-0.17311014480859388,0.4583273538560193,-0.6314374986646132,-2.112445396604299,4.577255599513756,-0.21021379699641485,-0.03724618111052869
-0.2040435229758466,0.22481723854121172,-0.4288607615170583,-1.9813134031622983,1.9563109980014093,-0.2341308076173313,-0.10291307944484085
-0.24518034867684768,0.4370331914318992,-0.6822135401087469,-2.5912086317857006,3.618175880816435,-0.26189815809076555,-0.05285516972407256
-0.2415536891586867,0.35313664297343306,-0.5946903321321197,-2.7509909372044876,3.230594781631589,-0.2677616014453147,-0.05716704446284526
-0.12043390692285838,0.3069932571455478,-0.4274271640684062,-1.506562794618764,3.4439505263609864,-0.16617417689325598,-0.05418618469312275
-0.2649600586949159,0.4601658040558809,-0.7251258627507968,-4.138536094072291,5.430710685696123,-0.2644923705437294,-0.034204575790740654
-0.08541977578340076,-0.0871234270383302,0.0017036512549294391,-0.8197039464420526,-0.8431582929156606,-0.13228771847819,-0.17666435605999953
-0.24218993990584248,0.48369833144711727,-0.7258882713529597,-2.290834330227565,3.5866653001018007,-0.27446367032577,-0.06898223851231633
-0.2219980861473586,0.42200266634086536,-0.644000752488224,-2.0984385365485267,3.248950680721043,-0.2377444903766841,-0.08463565328812106
-0.18865062694330426,0.29866027437984566,-0.4873109013231499,-2.697429017916947,3.5987539018138923,-0.20636673712523967,-0.051024906054510155
-0.2574008625797194,0.3305011971549334,-0.5879020597346528,-2.8051326347187655,2.893450808372208,-0.2687592990763139,-0.09401769820874106
-0.16209469308542435,0.2068743461205853,-0.36896903920600965,-1.8435065182610735,2.142491399668249,-0.19526896787533154,-0.10226198177598822
-0.178468189875305,0.06850631435552956,-0.24697450423083456,-2.1280739064849215,0.8264776824506712,-0.19228957081947684,-0.09651586535235557
-0.23157109782722063,0.297320096410018,-0.5288911942372386,-2.81441441105194,2.974293527967856,-0.23130151560538725,-0.08931326996759281
-0.288954574729852,0.4565280228880093,-0.7454825976178613,-3.1934370364319324,3.7690303616196785,-0.29474417691275456,-0.10145676917909874
-0.09740465185696523,0.11097160584192278,-0.208376257698888,-0.9325954743920192,1.1507344960972006,-0.18112035755717604,-0.09373884181680481
-0.2728421996860483,0.4739062799149891,-0.7467484796010374,-3.022961590613915,3.960801329516762,-0.2900075251541543,-0.04826507666512703
-0.2067768769798609,0.12172733468696362,-0.32850421166682453,-1.890548849503646,1.0975391519910345,-0.23564816024899804,-0.19061030364124643
-0.25150595384099683,0.30361286347850536,-0.5551188173195022,-2.6825085809238507,2.646598440581432,-0.25518678710631293,-0.11809645552807135
-0.09274807010339958,0.2834301569395472,-0.3761782270429468,-0.962988919466468,2.8203803707482686,-0.10942539596896372,-0.0717501240809264
-0.23104862701675255,0.041554007912828705,-0.27260263492958126,-2.941870749606835,0.5458666850952799,-0.25623979474220704,-0.11013135181174805
-0.21361744759332102,0.5006540714176708,-0.7142715190109918,-1.8871357135349067,3.562889878926012,-0.2304210221062717,-0.06094388037323528
-0.31783279930802666,0.37500658492950034,-0.692839384237527,-3.5228653920800745,3.1160618856831013,-0.31653792353822696,-0.12040146128314733
-0.2566833301949697,0.44410523678492053,-0.7007885669798902,-3.322936114300759,4.3899538671595275,-0.2622162909006214,-0.07186639778506465
-0.29155610558785694,0.48338973268564245,-0.7749458382734994,-2.766526071638267,3.45036130197804,-0.3199676320232343,-0.11800251320144672
-0.09873286248034163,0.0255987432305671,-0.12433160571090873,-0.8810653985362141,0.33483970263979806,-0.16013039316656752,-0.16259884728338392
-0.23668566279322067,0.4063088877773615,-0.6429945505705822,-2.5472819420833503,3.4852359839797464,-0.24905246566091888,-0.04854211087232152
-0.2713173093459761,0.2336593027758478,-0.5049766121218239,-3.1342444438804935,2.2245806809638284,-0.2665789237978432,-0.0971258902986949
-0.17577787763019048,0.017395985667328917,-0.1931738632975194,-1.9383442436047085,0.26793489890348204,-0.20514972596755143,-0.1599443647887353
-0.12252931216478724,0.1831473311038856,-0.30567664326867283,-1.3507108640211716,1.9484462290084457,-0.11960922913779881,-0.08269471901875947
-0.16174493995693617,0.25950973143200184,-0.421254671388938,-2.313127811579502,3.2339810342396107,-0.16891379183092647,-0.04817214446162299
-0.16014036894413974,0.29455573282435177,-0.4546961017684915,-1.5042306217354737,2.500343144993041,-0.1902760840912212,-0.109559391910943
-0.28870278151525497,0.6113568578699444,-0.9000596393851994,-3.0099671628090823,4.5720720653212,-0.2985062426398345,-0.04826507666512714
-0.2053915312009683,0.40638319126641953,-0.6117747224673878,-2.66602715948634,4.260022539424333,-0.21312121745175605,-0.06965651103284287
-0.26965612511400516,0.7832836692209124,-1.0529397943349177,-2.654619826906401,5.428541338317557,-0.306804197543888,-0.04826507666512714
-0.053922381455575374,0.18981209360947116,-0.24373447506504653,-0.47154953962480084,1.8667490441431842,-0.13557694697976252,-0.12140154033474815
-0.30252236999218207,0.30001215266407066,-0.6025345226562527,-4.0440605175492745,3.075979658263514,-0.3030488775514075,-0.11239540610713594
-0.22497647092693762,0.3939859755566639,-0.6189624464836015,-2.733241126803745,3.8140940396857155,-0.23444577722341609,-0.04817214446162288
-0.15806596487996727,0.19737333064664964,-0.3554392955266169,-1.6281833083345556,1.9025062053467858,-0.1689425898950604,-0.12469154882767408
-0.16300656140801928,0.6154864265336857,-0.778492987941705,-1.3537480389180463,4.19586858320575,-0.20908764036286642,-0.05916957664092115
-0.21702819446024701,0.40683274692024085,-0.6238609413804879,-2.2176921296906316,3.3820477898167285,-0.22174965630583643,-0.07694750626935176
-0.17281173655116788,0.2919744064116865,-0.46478614296285437,-2.2028434727533863,3.2047837260536944,-0.17174882150809034,-0.08229966141915057
-0.12962443174293758,0.15386903376543404,-0.2834934655083716,-1.7504879655722383,1.965948284280627,-0.1609905146872933,-0.06391868325403349
-0.13177230513191085,0.04026788766614331,-0.17204019279805416,-1.4169126940388435,0.5056015839105517,-0.14273975427185093,-0.1379622751644335
-0.07419790084150935,0.3483408363777405,-0.42253873721924984,-0.8453549776384003,3.755638876436904,-0.1439621514528744,-0.0543930026684778
-0.18483167554832214,0.20286202162233535,-0.3876936971706575,-1.9392966599302595,1.9366704290263463,-0.1545978513141144,-0.18577113498498188
0.014193700451349711,-0.13659293179562326,0.15078663224697297,0.23589547415376186,-1.4907235875359366,-0.0707092321913787,-0.21167508009277658
-0.14638492497152877,0.08343670140836457,-0.22982162637989334,-1.7005679329351922,0.987746016203961,-0.14655679882445471,-0.10671234197073287
-0.18633049333484075,0.4205724036965468,-0.6069028970313876,-1.8033012045476953,3.4226681008855913,-0.22500584642407984,-0.07794450926508445
-0.21600266130788237,0.38212276761054165,-0.598125428918424,-2.2740939140739265,3.294472910074662,-0.21264384840850192,-0.05713992058184314
-0.1194927362344621,0.11816071521317228,-0.2376534514476344,-1.5925722001664888,1.5397230959642758,-0.14308583647020323,-0.1649625466643171
-0.0859680697930113,0.12652400941097453,-0.21249207920398583,-1.1656648999611312,1.7084760467756375,-0.16307691956669645,-0.09997039212200898
-0.13950796502914364,0.23322201163629153,-0.37272997666543517,-1.3332740968669623,2.1126076066633104,-0.20728554070514638,-0.16235429727313178
-0.2890661004107826,0.5044863451842461,-0.7935524455950287,-3.5494717164916056,4.526941559978833,-0.2948195867207237,-0.07237661010412522
-0.3059537482252862,0.5167683540615302,-0.8227221022868164,-3.164712413010294,3.8902218334962715,-0.29405482697522844,-0.06853008299414065
-0.2695844690765735,0.355231439384345,-0.6248159084609185,-3.143803002083221,3.2417548743879085,-0.2762008130566086,-0.07679597114233694
-0.19282019108902193,0.42996201815134905,-0.622782209240371,-2.731520159229271,4.938859825811798,-0.21816691974474545,-0.07485154405502781
-0.2592085967817924,0.36649536351347867,-0.6257039602952711,-4.476277316386349,4.8327924333089785,-0.26394814937162625,-0.02320059429094501
-0.27186471363168985,0.7141296295393735,-0.9859943431710634,-2.9447330214703613,5.492167250488925,-0.2769091947315091,-0.03178666147155074
-0.18005546345648094,0.35735811847655263,-0.5374135819330336,-1.8014768840862256,3.069106935000395,-0.2659805505556503,-0.07483103730582297
-0.15616870198421828,0.22938259878483303,-0.3855513007690513,-1.9243249698700295,2.5386738627319256,-0.17747719849553456,-0.05716704446284515
-0.1835126265642516,0.16273823824834488,-0.3462508648125965,-2.032793577070202,1.6714746368565834,-0.19299623136871757,-0.13437748844384734
-0.14959198504625837,0.14824679889005132,-0.2978387839363097,-1.8539980821490682,1.7301678696479585,-0.15217341193248224,-0.09450960687269494
-0.24502938078655834,0.3546373456129297,-0.599666726399488,-2.360133692602662,2.7850572597826413,-0.27733613852046346,-0.17457028074060177
-0.3259901768557636,0.5191969746271843,-0.8451871514829479,-3.7670496382428795,4.243403368981533,-0.33689505059603564,-0.1014567691790984
-0.1670434830849331,0.50009047405453,-0.6671339571394631,-1.8265125979167605,4.503451018577485,-0.193403599656658,-0.05511515919283927
-0.25326652655890447,0.38904705973837195,-0.6423135862972764,-3.1093643070825006,3.720952451885565,-0.2872425462132062,-0.06566358794373539
-0.22175265359990237,0.578255748636554,-0.8000084022364564,-2.634351069259985,5.239021308836388,-0.239381115878449,-0.05718585379746399
-0.11945652315652566,0.2824694560847436,-0.40192597924126927,-1.6885559287067864,3.598303978160631,-0.1671541685192488,-0.0681824813940789
-0.19787239192258055,0.3361445303037278,-0.5340169222263084,-1.8871087981979744,2.7511934004987033,-0.20258871369478315,-0.057052213230712856
-0.17318384299507972,0.46360932235412444,-0.6367931653492042,-2.1924075750750336,4.8106595597939235,-0.17904672411371847,-0.04209382305453946
-0.22664348734915396,0.3500279082876716,-0.5766713956368256,-2.1560488530462947,2.7693186469447566,-0.29153006075969323,-0.08077912284053368
-0.24789551718334002,0.6362143746392479,-0.8841098918225879,-2.3235742579136036,4.444596689377208,-0.27343278839958385,-0.07485154405502747
-0.2560501650985406,0.514692921821593,-0.7707430869201336,-2.509736116488056,3.8525960381637048,-0.28363415659318114,-0.06566358794373528
-0.1943493390368004,0.07826119976769608,-0.2726105388044965,-2.3917997972325433,0.9387110052433246,-0.20011531236000246,-0.19519225066581203
-0.28575165987385054,0.49944839597803803,-0.7852000558518886,-2.569961460231809,3.3866774300068165,-0.3154887191773419,-0.08267020919876067
-0.24978864613853802,0.4565727747621766,-0.7063614209007146,-3.960973001272238,5.523896504947819,-0.2653353006163669,-0.030901422165585002
-0.2653037789595343,0.3219725168671319,-0.5872762958266662,-2.8765433662942885,2.7961325492134206,-0.26911113671682674,-0.08377658927386888
-0.2308702615658964,0.4107142328805333,-0.6415844944464297,-2.3713538305802144,3.386700292123829,-0.24551238239565276,-0.10558897135109813
-0.08082032337743372,0.16574224309632912,-0.24656256647376285,-0.7360355227245492,1.614677347205187,-0.10653279937592364,-0.06836854133567272
-0.15190807006764895,0.2598548360809765,-0.41176290614862543,-1.7307009197557304,2.6711570848985575,-0.18951414044095694,-0.10030006019814319
-0.23111920320941504,0.3376353628966111,-0.5687545661060261,-3.0772098629744704,3.622380431483227,-0.2320899133054568,-0.07186639778506432
-0.07008454447449242,0.021307197739440786,-0.0913917422139332,-0.8721078473778149,0.3450688532203489,-0.14506249558100293,-0.09309414848334385
-0.11829953691620088,0.20307335464681908,-0.32137289156301996,-1.3530287277373927,2.2074807603087536,-0.12969282172553498,-0.07082765355492404
-0.1953491470336579,0.21618693053710358,-0.4115360775707615,-2.7143581843020153,2.5994226837025516,-0.19763240115210778,-0.08229031633618822
-0.19027338358111556,0.31674428694800283,-0.5070176705291184,-2.4376795615658726,3.413508164766583,-0.22454965185289621,-0.04817214446162277
-0.10585648145893556,0.1913080135168519,-0.29716449497578745,-1.0628203264892326,1.9108031343653327,-0.12585739350631198,-0.06331238230776892
-0.2356585043059285,0.1539527253290034,-0.3896112296349319,-2.557259268864115,1.5065391195227786,-0.22883122117321197,-0.10603788975901363
-0.16264110930807418,0.36970449175586984,-0.532345601063944,-1.7667500565628473,3.4421130847137364,-0.18819797556967988,-0.08496180300908285
-0.28697167930578293,0.5608003991815036,-0.8477720784872865,-3.675897343307887,5.175336076329748,-0.3019211897663773,-0.02933286777496158
-0.19112914025254457,0.4819294580284863,-0.6730585982810309,-2.610696705910876,5.262586716152365,-0.18914037219474222,-0.04826507666512703
-0.18536424283535047,0.17214471633734907,-0.35750895917269954,-2.770996942428535,2.270117696282998,-0.21416357133047648,-0.06808972324677398
-0.2155142131495491,0.4225772522935287,-0.6380914654430778,-2.8581441538966756,4.458427604512137,-0.23776854916776713,-0.04826507666512714
-0.21338464096788667,0.4392087683297039,-0.6525934092975906,-2.9077578472777263,4.722111936506558,-0.21658517604574434,-0.04817214446162277
-0.23213159600290267,0.6938965353043873,-0.92602813130729,-2.486543423121368,5.510128823506393,-0.2575163747197935,-0.05011864102792207
-0.10078659912888877,-0.041356802077364696,-0.05942979705152407,-1.1851538392867869,-0.4258511770841716,-0.16521434470251928,-0.1444872146937377
-0.17855517622963124,0.3315731630802341,-0.5101283393098653,-2.1463668125188704,3.374342379235935,-0.21693573134233046,-0.0862929583575266
-0.10915001717015782,0.017443145742210175,-0.126593162912368,-1.0229933005224618,0.261793941451386,-0.12302850083752237,-0.12275190958129922
-0.03671328019098563,0.03061191261146301,-0.06732519280244864,-0.3025440669109486,0.40308916241079085,-0.08218478129678586,-0.22046350628547873
-0.1483692468098161,0.2592942584483986,-0.4076635052582147,-1.411984577372101,2.2856572838898437,-0.19924617982531911,-0.10326760465020934
-0.3100487724076797,0.38806537920284967,-0.6981141516105294,-3.789422534596825,3.5160920041926915,-0.3064989238736865,-0.05920744076731432
-0.1456985291711792,0.48432643720638424,-0.6300249663775634,-1.556524006831611,4.342247678693506,-0.15499760935757634,-0.04817214446162288
-0.21909592372720632,0.27334494229251804,-0.49244086601972437,-2.439897003791831,2.5951448008187485,-0.25897691468135864,-0.07778600150983328
-0.2239064573086742,0.2136630554452632,-0.4375695127539374,-2.0804781347456114,1.7814689305799722,-0.2645907667714835,-0.1665877395745673
-0.2670137117829723,0.5100691228125187,-0.777082834595491,-2.932904485293168,4.202018259606201,-0.26715850413943365,-0.05696784493633378
-0.10646203413790534,0.3748782710018921,-0.4813403051397974,-1.1347982081926486,3.6262738521683313,-0.17685383957867218,-0.05930307164478199
-0.16671719100074922,0.24892189694826294,-0.41563908794901216,-2.1447697953979237,2.8078272487679126,-0.17828515522802546,-0.04872237340391938
-0.29266252201652676,0.5604237003318728,-0.8530862223483996,-3.5021246787646474,4.825754272734442,-0.29795766494966236,-0.07186639778506476
-0.28753300896371325,0.25611942070139504,-0.5436524296651083,-2.740227197964228,2.022066818964564,-0.31362408766084604,-0.08086136086088935
-0.13476695494443336,0.39040443210363796,-0.5251713870480713,-1.8275639579179284,4.56802560224827,-0.16838328397247482,-0.04826507666512703
-0.23229573084493083,0.5451903021839102,-0.777486033028841,-2.26416128788325,4.114903899244656,-0.22987634696304804,-0.04826507666512703
-0.21859779019796677,0.2507395494199147,-0.4693373396178815,-2.9283765126758734,2.8230777118682657,-0.25797621607469234,-0.04817214446162266
-0.26003208422592994,0.19802435843605815,-0.4580564426619881,-3.683683603395367,2.3178499540399358,-0.2715736880708419,-0.08965096382995918
-0.17108245496708507,0.017008694759461207,-0.18809114972654628,-2.0221355102077845,0.27091917420561257,-0.1710707967559919,-0.18756175394302677
-0.15053810171469073,0.2510033560135405,-0.40154145772823124,-1.4818695840389997,2.287481270881675,-0.14785679275419494,-0.13180663672569448
-0.21029742488493552,0.21535637559535248,-0.425653800480288,-2.4838142522936595,2.2128373056872235,-0.24573679104217527,-0.08575285207201466
-0.050550429696063603,0.04439355308886617,-0.09494398278492977,-0.48446348696263564,0.5591939918592628,-0.07860983854327253,-0.1273064776150422
-0.2178608049814662,0.1576561748373564,-0.3755169798188226,-2.019590137756293,1.3694054190359184,-0.26273391842910854,-0.16503550208462925
-0.04602871985034196,0.056002024937906736,-0.1020307447882487,-0.35988350177012624,0.6209948202560395,-0.10314130829893242,-0.11554335131353943
-0.1729773560381358,0.3384295410820981,-0.5114068971202339,-1.9215878992548594,3.211983376668301,-0.22586845256517285,-0.07832727116235438
-0.18154937870804733,0.4346111319663837,-0.616160510674431,-1.9719535912468529,3.9097024169052568,-0.21153723187651274,-0.06142851049990561
-0.1673447179684725,0.30157423467210465,-0.46891895264057715,-2.068230168922362,3.2160508404912416,-0.17165972117170614,-0.08377658927386888
-0.23240576002364288,0.5626764863643994,-0.7950822463880423,-2.23313301348237,4.169353826245856,-0.23100469358615117,-0.04826507666512714
-0.22600199365082851,0.3078468669772194,-0.5338488606280479,-2.396529862706022,2.7214139679914675,-0.2396233579267779,-0.08252554187615146
-0.25155399554685354,0.13695789804282144,-0.388511893589675,-2.9303546380535592,1.4168186567219814,-0.26799300824898553,-0.153265177398906
-0.21733708927925854,0.197210047062917,-0.41454713634217555,-3.5503430579156965,2.736790979900631,-0.22135292321125788,-0.07485154405502725
-0.08771250480996351,0.051356274986615214,-0.13906877979657872,-1.1592795612215006,0.74006016461677,-0.14698319383001568,-0.10359070879388
-0.2281864951074114,0.3310202194251981,-0.5592067145326095,-2.51925325464955,3.0054121452586866,-0.22982222892590043,-0.07485154405502747
-0.1682183204924539,0.16407491937726681,-0.3322932398697207,-1.8967583214933221,1.7269311519245674,-0.20993588883813996,-0.08891643464913135
-0.2247392641311845,0.4592860303124646,-0.6840252944436491,-2.7432802746354867,4.399426888583851,-0.236924297275802,-0.04826507666512714
-0.25305315736616896,0.17755216955597253,-0.4306053269221415,-2.6842780845547947,1.6518688201786198,-0.2877915604084702,-0.13698568521395516
-0.11873049965792293,0.1359913935245438,-0.25472189318246674,-1.262177600770882,1.4499463924604652,-0.1535942941549474,-0.08673420288570055
-0.16602429619074455,-0.07647600813621014,-0.08954828805453441,-2.1079430141612066,-0.8847325413857143,-0.2013962648858869,-0.14905170562591463
-0.1572030038053489,0.07883063378139399,-0.2360336375867429,-1.962996181539116,0.9856834004966635,-0.17599441018785733,-0.09133589411350329
-0.2556201340789708,0.23549271955740414,-0.4911128536363749,-2.7810814380622504,2.1540774495493693,-0.27947952114585073,-0.10678424116526142
-0.1981989482993498,0.32537067400959185,-0.5235696223089417,-2.40418621159182,3.290007395849555,-0.2218766069625826,-0.06566358794373561
-0.1731146324190458,0.23726157572461437,-0.41037620814366016,-1.758452336381369,2.189821159722485,-0.19501108353666707,-0.09239931112206967
-0.2582541507492617,0.31968576650421876,-0.5779399172534805,-3.699675458259571,3.591560662805118,-0.271474947870038,-0.05497495149615039
-0.143696839551816,0.19819236970137166,-0.34188920925318766,-1.6181305872450475,2.08657118578834,-0.20448389119993304,-0.1175828970486753
-0.2777104324424573,0.4209633896257954,-0.6986738220682527,-3.057058017706724,3.536287979995468,-0.29458883782759016,-0.07943622218986846
-0.14707565771125453,0.19831379951462025,-0.3453894572258748,-1.4826681974703757,1.892912076432142,-0.1478562751323118,-0.19535926188105235
-0.14770813244622405,0.2209219213334721,-0.36863005377969615,-1.6522234749988585,2.2714355540854423,-0.19295115778126315,-0.06803164738958911
-0.1834451130889596,0.3842946560315237,-0.5677397691204833,-2.4373421316929793,4.2250676098647775,-0.184938797993196,-0.06043925267733086
-0.16246071942282592,0.22033170998189378,-0.3827924294047197,-1.6795531076044243,2.1001617322742385,-0.1891610119249768,-0.07065285285429312
-0.13505535778611888,0.16985097991323994,-0.3049063376993588,-1.4507650632542148,1.7590147878451223,-0.2060527489653432,-0.1576793632363509
-0.08531504395911249,0.15822384060711725,-0.24353888456622974,-0.9700375449903097,1.8205999601986231,-0.17797703590752845,-0.08752727322881038
-0.24666170869214077,0.4179344624659891,-0.6645961711581299,-2.9758105515300985,3.9425858296299214,-0.26436368216022665,-0.06643642678295403
-0.2841391385149249,0.6553213432815157,-0.9394604817964406,-3.0700499627387936,5.051592857386724,-0.27794425649051646,-0.03178666147155096
-0.09596256297266814,0.17577719729207164,-0.2717397602647398,-1.136162664338099,2.0494047791614713,-0.1533550514344062,-0.06532318657460179
-0.11208493077418658,0.07607778696843925,-0.18816271774262583,-1.0192940858704462,0.7873364145579722,-0.15751283911705094,-0.18837711784255295
-0.34638792496916593,0.6826720272691535,-1.0290599522383195,-3.4075911199788247,4.517363935314269,-0.3463194024606818,-0.07485154405502725
-0.3324888613717931,0.5629024987035569,-0.89539136007535,-4.334845622911664,5.057407851224972,-0.33866358823950904,-0.04817214446162277
-0.2029070119745754,-0.042111739580524055,-0.16079527239405134,-2.467556419478525,-0.40000497065724805,-0.24068308567657315,-0.15410365193624465
-0.2200311985234864,0.3791188964155243,-0.5991500949390107,-2.158242792185177,3.0597843196115693,-0.2598856638907996,-0.057739447528661336
-0.23665127195708358,0.13002105045002565,-0.36667232240710923,-2.830114650195174,1.3989040921431646,-0.24008762892144764,-0.1109101103738872
-0.12199343915208982,0.08361044972828746,-0.20560388888037728,-1.6630274112146834,1.1471456801018511,-0.1831615251667149,-0.0908120740136894
-0.22540050588406013,0.1292714865559763,-0.35467199244003644,-2.741098220945803,1.42151941182752,-0.24566784998016677,-0.11864736005399867
-0.17412160659081843,0.4118517996978821,-0.5859734062887005,-1.9910607584158446,3.9196911619311026,-0.20352141790763978,-0.03830866567277458
-0.24880483785119734,0.513751452165635,-0.7625562900168323,-3.0079040176057728,4.695337734777561,-0.25500233281596874,-0.046672416261566485
-0.16312726930120158,0.2717499387087323,-0.4348772080099339,-2.1306181077486066,3.105352799172387,-0.20485515858669023,-0.106545318034026
-0.23041622179786347,0.42801486674987554,-0.658431088547739,-2.475597629904245,3.657116976840703,-0.22802036329652986,-0.08269471901875958
-0.20312717196362007,0.21319494003353756,-0.41632211199715763,-3.898899906476115,3.4207350605974227,-0.2301339501614441,-0.07485154405502736
-0.14539649040581404,0.09713223097190382,-0.24252872137771786,-1.7907727977003154,1.184348157184317,-0.1737691083623516,-0.07961218817413207
-0.20823893100159963,0.24095635307523633,-0.44919528407683595,-2.8151671355828305,2.7574685475677114,-0.2157932526143106,-0.08135550136750036
-0.12890896846055844,0.3001537155371208,-0.4290626839976792,-1.2423499099851878,2.6800043319193927,-0.17956197004949725,-0.12093581997401959
-0.19553886936939002,0.28655978088007106,-0.4820986502494611,-2.6605522919405793,3.2769523201760564,-0.21900236686975927,-0.07485154405502747
-0.1619663145602941,0.5119976988050985,-0.6739640133653926,-1.4619690025477114,3.8675915305950386,-0.20043996490059746,-0.057785193627607256
-0.13411235625492035,0.1830783646954044,-0.31719072095032474,-1.9894246622307556,2.4818469739051054,-0.18852307133086255,-0.0582638983591971
-0.15881051186021966,0.34819444224079565,-0.5070049541010153,-2.801271121348847,5.204232209840909,-0.19745949363006543,-0.03178666147155085
-0.27459882381822764,0.631894661303414,-0.9064934851216416,-3.2433670503622882,5.3663577036333,-0.3029060109932341,-0.04826507666512703
-0.17861335463605787,0.3367764652251979,-0.5153898198612558,-1.702990156219896,2.7988098395556924,-0.21466708336240226,-0.07851792623415366
-0.2183069179300967,0.21442728446086767,-0.4327342023909644,-3.0435682401269104,2.544132608260086,-0.22259665902454706,-0.1112314858950979
-0.19298950146877658,0.2790097433755734,-0.47199924484434996,-2.3824814058964385,2.9413239755042544,-0.18816928932534227,-0.09982911929536809
-0.3330598718662404,0.6180045636306017,-0.9510644354968422,-4.599822996654001,5.7918744138651945,-0.33856224767240173,-0.02686048569572763
-0.16037623684488855,0.11820719789619494,-0.2785834347410835,-2.5168645537488388,1.7054466577480032,-0.17760828587366084,-0.12282841272283451
-0.21826710225013113,0.3978451642104406,-0.6161122664605717,-2.7159023391438724,3.967062508223164,-0.232637106706437,-0.07485154405502736
-0.07368013602150536,0.13576982138331184,-0.2094499574048172,-0.7871969824995341,1.540341672955607,-0.09818658496324273,-0.08963532442499778
-0.1388511235890617,0.21274656797898794,-0.35159769156804965,-1.4204015640156924,2.06052081739983,-0.16453263331666046,-0.07485154405502759
-0.16808167153767262,0.07163409781178798,-0.2397157693494606,-2.1830364240492988,0.9207981552283049,-0.1960234789130706,-0.132902334167892
-0.18255472596740996,0.4215196797938816,-0.6040744057612916,-1.8389346479529438,3.551716357804602,-0.21675415186658398,-0.05913854489909065
-0.20763969941396065,0.21893642952388093,-0.4265761289378416,-2.4322072106545147,2.2395289346101612,-0.23126977003783844,-0.07485154405502759
-0.1681010636334085,0.4540792554474993,-0.6221803190809078,-1.9712787329176076,4.396227315505319,-0.20286882102522485,-0.05354907370818962
-0.2371931829894125,0.3300537733364344,-0.5672469563258469,-2.410240196184718,2.7618132786132805,-0.2524955193312455,-0.0999581380201523
-0.25029505704251287,0.40907158321670267,-0.6593666402592155,-4.224960272032172,5.289879312591213,-0.26078420444046324,-0.03188158614602277
-0.23132721628354613,0.38462283251216633,-0.6159500487957125,-2.270845545362524,3.084867490777252,-0.27388094801616636,-0.06160602181716257
-0.23877785262237217,0.27579155581172743,-0.5145694084340996,-2.212593501764599,2.190881071964996,-0.2754017124040412,-0.11470493751892141
-0.11845835676221383,0.14400253482077607,-0.2624608915829899,-1.1300205367106975,1.4072125126116415,-0.13592574130626978,-0.11359979158200229
-0.20373225288075547,0.21820729333916833,-0.4219395462199238,-3.718525392313184,3.339267264748594,-0.20373225288075547,-0.04857521434115952
-0.1538890660251493,0.20317360854536282,-0.3570626745705121,-1.7793895467260523,2.161366853992034,-0.19859769300287589,-0.0971739766073022
-0.12414750001732267,0.16768728165905022,-0.2918347816763729,-1.0146300525380112,1.4273828692556685,-0.2329771934494025,-0.1528494529342117
-0.232357241949822,0.5887259267065983,-0.8210831686564203,-2.506940258110362,4.8055698891927445,-0.24241408261232278,-0.05192607620937695
-0.18042297552719577,0.174310373193455,-0.35473334872065077,-2.038858018011864,1.8152613689629,-0.1922720862463574,-0.07892576007798979
-0.1594141537006345,0.21309929510464043,-0.3725134488052749,-2.0213799126572516,2.435546062083055,-0.19069146200144016,-0.05696784493633367
-0.25506352051839243,0.5461954494669856,-0.801258969985378,-2.7917035310502407,4.47318030003674,-0.29626712555064294,-0.05524932074013866
-0.27163516224402107,0.563879948469542,-0.8355151107135631,-3.1137046258082646,4.744001047797635,-0.2657480073697036,-0.07485154405502759
-0.2837711535774591,0.6621419888814963,-0.9459131424589554,-2.9891606293118183,4.96315043595994,-0.3109921201104002,-0.053385085097853335
-0.13452791353955895,0.3007697538404883,-0.43529766738004727,-1.6545149498496765,3.277510189779173,-0.15131067562009393,-0.11579158955504099
-0.1321724128550249,0.27001730995002604,-0.40218972280505094,-1.3223417580474244,2.5040554117122134,-0.13377425646689867,-0.09008093083392787
-0.29304435857645905,0.38236937057435716,-0.6754137291508162,-4.007774869374572,3.921521539568239,-0.2837479067407118,-0.04817214446162288
-0.25493267335341474,0.3266327689022712,-0.581565442255686,-3.8286111155265496,3.8459042320715415,-0.2528287198867428,-0.05716704446284504
-0.23648326026779465,0.3500961939089644,-0.586579454176759,-2.492245910116459,3.007754481531516,-0.24856376801372204,-0.07937264922434961
-0.19632662507763798,0.13045250443309664,-0.3267791295107346,-2.1463362338050125,1.3437482789612376,-0.20088493976111177,-0.14599946005444264
-0.24923754509398943,0.14084177392636477,-0.3900793190203542,-2.356001305773009,1.2350077939919655,-0.2553674137766274,-0.0746890176277818
-0.23321306694510502,0.3056052426322382,-0.5388183095773432,-1.9180234565072445,2.1802785847302233,-0.25569933941731515,-0.08820971569844116
-0.23372056688476162,0.3091527036872055,-0.5428732705719671,-2.773862816038279,3.002514229310319,-0.24378181284688671,-0.082363494461825
-0.23259641498915862,0.2800295098191725,-0.5126259248083311,-2.711606313743265,2.7146952263908766,-0.2405096924709984,-0.10082268005241057
-0.17025402610123364,0.6583801983181292,-0.8286342244193629,-1.3650338869519956,4.26678002980349,-0.23818994964492235,-0.10652361025800161
-0.20476137332347,0.12625807584349258,-0.3310194491669626,-2.2054044333744094,1.283588559399074,-0.20397713079546598,-0.08606880577538534
-0.2168863282959148,0.33477537136688595,-0.5516616996628008,-2.8901844309388487,3.634504098976721,-0.24632934426035613,-0.07186639778506454
-0.15816064077290948,0.1755642257835226,-0.3337248665564321,-1.48586741357246,1.5940333430426759,-0.19470033399377107,-0.12267784782026314
-0.09237551539543831,0.48667460524111195,-0.5790501206365503,-0.8069768928974345,3.912547715876789,-0.15946891781316663,-0.06453624904416988
-0.21754517362621928,0.221933179776874,-0.43947835340309327,-2.640424488895261,2.309618971741206,-0.24193068814458618,-0.0776245604061585
-0.20271198945159274,0.3168699926398706,-0.5195819820914633,-2.440394168160015,3.187709291620046,-0.2545214737578346,-0.08196415979449645
-0.1824120630301922,0.2606673672278128,-0.443079430258005,-1.8954828447822119,2.394204353493715,-0.2033580419447908,-0.09673169896080613
-0.20343767063560358,0.19972140751803424,-0.40315907815363783,-2.1407450905182586,1.889333164528604,-0.2019237719526118,-0.11791486104752114
-0.19104296901158235,0.328638977626468,-0.5196819466380503,-2.3146339548424004,3.336825073575458,-0.20046054159562698,-0.09107205877965174
-0.2358087210327705,0.37348743303425125,-0.6092961540670218,-2.6522991471355266,3.3795137178742607,-0.26061051865035034,-0.06418234709053894
-0.20558978030538977,0.2685884401661649,-0.47417822047155467,-2.700929453322228,2.9813295215685964,-0.21057841482355388,-0.0748515440550277
-0.20269360731535535,0.4096305203833177,-0.6123241276986731,-3.1831551809442025,5.17997596295768,-0.22784367528804317,-0.04817214446162277
-0.18695770532582412,0.5591035113978366,-0.7460612167236608,-1.9002307776518073,4.527227256553854,-0.1995786541815856,-0.04826507666512714
-0.04623012172467611,0.14819947325924288,-0.19442959498391899,-0.42685495825664704,1.591905782280068,-0.10869494723111861,-0.10701896724045823
-0.22530407004956388,0.7499781589682206,-0.9752822290177845,-2.490154024625892,6.080081957293553,-0.2588693276273004,-0.024060843618332828
-0.17810100711360677,0.23415381887307873,-0.4122548259866855,-2.306760751981522,2.6533836258825123,-0.22339471440168301,-0.08459995351720562
-0.23246312814868564,0.5681546277475347,-0.8006177558962203,-2.210039127873626,4.156667404905069,-0.2319747629859351,-0.09218642985239722
-0.09788674320627733,0.29811452136874883,-0.39600126457502616,-1.036647080121852,2.973303590163704,-0.15289117814240705,-0.05373264518348697
-0.2688972223605436,0.3590319107942186,-0.6279291331547622,-2.9874624853268203,3.137535403782197,-0.28889417902876136,-0.08930155070039114
-0.27539381373377314,0.41634405418702336,-0.6917378679207965,-3.3935667365807842,3.8929806080423943,-0.28520365690342653,-0.05675414273208046
-0.129054062723844,0.09711114149655464,-0.22616520422039865,-1.9174915998533315,1.3980061406617037,-0.13347195750329566,-0.05531106563270438
-0.12126486883308707,0.16217065984225298,-0.28343552867534005,-1.2647830953639418,1.663094821468959,-0.1423802172545202,-0.12834607695916977
-0.19038148034034075,0.2878461777335728,-0.47822765807391354,-1.7450961494164938,2.3372907125979974,-0.23479306768618036,-0.15747402882084494
-0.2434067863318532,0.44434998703896667,-0.6877567733708199,-2.567535578707015,3.678117526956008,-0.2766584138504544,-0.07114871678144696
-0.29101338525068476,0.5294475098609726,-0.8204608951116573,-3.3260065657823596,4.41558343876098,-0.312277047583031,-0.04826507666512714
-0.1838975989779219,0.5111842815883891,-0.695081880566311,-2.115012201346971,4.731446556150147,-0.2063082162099389,-0.04826507666512714
-0.13165093502675806,0.29782580157426897,-0.42947673660102703,-1.1839227075596053,2.505650502969396,-0.16754176922113684,-0.07575844584340363
-0.19026097520866703,0.13186087175989947,-0.3221218469685665,-2.4857149381634684,1.5743174098955461,-0.19636384704052245,-0.12627534104080107
-0.10655732138965335,0.21494780203129804,-0.3215051234209514,-1.1980686114208303,2.316975938474324,-0.10582127821288667,-0.059074800045527454
-0.1270046545027329,0.14049679993292385,-0.26750145443565676,-1.5304441104302233,1.6457012744900843,-0.18984953580841757,-0.08985126709149727
-0.22937609767424516,0.3516430756784157,-0.5810191733526608,-2.679033099036315,3.336540763320601,-0.2611249708334453,-0.0807791228405339
-0.13421231393054078,0.13512453990583828,-0.26933685383637906,-1.467578462108187,1.460455077980135,-0.14361178287407572,-0.09028716361356892
-0.25706271663270275,0.33025984749673354,-0.5873225641294363,-3.099954832940116,3.163286593292812,-0.29423052792318094,-0.13595189087580706
-0.2236828859069292,0.4664666909032573,-0.6901495768101865,-2.831524859260628,4.609453600247512,-0.25569319039446037,-0.03955256648016203
-0.2415004922853219,0.23509210659701063,-0.4765925988823325,-2.1968970995798953,1.8808918734028723,-0.26680577206829825,-0.10985479094768358
-0.026345741636591757,0.14965979089404335,-0.1760055325306351,-0.280085529209957,1.9142507009367802,-0.09525138268355782,-0.06780051756653438
-0.0915411003767288,0.16032191591873346,-0.25186301629546226,-1.1458738884986848,1.9751799863958739,-0.11977345851926358,-0.08139572662061056
-0.12916672513871297,0.2521055656673368,-0.38127229080604974,-1.1950401780707327,2.2253707365028887,-0.21260276611006668,-0.13300769671122048
-0.13326174435550986,0.34941523078796166,-0.4826769751434715,-1.4705565456471534,3.4277673132134017,-0.1822180098416989,-0.061578434531403436
-0.17392579555238075,0.39221217765825367,-0.5661379732106344,-1.8505963512298198,3.5322390069483105,-0.20965546695767556,-0.05832940693567823
-0.2277818792442795,0.4364345159498024,-0.6642163951940819,-2.408245138529482,3.6748261233325303,-0.24460249023735026,-0.05740274091256725
-0.2005382029821684,0.13956855257317358,-0.340106755555342,-2.5328166550150075,1.603371920188193,-0.2315220009742026,-0.08895022183550572
-0.32147453437403517,0.6122310263252457,-0.9337055606992809,-3.4281688101030157,4.556947614733025,-0.2962132442838117,-0.0813820722236217
-0.13807530984573912,0.3798134562715312,-0.5178887661172703,-1.3641993011093805,3.315640347750594,-0.14732192838207026,-0.09345863324684345
-0.141455643399245,0.08079461544223077,-0.22225025884147576,-1.5937424813822396,0.939260425555217,-0.17311225831898558,-0.14853962950927024
-0.16178954088295838,0.3150175315504915,-0.4768070724334499,-1.509587981389332,2.6364009754091313,-0.18372126163533198,-0.0617830194978628
-0.16650075951628585,0.43520813947031023,-0.6017088989865961,-1.8691979966326808,4.080086394390081,-0.21932619873704395,-0.05697930039458399
-0.12133626248260243,0.12991486313665468,-0.2512511256192571,-0.9754248612790365,1.1363379523920238,-0.1807296075060515,-0.11894843279976197
-0.25151176294683153,0.6961330482656802,-0.9476448112125118,-2.2872814108451687,4.649878530884338,-0.2640731616580776,-0.04826507666512725
-0.06300595862865621,-0.06544976073719722,0.0024438021085410044,-0.6369802824813939,-0.667134657883046,-0.14476830963505705,-0.15735153859553042
-0.2601200054899332,0.4333909982778008,-0.693511003767734,-2.6846240711657137,3.462562219282207,-0.2632800442841575,-0.054249786325831106
-0.30929181270216155,0.3830098969545619,-0.6923017096567234,-3.7255450214140367,3.4411430924727586,-0.30819294814145626,-0.1185086357608115
-0.1733821726012258,0.12838473003712325,-0.30176690263834904,-1.9253153200398287,1.3617785686616448,-0.18573665279322327,-0.08263280696776598
-0.18465003702563199,0.6144457478301046,-0.7990957848557366,-2.328242780975189,6.071129830120639,-0.21003486284717376,-0.05254939087238497
-0.23143377208830185,0.5353553023731963,-0.7667890744614981,-3.2379827573844193,5.73903530758873,-0.23777515860284149,-0.025085316654514633
-0.20339274098521842,0.18165919205172876,-0.3850519330369472,-2.0028641375433685,1.6470193523519783,-0.25386771771804273,-0.10145676917909818
-0.26355299859075554,0.5039885836204674,-0.7675415822112229,-3.378904059200691,4.835410755748988,-0.26216189580818683,-0.04826507666512714
-0.23469003578621006,0.14301855948263476,-0.3777085952688448,-2.597531462840269,1.4331421493282357,-0.24312110530283437,-0.07118551094132575
-0.22674646812216426,0.4144287544653933,-0.6411752225875575,-2.3009338850981536,3.387978555549769,-0.230668815762202,-0.056967844936333334
-0.16375166609472103,0.05207471722179635,-0.21582638331651738,-2.2405799122918815,0.7250471790965994,-0.21575775455186064,-0.11059038747319194
-0.18190627281974914,0.10581053068135238,-0.2877168035011015,-2.070025692380096,1.1676938995911563,-0.19798978031460168,-0.14142264208100774
-0.22936029430303273,0.2371646243562049,-0.4665249186592376,-2.376443001876327,2.1228434054152756,-0.2551806790670941,-0.11761111720609407
-0.19873758224885862,0.1689950208556461,-0.36773260310450473,-2.1416409095330997,1.667732418172736,-0.2385146617145708,-0.11090601018662849
-0.27841541529792146,0.3614659625710086,-0.6398813778689301,-2.9456710627440024,2.9927106265829786,-0.2767325985266891,-0.08377658927386877
-0.22725610898906257,0.38544252830512193,-0.6126986372941845,-2.6435540835962588,3.60068681986571,-0.22860615133918205,-0.05696784493633367
-0.24398539613951842,0.29714963616380685,-0.5411350323033253,-2.283774799690981,2.338453383392146,-0.2582277963282622,-0.09569452789075872
-0.33574866931618574,0.6109749502644914,-0.9467236195806772,-3.766765169471612,4.692255123164224,-0.3586446225360479,-0.030070336457581837
-0.21011297054551303,0.5565969680721357,-0.7667099386176487,-2.8716419044167134,5.876285245012038,-0.20305557256261964,-0.04817214446162266
-0.2856982326337434,0.3257400741163301,-0.6114383067500735,-3.336554930875273,2.963877122860086,-0.29004708634400833,-0.1331024151512301
-0.20274079862882532,0.23979656878863298,-0.4425373674174583,-2.313493852230699,2.388280596809,-0.20931484928202626,-0.08077912284053368
-0.1700165769744204,0.15727070594222803,-0.32728728291664844,-1.9462921803944515,1.6794561540121553,-0.23059694869329117,-0.12465272774279945
-0.1772850541513451,0.34978647010838637,-0.5270715242597315,-1.9197547541643172,3.2233855744355155,-0.22859725396361041,-0.06661812342181517
-0.15349547387505735,0.2353057015155493,-0.38880117539060666,-1.6747508049534945,2.330509738516928,-0.17093930710538985,-0.06168902251786568
-0.06091871808787075,0.04870084581641421,-0.10961956390428496,-0.7774213247457138,0.7089694807110861,-0.11956085261458471,-0.1255978045551971
-0.3468836294941152,0.3425443771933603,-0.6894280066874755,-3.3589356334746037,2.5100828914490028,-0.3529692698635122,-0.12307647734019145
-0.20072543319347202,0.2300471333656955,-0.4307725665591675,-1.91434305729906,1.975844730767687,-0.1967183162766708,-0.08895316094348715
-0.17050287449468515,0.2147972910835576,-0.38530016557824276,-2.2921735564912584,2.5481799547710087,-0.2125435064397746,-0.09288836366688236
-0.21787274302561033,0.425712685679029,-0.6435854287046393,-2.716371196262373,4.221539730059544,-0.21954027661914366,-0.07485154405502747
-0.22830048868706565,0.49750133956653997,-0.7258018282536056,-2.435355343047186,4.142506508259434,-0.26773241389916647,-0.07257133106330438
-0.2664092104537493,0.2831524049793721,-0.5495616154331214,-3.1385950955005844,2.689728606049765,-0.2673486764709372,-0.09546562367426736
-0.300853946983045,0.33067265725339956,-0.6315266042364446,-3.3162332843332893,2.8139750428289463,-0.2970091528128417,-0.10145676917909852
-0.19285590413032294,0.32836897008230137,-0.5212248742126243,-2.849869838377548,4.007829744874548,-0.18774991130324825,-0.04662696902156338
-0.21950167450486313,0.299132739111869,-0.5186344136167321,-2.503987191016963,2.851824085960348,-0.2736458739019263,-0.11087820607475085
-0.23506160947786792,0.5078196035300468,-0.7428812130079148,-2.53971513206244,4.238350544258557,-0.2417692759426472,-0.08973637500103304
-0.24342912884888213,0.6328006982507048,-0.876229827099587,-2.7323416319017757,5.258986416505765,-0.243260898002305,-0.05341485547923164
-0.2326511050577602,0.4100257890818195,-0.6426768941395797,-3.1373656561305525,4.330123758781857,-0.25655152883777776,-0.05254939087238508
-0.15663195906789507,0.35672113913194936,-0.5133530981998444,-1.2548070984516841,2.5953092139819813,-0.18102912875794785,-0.05254939087238475
-0.22142124076040992,0.5092372830703673,-0.7306585238307772,-3.461959006241023,6.178204142116508,-0.22238172798677924,-0.03579819161054698
-0.25017851094302845,0.43004314014201706,-0.6802216510850455,-2.5768546488930015,3.4699869091477336,-0.2653960854774614,-0.056257471128328795
-0.23418449779658146,0.2626760120949272,-0.49686050989150865,-2.6496193540856,2.500256335464248,-0.2580411322958811,-0.11641668960724061
-0.2535518877021554,0.4986427737615575,-0.7521946614637129,-3.755851144653657,5.571868830532662,-0.2592270139713285,-0.05716704446284515
-0.2037347838573853,0.41074517221373763,-0.6144799560711229,-2.0212398192326435,3.3602916775398737,-0.24246659601396492,-0.10703858436707381
-0.2734460292654546,0.5220183306829851,-0.7954643599484397,-2.693447733031698,3.864543291114134,-0.24652321295979307,-0.06900319094606122
-0.2765643138945302,0.39634449340055644,-0.6729088072950866,-3.9290633528338104,4.283743346354001,-0.28052538927849957,-0.04826507666512703
-0.2688217341145528,0.506710957405915,-0.7755326915204678,-2.9831259613231986,4.2102203090343435,-0.2961498719935767,-0.04826507666512714
-0.08306445664822759,0.08945433203089315,-0.17251878867912074,-0.9745645048897565,1.118583334846902,-0.11048449294535156,-0.08423293159415113
-0.26707160702167887,0.4757353122079906,-0.7428069192296695,-3.5789801239227503,4.769441664999932,-0.2798893913330187,-0.07485154405502759
-0.17062656870348447,0.28590726669919353,-0.456533835402678,-2.393811542472553,3.4312017058166657,-0.17917886403557137,-0.03852134811057695
-0.18177276743219395,0.1567655980411049,-0.33853836547329885,-2.0221301890575383,1.625805052226247,-0.18760535334455242,-0.0964761673375567
-0.288316136892121,0.6724480267942929,-0.9607641636864139,-3.501169584706835,5.747790910073568,-0.29355373522879746,-0.038428391693950514
-0.14831022918261294,0.20523923277098177,-0.3535494619535947,-1.9463890954543417,2.4579344640311835,-0.16717352618786374,-0.07485154405502747
-0.2690709261973896,0.4788556558452546,-0.7479265820426442,-3.4732309631201956,4.629144763624602,-0.27698277324556964,-0.03178666147155107
-0.14219542180649836,0.29189694123292664,-0.434092363039425,-1.5069407558729968,2.7924136062290876,-0.17374918909984716,-0.09434488866395074
-0.18820583515327183,-0.041935241817124935,-0.1462705933361469,-1.9982259898219166,-0.33928057134790013,-0.23742784804583583,-0.19044311281041393
-0.22845282219000096,0.3692384396321762,-0.5976912618221771,-2.588792087445993,3.3795177896464828,-0.24375296867058904,-0.07965106570932146
-0.27388079593207004,0.4591352505464328,-0.7330160464785028,-3.0946192595149453,3.9248626124773507,-0.2728991748708819,-0.06282920262819947
-0.2379868422765905,0.5711831594921337,-0.8091700017687242,-2.774023191319012,5.021048933165989,-0.2540692898810476,-0.08077912284053357
-0.08786624170544488,0.022546159181123793,-0.11041240088656867,-1.0881984738785282,0.35450378262858895,-0.14505710533341631,-0.07385769380516094
-0.1916893127803726,0.27483952375895293,-0.46652883653932553,-2.0825568416220066,2.5933192099062112,-0.2032098434440084,-0.07485154405502759
-0.1807359013682861,0.14775989616462892,-0.328495797532915,-2.389348189914059,1.7760541035426805,-0.2234282820938227,-0.13239837727415893
-0.2950134384741604,0.29418978863483813,-0.5892032271089985,-3.4803090761839806,2.711336899871914,-0.30478971030071744,-0.10145676917909863
-0.22318455923463265,0.18637029197132482,-0.40955485120595747,-2.3310488825164875,1.737858806035271,-0.21006589745865312,-0.10043207005476484
-0.2364211768648471,0.369262156147544,-0.6056833330123911,-2.472356381304504,3.131783907887202,-0.23775520714432075,-0.0817629495414689
-0.32414872968066677,0.672908125228048,-0.9970568549087148,-3.521684876190851,4.99272732044127,-0.3361950290131628,-0.08077912284053423
-0.20601310407762385,0.4305780841030977,-0.6365911881807216,-2.13637009719828,3.6475654862696167,-0.2227252930166257,-0.049221525359860574
-0.14096618016082973,0.2831952290276578,-0.42416140918848755,-1.4466984830296703,2.646332000887095,-0.2323263830462836,-0.06292395335699263
-0.26692084629425805,0.45590802675138997,-0.722828873045648,-2.7892424101700857,3.657057632106439,-0.29771156587917014,-0.08273728303073735
-0.17665151253290112,0.07686036752776593,-0.25351188006066705,-1.9854486251517662,0.876552129843923,-0.18270841260604698,-0.09369755092478216
-0.20384082986298868,0.3993838988905545,-0.6032247287535432,-2.0092776575907814,3.2692898044273786,-0.23792621004088832,-0.08377658927386922
-0.20382358936926637,0.2872620862656319,-0.49108567563489824,-2.3988911603944776,2.8636396085143585,-0.21955942565322162,-0.08693729367074121
-0.22950214178292927,0.612557266767022,-0.8420594085499513,-2.3504363371414865,4.765254025340147,-0.2369680907867744,-0.0748515440550277
-0.19919699653282008,0.12646542878113864,-0.3256624253139587,-2.286603445025259,1.3611253985119887,-0.24337496882774734,-0.13171616473653613
-0.24044069376394572,0.16070756224662253,-0.40114825601056825,-2.5116482468106573,1.5064134933491955,-0.2527675418701384,-0.13291492608246036
-0.2013335337036306,0.20997260967344578,-0.4113061433770764,-2.2561583385715993,2.0888278210037012,-0.22797887516707316,-0.08903507601965088
-0.04050915098274244,0.12461641600699469,-0.16512556698973713,-0.6202154056552232,1.9893372273977823,-0.094668402434677,-0.06651783042292148
-0.22684262283477807,0.4436281104085549,-0.670470733243333,-2.6801538494716746,4.142644834893884,-0.23396171001334698,-0.05254939087238497
-0.3880180014952621,0.8312097151819846,-1.2192277166772467,-3.7285203573714014,4.9713753357445265,-0.3865133234172853,-0.06566358794373539
-0.22469612004676653,0.18643242229059775,-0.4111285423373643,-2.4473462664093857,1.7978756177604591,-0.27239528023754433,-0.07724018780863962
-0.18080764834416518,0.3468566299690188,-0.527664278313184,-2.5709903562372265,4.106531833297328,-0.1877541373899686,-0.08421863786847672
-0.14107114102042917,0.21142301953209608,-0.35249416055252525,-1.516584426846711,2.124952275140542,-0.1658047517663439,-0.10353294831685333
-0.24502539829715086,0.28335726045432574,-0.5283826587514766,-3.4646166637350815,3.2189360513449023,-0.2640725429164683,-0.06566358794373539
-0.269968315722353,0.14441564842412635,-0.4143839641464794,-2.7068857565858098,1.301460480872272,-0.2811345265466414,-0.11800251320144706
-0.08643266303114083,0.0761622897181462,-0.16259495274928704,-1.0166929194279688,0.9647133699000356,-0.1177157017598669,-0.15978058940700424
-0.19936676233919748,0.5361017633012088,-0.7354685256404063,-2.3090568225986363,4.892556082703937,-0.23519921505215868,-0.04971933610985013
-0.29298253713326283,0.5627856718878008,-0.8557682090210637,-3.1305385296812287,4.351984127201577,-0.3014146663180315,-0.04826507666512714
-0.11144478093663202,0.009696666211864047,-0.12114144714849606,-1.152425946481845,0.18829598835349443,-0.1345464470977551,-0.15129279312033228
-0.17831792549434466,0.27866607324036585,-0.4569839987347105,-2.6950236191208417,3.568783282688119,-0.17416016069835627,-0.07809552196509917
-0.31600416753033167,0.7428883449230697,-1.0588925124534012,-3.4701811064207346,5.514217054025851,-0.33036044777069373,-0.040070890460674136
-0.18881455953509552,0.14783566984883767,-0.3366502293839332,-2.4302872965105777,1.7307921760138036,-0.22445157798668092,-0.10976007431551871
-0.15498364301199818,0.2366385179159023,-0.3916221609279005,-1.8144058610860971,2.497141850947127,-0.17967906898060237,-0.07988160435171865
-0.22871170746344816,0.45472865371375026,-0.6834403611771984,-2.270149106999686,3.608485611578238,-0.2275587192132702,-0.04826507666512725
-0.2640307463406735,0.7957909877400653,-1.0598217340807388,-2.5271096327694047,5.370124701782799,-0.27376755574463907,-0.04826507666512714
-0.16779134761657122,0.20622420650735118,-0.3740155541239224,-1.9097256684396167,2.1409653088361136,-0.21126899117776243,-0.08077912284053379
-0.21421448203205284,0.3529845761167072,-0.56719905814876,-2.0576983507907984,2.8434502675064754,-0.25436616714138705,-0.10552250173444266
-0.17275800152955045,0.15074130400145913,-0.3234993055310096,-1.716694470117724,1.4394095201801467,-0.21497198575164267,-0.15937084422002445
-0.10707170894884521,0.052179716964523504,-0.15925142591336872,-1.0082715389972658,0.5875427048279633,-0.19666166246314054,-0.08976289687078987
-0.15808553482938192,0.19308230008225857,-0.3511678349116405,-1.7822371456390884,2.009429955847493,-0.20281435100457124,-0.09838049382865399
-0.14089171141126444,-0.14100161725198246,0.00010990584071801646,-1.4483614359573458,-1.4599896146613232,-0.17794056604255026,-0.18402132397194582
-0.23475756698849992,0.398240797874148,-0.6329983648626479,-3.2014244748337983,4.257307410093444,-0.23847804067929823,-0.04817214446162277
-0.21653475275695244,0.585834117900977,-0.8023688706579294,-2.591739891544562,5.392753371346822,-0.21778302551836026,-0.06414128859519252
-0.2663825322914003,0.5837043910404833,-0.8500869233318836,-2.5559135075086155,4.151886899025482,-0.2693674326142462,-0.08792824592351633
-0.3302689347362081,0.42771924237854253,-0.7579881771147506,-4.525009158902656,4.151108607196558,-0.32965431915919363,-0.07430184016747954
-0.2284549946064337,0.239566565816264,-0.4680215604226977,-3.1575858705970647,2.7585452044418535,-0.2208774181333233,-0.05432630653509607
-0.16081950189252547,0.49479558304947524,-0.6556150849420007,-1.7588997172039171,4.468421336781816,-0.2288329181915526,-0.053053234491487244
-0.29474433472306394,0.63338396503598,-0.928128299759044,-3.2595431641660775,4.97382494970135,-0.3132021179444765,-0.043373098893156214
-0.14859207935405727,0.27708602628211887,-0.42567810563617614,-1.5835837137909763,2.6531224796160684,-0.18609526825409883,-0.08377658927386922
-0.2454412783528951,0.4775854838980944,-0.7230267622509895,-3.048890585106884,4.537145999821271,-0.2728484617210778,-0.04826507666512703
-0.22269023036314795,0.31123491891663857,-0.5339251492797865,-2.1599883667303494,2.5483591807844235,-0.22988063549852655,-0.12182687359149369
-0.21330051312887366,0.47054636916939385,-0.6838468822982675,-2.200285135240819,3.884320544968675,-0.21937274487464153,-0.06473535828211074
-0.15691744766698112,0.16878380972227625,-0.32570125738925737,-1.4406074751642746,1.517866196138905,-0.21376031672000784,-0.1205847322473732
-0.19799214831923506,0.442683576513375,-0.64067572483261,-1.8618633474532185,3.4305652332229,-0.2196062879257905,-0.07990550419805997
-0.23289505086162599,0.3736954483740069,-0.6065904992356329,-2.5400344853693895,3.299167122865289,-0.23308583306389696,-0.08862046123389677
-0.2814716964137738,0.4603707427064583,-0.7418424391202321,-2.8267208426943147,3.5068229247215337,-0.2729941870487136,-0.07186639778506465
-0.22604046140532041,0.5491027857885051,-0.7751432471938255,-2.0298368152229997,3.871510280087898,-0.23277846070583263,-0.0647209808996031
-0.1514078698112442,0.21988505907648492,-0.37129292888772913,-1.6487645859823787,2.199415883286853,-0.17420684212080584,-0.11081654475384517
-0.18265944430830283,0.30200038180382416,-0.484659826112127,-2.2933780544930182,3.230795411895971,-0.20556774734563288,-0.05955025680298842
-0.13838887650474918,0.24235423507688703,-0.3807431115816362,-1.5491584647844576,2.48980066702447,-0.1364975423709971,-0.08452416149414066
-0.2987429318739142,0.7390518332543381,-1.0377947651282522,-3.6219857449773394,6.167825722656106,-0.3036564479364938,-0.023973523489692172
-0.08746084769136231,0.25566424172156177,-0.3431250894129241,-0.7732826749613337,2.2901264945915742,-0.18827478264403308,-0.07485154405502736
-0.2643271009145174,0.35600367390620047,-0.6203307748207179,-2.896211737763426,3.091987879110908,-0.29132213612034896,-0.07485154405502747
-0.27287693115400957,0.5336346689755538,-0.8065116001295634,-2.9077301741015598,4.237396780557709,-0.2800970224599455,-0.05951293380711842
-0.13003601127593112,0.3106927752461859,-0.440728786522117,-1.7588966270991278,3.709971937745556,-0.1835070181681655,-0.14018565546372952
-0.3080578891213587,0.5698528638019789,-0.8779107529233375,-3.429539021070609,4.516872339236221,-0.3385006221194813,-0.06566358794373539
-0.20052898370545702,0.1593406961147068,-0.3598696798201638,-2.5627170687091807,1.8172968089486032,-0.2074883184424554,-0.09077636259502486
-0.2524857125690385,0.5158341395288848,-0.7683198520979233,-3.338378693770144,5.171448162436299,-0.2534589106786709,-0.04817214446162277
-0.27890030808754906,0.4227069383308708,-0.7016072464184199,-2.7731198279574363,3.2331290766526335,-0.27721862214108195,-0.05930316251286416
-0.21699328260162665,0.28263765199085356,-0.4996309345924802,-2.2873836467996225,2.538421923772356,-0.2395225867966576,-0.09524287651662666
-0.2483579572390886,0.42760995450516326,-0.6759679117442519,-3.2684644331074098,4.331174128832169,-0.25736414823445974,-0.07201280586626646
-0.14143169988586435,0.2330745194395205,-0.37450621932538486,-2.1320636053231126,3.131071264886688,-0.19613391708858308,-0.07734327405877672
-0.19114623850660317,0.3016893304432664,-0.4928355689498696,-1.8571304350693505,2.5609753097227697,-0.21084746220633832,-0.0917551616163036
-0.3101551369071107,0.5072780998808339,-0.8174332367879447,-3.74692634089881,4.4025094279266614,-0.30719969342487496,-0.07057296375659128
-0.17609598055569198,0.0837480488874407,-0.2598440294431327,-1.7203617033123673,0.8530416998062845,-0.21342931972187784,-0.15757938622791734
-0.2875539667018169,0.3530981013082297,-0.6406520680100466,-3.364684663671194,3.1872049331502463,-0.2754677726633774,-0.12336558951113119
-0.22938901394674294,0.5271132941380767,-0.7565023080848197,-2.132065928183875,3.828967282210017,-0.2983574207384262,-0.09060955053875974
-0.2408894009948167,0.29005794412171526,-0.530947345116532,-3.0081572950781177,2.955630035126804,-0.27744397211722416,-0.09618896450041714
-0.2518999479878743,0.34569339049316405,-0.5975933384810383,-2.316795943886473,2.6067010886889466,-0.29338688615708697,-0.10957599149927033
-0.23425172966721663,0.44183298572618157,-0.6760847153933982,-3.6622108550197923,5.348498643650817,-0.24085899603101846,-0.04817214446162277
-0.2637135196854793,0.6062776418094085,-0.8699911614948878,-2.651734575760844,4.488673132708667,-0.30328765575397,-0.06218040406275582
-0.2611530685736453,0.4543757941161881,-0.7155288626898334,-2.6453281702168536,3.5703689694488685,-0.2838274933682805,-0.0718663977850641
-0.32573380142314845,0.7232895845179876,-1.049023385941136,-3.2046058147602787,4.826567890573498,-0.3280591665677376,-0.04826507666512714
-0.15593789702089322,0.27275239707065935,-0.42869029409155257,-1.3757431502844064,2.226357510562249,-0.21930470040134742,-0.10310410378004775
-0.22465981909950505,0.34556185163408526,-0.5702216707335903,-3.1517168546125913,3.8952511453578773,-0.2344066764186048,-0.06702833550208187
-0.22603601639155835,0.2593804743721646,-0.48541649076372295,-2.933157603890999,2.8052369770389456,-0.2513480550683449,-0.07485154405502759
-0.2750227770366893,0.5133100696722783,-0.7883328467089676,-3.2966002885536434,4.556006546919221,-0.2765188415737204,-0.03178666147155085
-0.2448894057627452,0.4765080082322102,-0.7213974139949554,-2.788843783524391,4.172669536004431,-0.2812814261082828,-0.05254939087238497
-0.1822535069662532,0.2694695589469709,-0.4517230659132241,-1.8544318616282311,2.430944258390879,-0.21300228950780953,-0.1028790109349762
-0.32415443137668476,0.7738386260104979,-1.0979930573871828,-3.6000195788148623,5.734694020618182,-0.3338794287740646,-0.04817214446162277
-0.19955632508102328,-0.02928012548008896,-0.17027619960093432,-2.364939384457306,-0.240523137076149,-0.21475842532124212,-0.1454166800716381
-0.2317351101482733,0.42977067662779755,-0.6615057867760709,-3.421383853519229,4.935255496759461,-0.2031328494641086,-0.03983086018165316
-0.23077294859196085,0.449044577946742,-0.6798175265387029,-3.198667028589742,4.8450991999591455,-0.2501843434071669,-0.04817214446162288
-0.2711397006353764,0.7086591565316656,-0.979798857167042,-3.3635541998367326,6.263376740143331,-0.28728256012875264,-0.05260317907003065
-0.2266553274486519,0.2953471479559058,-0.5220024754045577,-2.596037531617889,2.81625008369869,-0.2607865619882176,-0.07197153473660489
-0.21530559766035406,0.28693254335787666,-0.5022381410182307,-2.5448064222754407,2.8404430587585763,-0.23081450056589325,-0.07186639778506476
-0.20843585133521803,0.45093614539630145,-0.6593719967315195,-2.13908590826517,3.7379605516005907,-0.1990624680716958,-0.06796348036399935
-0.1635138692884084,0.32610076370220153,-0.4896146329906099,-1.806995751852896,3.1387706939169555,-0.2289727485159193,-0.04826507666512714
-0.23630298463220845,0.41645977038398274,-0.6527627550161912,-3.0879539173831185,4.276682633647293,-0.2528772657262347,-0.024060843618332717
-0.15923908716828072,-0.030750766858637757,-0.12848832030964297,-1.7838447923941716,-0.2526234766420583,-0.21055700253591803,-0.15785238870770124
-0.1396720239407091,0.22727842799980458,-0.3669504519405137,-1.3734031878467612,2.1121207963062556,-0.19080222965367444,-0.09645132979361504
-0.18970295986639563,0.11207740634948316,-0.3017803662158788,-1.7689723142337184,1.0480847117935697,-0.20331517855741954,-0.20706943133353828
-0.1658949517520496,-0.049332657843259686,-0.11656229390878992,-1.9816322270931706,-0.4943950174386937,-0.21643643362400322,-0.10620702577154972
-0.3367481295149346,0.47080147845050724,-0.8075496079654418,-3.537155087239753,3.5430350462996163,-0.3575534379236154,-0.07485154405502736
0.00416829947233599,0.14426883155650017,-0.14010053208416418,0.1270429229039244,1.6564751137447908,-0.11011230354235402,-0.08598936833263748
-0.1830985760040793,0.4374378755532864,-0.6205364515573657,-1.4783212895625533,3.0372889951672155,-0.1937809771462784,-0.08369285060978848
-0.185099664275458,0.28747039458793866,-0.47257005886339665,-2.7243092697985927,3.5795587703926954,-0.19688289776639978,-0.09865824566663217
-0.26285624744721425,0.5058915045853842,-0.7687477520325985,-2.9368636736340394,4.265599415576514,-0.2817151503483608,-0.05163722322334052
-0.12076697008707404,0.15760847591027916,-0.2783754459973532,-1.541657507998942,1.922390324426763,-0.2064778336470232,-0.09199161123504174
-0.1845606319749118,0.25940651448325447,-0.44396714645816626,-1.8974583898006945,2.364437828300748,-0.20868538289476724,-0.13352827789341626
-0.16920473124605173,0.3692032589107417,-0.5384079901567934,-1.6008661489766325,3.0275552469533222,-0.2414583288147829,-0.07914107657908287
-0.1798727355780847,0.31849360219546496,-0.49836633777354966,-1.7498193052568936,2.7186288334044626,-0.21511962218308678,-0.08204060274387825
-0.23730466252494498,0.4586680637806906,-0.6959727263056356,-3.7860669292697096,5.63610881629687,-0.25709996168194804,-0.0763638621069963
-0.21678214596175593,0.15788363235013247,-0.3746657783118884,-2.459845088177703,1.6144900908135549,-0.24363586949763083,-0.11423386073879682
-0.08042395046230055,0.23000393332855174,-0.3104278837908523,-0.8576391352693348,2.43218885622161,-0.1289099097462727,-0.05883112339839702
-0.2498302694204566,0.3703788371627088,-0.6202091065831654,-3.4469934401339675,4.014187549119699,-0.25340373934261295,-0.03983086018165305
-0.17063679628604422,0.3318469781668354,-0.5024837744528796,-1.554978364983656,2.679680259482742,-0.220236579374106,-0.12088725671023737
-0.3290731869603428,0.6774714034187852,-1.0065445903791281,-4.152798519910321,5.796502754930242,-0.33417413680353114,-0.04044897770207323
-0.2613841245037273,0.37697966325149745,-0.6383637877552247,-3.6011846583013463,4.011576711779127,-0.2708799797025929,-0.05297521862799215
-0.28748683813238884,0.5915179319654404,-0.8790047700978293,-2.8107549745784994,4.202137104829724,-0.29943461227389023,-0.08077912284053379
-0.11249565774436532,0.00812425759395885,-0.12061991533832417,-1.267689646785639,0.17217292128451836,-0.14310352594617226,-0.1284340258600033
-0.20904893745466158,0.5931573602245674,-0.802206297679229,-2.412403791046206,5.272023790425891,-0.2479354045384975,-0.04826507666512703
-0.15549812534108642,0.33051679581513493,-0.48601492115622136,-1.5726556896471517,2.957056629977725,-0.17882636995518097,-0.06291351266541712
-0.20310923678553783,0.3457458777296212,-0.548855114515159,-2.271804076820706,3.225772574655247,-0.230907039762417,-0.07965799414637942
-0.21290993935704217,0.3813391117030349,-0.5942490510600771,-2.717078691626737,3.9239005616970153,-0.2501196777861633,-0.08493495485064828
-0.2484965145187087,0.3140197359016612,-0.5625162504203699,-2.798628630878377,2.8738537940817914,-0.278869485953982,-0.08377658927386922
-0.1841560861742556,0.3443134831901915,-0.5284695693644471,-2.5580981382745023,3.97908426000084,-0.20559137462003807,-0.07485154405502747
-0.30565788047687104,0.590362850586744,-0.896020731063615,-3.340689769593586,4.572224055110359,-0.30675516963444605,-0.06418234709053894
-0.24435467335708505,0.23603808335223375,-0.4803927567093188,-2.763579968493903,2.2507775080496084,-0.2729630762163867,-0.10473973599395425
-0.154733827097706,0.5472096773727917,-0.7019435044704977,-1.8883322416162236,5.4346366184730055,-0.17848344857285126,-0.03255736297730172
-0.2726395542454292,0.4923097584877596,-0.7649493127331888,-2.7432540164025014,3.7359494620595686,-0.2933133587123452,-0.04826507666512714
-0.24362870678493975,0.3245421317783286,-0.5681708385632683,-3.28862231742878,3.510606415091493,-0.24261064694919376,-0.08237837647033719
-0.07776069126117424,0.12095666891401402,-0.19871736017518826,-0.6860111680711225,1.2023662312597014,-0.12329221584067318,-0.11208445847360149
-0.08822707128661389,-0.003721270456396808,-0.08450580083021708,-0.7678552499049187,0.06150783411697537,-0.1098540463977895,-0.2546287455412124
-0.14436932657723034,0.1441305391087504,-0.28849986568598074,-1.4591576241088078,1.4388294359438898,-0.17621317341672638,-0.08987677312001374
-0.17264296055953032,0.2334374801487331,-0.40608044070826343,-3.0478551557702653,3.5644515047357723,-0.19144827064754089,-0.03906236076916114
-0.18543089799574564,0.24527617735892004,-0.4307070753546657,-1.8806217802252405,2.2197925946223145,-0.1994504780848364,-0.08008973703264244
-0.03915128357896003,0.06313813870369556,-0.10228942228265558,-0.4240674094354254,0.8409070914224681,-0.11525269556075068,-0.081188106870141
-0.2263566747394986,0.4792176536724042,-0.7055743284119028,-2.748974329292951,4.52997654361407,-0.22156311513932825,-0.07287055136782361
-0.2656594172952389,0.4126620435837278,-0.6783214608789667,-3.333212933670244,3.9521449228585013,-0.2888729904936167,-0.07450815624528007
-0.27022686896076986,0.46621665721809724,-0.7364435261788671,-2.631420504870518,3.4727025993124445,-0.3055333025660202,-0.08077912284053379
-0.2016698405591889,0.31534766024472805,-0.517017500803917,-2.9466163658161513,3.8028820156337297,-0.21305892685537942,-0.08355927074265423
-0.21091962799176545,0.28480040710947496,-0.4957200351012404,-2.3361510174925013,2.678390016242477,-0.218806958907661,-0.06632550568902762
-0.2406153961058547,0.03480963857118469,-0.2754250346770394,-2.9952322892549152,0.4626954069391925,-0.263016757255657,-0.14067037976288732
-0.14746810304567048,0.27394761852016924,-0.42141572156583973,-1.3977549008982313,2.3984452847063156,-0.18263217159839795,-0.09598988657353491
-0.27959845154988905,0.3791263641040592,-0.6587248156539482,-2.764862558028802,2.934100373521658,-0.3148644503535005,-0.048265076665126916
-0.17252069081533472,0.40717702889969365,-0.5796977197150284,-2.1813651769572404,4.279748515855201,-0.17059091558334483,-0.048525509671281775
-0.1706403420229302,0.15048083174812987,-0.3211211737710601,-1.7793939427894105,1.4982118073319848,-0.2167263664567085,-0.13693894002043472
-0.2186979690718267,0.017207317891127838,-0.23590528696295454,-2.281782854215551,0.2584492230428263,-0.2680444575629992,-0.14384240847059582
-0.23722216953206177,0.10351732764690502,-0.3407394971789668,-2.6999898541071925,1.096947041559278,-0.2433701377378057,-0.11227693922529114
-0.14181322620234815,0.37237416813180424,-0.5141873943341524,-1.5461795330730983,3.541308661557225,-0.1880947931785486,-0.05716704446284537
-0.21353069790967005,0.378816811871425,-0.5923475097810951,-2.5780101000060243,3.7108601102408874,-0.20761340120112348,-0.08192885746027367
-0.19261629131781488,0.26935151797239487,-0.46196780929020975,-2.0466122651374725,2.490728739243157,-0.19993727806370276,-0.09795669018456687
-0.2533688921042153,0.30976625906807165,-0.563135151172287,-2.4532316489170283,2.4823907540741943,-0.2631562614433075,-0.08693729367074099
-0.12994984661302855,0.4366173882416995,-0.566567234854728,-1.4791022011927768,4.266778024141979,-0.13911318542379514,-0.08703320582646545
-0.32164904693270235,0.8010184946034344,-1.1226675415361367,-3.2046161950552148,5.326528405700389,-0.3173856660982398,-0.04826507666512714
-0.22614145133725727,0.43666219053199384,-0.6628036418692511,-2.535143826338055,3.877843619927618,-0.24517925497451998,-0.04441033948404838
-0.20394061410635644,0.40255671825524786,-0.6064973323616043,-2.507644590687498,4.0226457799913735,-0.23948510866031159,-0.08525102480466584
-0.21148762921134112,0.4031858109503621,-0.6146734401617032,-2.3019748143795256,3.562736989679381,-0.2149252460064166,-0.04826507666512703
-0.19956434621357733,0.07461492573102091,-0.27417927194459824,-2.308550897939077,0.8557197054491427,-0.2548051942132712,-0.09529761662886171
-0.22392557306053806,0.19711995080995126,-0.4210455238704893,-2.9627850409436434,2.232177134622595,-0.22794736180127728,-0.12104945152760771
-0.13279253133104385,0.34413158962509804,-0.4769241209561419,-2.1411686465274684,4.812417447400836,-0.14180421969501067,-0.03859337252715522
-0.17712474082986707,0.4045053897928206,-0.5816301306226876,-1.8326692093489358,3.5210851566216226,-0.17770819222867207,-0.08913886435106666
-0.1772346265725473,0.14084238984674546,-0.31807701641929276,-2.1976915085063706,1.6238277732294002,-0.20322808924363645,-0.13997975412488828
-0.05979281755523391,0.07425614886050624,-0.13404896641574016,-0.6902194442532439,0.9639649762482418,-0.12191043692104608,-0.10955621401425786
-0.17565028501225466,0.5159832643505242,-0.6916335493627789,-1.6348330543870973,3.947390664813106,-0.2278223934714303,-0.08709453218161889
-0.23570218633707074,0.5247368821185336,-0.7604390684556044,-3.543625712701824,6.006661669436698,-0.25281816034845084,-0.03387456571524439
-0.24335325988340428,0.47352639016732523,-0.7168796500507295,-3.327827519451916,4.963070094968599,-0.2611376034857731,-0.04887288553769653
-0.28535394067020803,0.48655300730005835,-0.7719069479702664,-2.9576360973429603,3.7666889212323698,-0.287346918792305,-0.0790270882311106
-0.10029379245255343,-0.10455261914700908,0.004258826694455653,-0.9575136301289061,-1.013741987616039,-0.15955064551419196,-0.14723667686938613
-0.27002049900297853,0.5081280775524464,-0.7781485765554249,-2.9598018153609944,4.157895134122035,-0.27088132825158384,-0.06841321374536258
-0.14407684079815875,0.24906134916524203,-0.3931381899634008,-1.569664207444824,2.48912302832827,-0.14970700706016515,-0.08886545882371888
-0.2443193781579741,0.30344587302448134,-0.5477652511824554,-2.6562754392191246,2.713657300352679,-0.2710237949753732,-0.10803279621668294
-0.1629265430274145,0.27706811949287813,-0.4399946625202926,-2.16616133009342,3.206985377024965,-0.1893673965670205,-0.050498207555495944
-0.2997075042802889,0.6266111263211673,-0.9263186306014562,-3.4624622639639675,5.1110199455475325,-0.3033579920156283,-0.048265076665126916
-0.18396852939915986,0.364988175432589,-0.5489567048317489,-2.4311223954640213,3.9983393355157353,-0.20438282105653904,-0.04817214446162277
-0.25190054447832033,0.36416765395760975,-0.6160681984359301,-2.712325722456504,3.130199354263527,-0.2711961968773625,-0.09836929255879134
-0.1787191872470163,0.17165852391379577,-0.35037771116081207,-1.7535473248963678,1.5921882139843484,-0.20609552595324498,-0.11019118464345123
0.00843297766238682,-0.2684164708514366,0.2768494485138234,0.17850447632988234,-4.057205902002243,-0.060497307213696616,-0.2835304944933724
-0.16421596978438713,0.05120429842279539,-0.21542026820718252,-1.6998378084475598,0.5908639557579183,-0.17549570930237735,-0.14753306545486955
-0.15421361561917524,0.22598026383090208,-0.3801938794500773,-1.8857871251790073,2.4828947870531977,-0.17467956047387834,-0.1134069521707991
-0.23405558072316945,0.4078289842097138,-0.6418845649328833,-3.5719276265243964,4.8373597653778635,-0.26259381046073627,-0.03410858291629726
-0.26362089631194796,0.5484820286161187,-0.8121029249280667,-2.965567643236508,4.586820264495215,-0.3109640853558514,-0.07299905387243777
-0.24877306584407444,0.4877673187751157,-0.7365403846191901,-2.499846924615904,3.7759182492743406,-0.2545333277263838,-0.05254939087238508
-0.15981866361699104,0.10420280563318629,-0.26402146925017733,-2.2553884473232415,1.3950616776750577,-0.20436978580548415,-0.05971392015322208
-0.14631224692219136,0.08042248490045845,-0.2267347318226498,-1.9748532728436865,1.0785801593863638,-0.12544183251268293,-0.12106345282252906
-0.19397879582020572,0.5019420101307761,-0.6959208059509818,-1.7403112258829576,3.6722649695297527,-0.20674886281850036,-0.05701602717149645
-0.24559882316217407,0.680803839879073,-0.9264026630412471,-2.841670372186472,5.789756653247578,-0.25776279761902876,-0.04826507666512714
-0.28704517405689434,0.5943920603578439,-0.8814372344147382,-3.028682754256932,4.5205190820537,-0.27766983307072235,-0.07485154405502759
-0.27367947254164027,0.3022043135097918,-0.5758837860514321,-3.6453779596990503,3.1540581682277633,-0.30111713179749344,-0.08085638466145562
-0.2317700351916766,0.3145223842306901,-0.5462924194223667,-2.3913190699254283,2.696229494059836,-0.2368859873425806,-0.11435482376630102
-0.2875190702185061,0.34559440838506106,-0.6331134786035671,-3.2323085560760325,3.0169517168653766,-0.3092826297496629,-0.07485154405502725
-0.2569392505129112,0.4733558490680716,-0.7302950995809828,-2.682987165026376,3.7969715541950064,-0.2725295261967694,-0.05254939087238486
-0.23484478226556926,0.3527690132983312,-0.5876137955639005,-2.653015120230708,3.224081370340481,-0.23727718290374056,-0.07680211484867971
-0.18213447403672745,0.382467430738191,-0.5646019047749185,-1.8257127887221545,3.2464313563047837,-0.2151142197565713,-0.06346282273880355
-0.10989374548417019,0.25250063132788725,-0.36239437681205744,-1.183627740157537,2.572916691141244,-0.16736146643188288,-0.07829575677667411
-0.2305280345141083,0.6098532654031725,-0.8403812999172808,-2.3088749210717636,4.625168532874952,-0.2365387152502888,-0.04826507666512714
-0.2129557502011733,0.03089509830310999,-0.2438508485042833,-2.021069742270691,0.3726357857068146,-0.2762419229389492,-0.12357342240436053
-0.22971390595189922,0.5380943054423133,-0.7678082113942125,-2.3208502944131717,4.202373312698895,-0.25157547608836883,-0.0759958712689558
-0.13101554802799442,0.25479983960703345,-0.3858153876350279,-1.4055979597268495,2.5282695430595163,-0.15339156023973133,-0.1007882573183232
-0.2119261087492712,0.3715201798090577,-0.5834462885583289,-2.362356994194584,3.3972172803794036,-0.2298072903735604,-0.07186639778506443
-0.24491855538886353,0.7433791611025689,-0.9882977164914324,-1.9128299119699097,4.305864579829384,-0.2644229208306583,-0.069017600743292
-0.09662514348497786,0.09928921586314576,-0.19591435934812362,-1.7067552695367936,1.7075998751325967,-0.16198955538837423,-0.0526354761254878
-0.3034000854399974,0.5449241968459333,-0.8483242822859307,-4.2892498199345,5.4638672791672125,-0.3058250755022237,-0.024205517582163383
-0.18104597829835056,0.02039034262224515,-0.2014363209205957,-2.0694825323639443,0.3016172507399735,-0.2265921146298232,-0.13542595950040992
-0.13975354379199834,0.23176420510687468,-0.371517748898873,-1.660505417424161,2.518366588664129,-0.22290389453522497,-0.08213281628387648
-0.18873153140531684,0.37039242521643057,-0.5591239566217474,-2.3384996872352324,3.7953478473192592,-0.21744661659205378,-0.0772401878086395
-0.29024685415505613,0.6355925454115283,-0.9258393995665845,-3.32881047930762,5.202709209689456,-0.2887141526138408,-0.05696784493633367
-0.1839569391471214,0.20062997518286152,-0.38458691432998293,-2.1715398190457718,2.1262298464448204,-0.19788321248355167,-0.09847721840059498
-0.2829344589813292,0.4546023297824331,-0.7375367887637623,-3.145572167773273,3.80158210623173,-0.2881433109807886,-0.08377658927386855
-0.3350360928370534,0.743413866847467,-1.0784499596845203,-3.836183613297703,5.64848372375728,-0.33397818548172276,-0.07186639778506476
-0.21884183264858115,0.24207938355568936,-0.4609212162042705,-2.230061868439847,2.1544044668868207,-0.22115358901642745,-0.07485154405502736
-0.12648768609628858,0.05260012192475161,-0.17908780802104018,-1.2930222624678789,0.6138157610232777,-0.16244753031143822,-0.12474016891624562
-0.19097394571752158,0.5861287992560973,-0.7771027449736189,-2.182828615762112,5.264309408135749,-0.23174834410952483,-0.055870022432570776
-0.29916014576204175,0.5405302275378718,-0.8396903732999136,-3.5151995891970307,4.571624819941387,-0.2991502888842229,-0.07940330576855326
-0.2787429589391086,0.6283178917621564,-0.907060850701265,-3.0432036276549614,4.948319224931312,-0.2919446616888446,-0.04826507666512703
-0.2246933601972283,0.39949401860275824,-0.6241873787999865,-2.3527347177853017,3.37362107870082,-0.2652725912217353,-0.06814796555325997
-0.1219193921970464,0.44934460979689095,-0.5712640019939373,-1.1732392495807444,3.818628985058023,-0.16176364976043656,-0.05696784493633367
-0.3259379333548723,0.8077322804453406,-1.133670213800213,-3.353307595510529,5.514330936487783,-0.3269547314822153,-0.060334182143396475
-0.20513026120510625,0.31664665260763103,-0.5217769138127373,-2.4755727907282474,3.186863696834611,-0.21517639071186978,-0.07670522348916875
-0.22772294638202062,0.30020170230495213,-0.5279246486869728,-2.3664921669315904,2.6208793458997746,-0.2146217571196548,-0.11559886715917744
-0.2580971530468653,0.46872306280258913,-0.7268202158494544,-2.9328396425750807,4.059671126623001,-0.25906189383154765,-0.06451276963047237
-0.2512356059047621,0.33022923064735177,-0.5814648365521139,-2.6134866841579387,2.7962402031957057,-0.25729673674916365,-0.09199122884038269
-0.20166206584032276,0.32812060222347017,-0.5297826680637929,-2.764321129028867,3.716761396365858,-0.20017634238160686,-0.08058861973548204
-0.17128392109326407,0.3408129469831964,-0.5120968680764605,-1.795737679028131,3.092061077604392,-0.2225125670530569,-0.06532438047744582
-0.17749074365931905,0.49695684058865996,-0.674447584247979,-2.056269454637276,4.681223775339277,-0.19823543530194254,-0.04826507666512703
-0.14639276218178765,0.06275857526884909,-0.20915133745063674,-1.699312299171278,0.7712863932232985,-0.1528519839194281,-0.14384151794828026
-0.2238189581468304,0.4839116530112273,-0.7077306111580577,-3.274340384508806,5.495475874067638,-0.24369106293066856,-0.02594367517443863
-0.10467677030677724,0.4290100578340694,-0.5336868281408467,-1.039225161723999,3.8420806930340246,-0.14668035520824496,-0.07030456686029707
-0.2196647319263122,0.4185150753762612,-0.6381798073025734,-2.4047383097218646,3.674749481200311,-0.2575819425830822,-0.0760840838257496
-0.2904016077881275,0.42254662281382105,-0.7129482306019486,-3.434517516385635,3.7597271706369924,-0.31228048526955265,-0.04817214446162277
-0.21594110488551022,0.5226966789385892,-0.7386377838240994,-2.4980128870189136,4.713979075446162,-0.23639916241449255,-0.04662696902156338
-0.2935215743168256,0.6050458042066083,-0.8985673785234338,-3.579249092441264,5.239912849617733,-0.3020311234654455,-0.03178666147155118
-0.12408638008729356,0.05990296198198841,-0.18398934206928197,-1.1481805805220464,0.6443996181657713,-0.18877847580774476,-0.16261230915641756
-0.22110595656718313,0.5204495396434066,-0.7415554962105897,-2.3832227624310907,4.361978104072743,-0.2645587871422682,-0.07186639778506454
-0.1982642212195238,0.45945650260178295,-0.6577207238213068,-1.5519909833917687,3.0313178524642246,-0.20347289843341843,-0.08461590773051142
-0.24129064125263533,0.110128123098441,-0.35141876435107633,-3.2226831186415352,1.3136040984576414,-0.25159690062650253,-0.11024963426610523
-0.21999383049119559,0.44589108175307035,-0.6658849122442659,-2.4032166311812966,3.88626900042434,-0.2684014850203935,-0.05254939087238497
-0.2057374014234583,-0.013581794281391502,-0.1921556071420668,-2.57752392805864,-0.07797056086206137,-0.23261595852963746,-0.1767336563723968
-0.23179208854939037,0.49503282673680515,-0.7268249152861955,-3.2305585067129696,5.325397956408623,-0.23947223486910274,-0.029332867774961247
-0.25942607478871405,0.5243284624292361,-0.7837545372179502,-3.2359679518708013,4.877199242474631,-0.2682016862354826,-0.056506596977762724
-0.18723184072313603,0.5514483656905236,-0.7386802064136596,-2.2677418549716393,5.286408236098989,-0.18092883151192918,-0.050605643473005224
-0.21688846305374787,0.14819267132856973,-0.3650811343823176,-2.42147210839219,1.503700125264609,-0.21539787224514706,-0.11140818609607417
-0.18261673982703075,0.5406019340437525,-0.7232186738707832,-2.4951194070691414,5.93366431312425,-0.2157807314808241,-0.04981681792902459
-0.17162384381308549,0.20646192346627767,-0.37808576727936316,-1.8747780337416982,2.0595411217875976,-0.19846034719018668,-0.09750370256142615
-0.3194249888781583,0.6344544101972649,-0.9538793990754232,-3.179408413163182,4.4063475911319,-0.35351113953256963,-0.04826507666512714
-0.14010329745883343,0.341009764823202,-0.48111306228203543,-1.8786733859395623,3.9638169821169695,-0.14477919884257773,-0.04828658030655841
-0.24845978102407074,0.39141796114843097,-0.6398777421725017,-2.587548991832329,3.247533130426312,-0.23950327123018456,-0.058051467715388716
-0.32541763978524507,0.8450005979227242,-1.1704182377079693,-3.207289978153704,5.4900103481716505,-0.3156995201244279,-0.04616560462768782
-0.2685899325722383,0.4740762126515816,-0.7426661452238199,-3.0535393371120416,4.079844722390598,-0.26974580129194214,-0.06418234709053894
-0.34677062108489165,0.7722348295794261,-1.119005450664318,-3.3412322869877795,4.896388331745554,-0.3556769589701998,-0.06418234709053883
-0.18036400172899314,0.41301526659423593,-0.5933792683232291,-1.6965818970142805,3.291091510298183,-0.20032784800508496,-0.1052479033212741
-0.1876483876856333,0.1708830745273564,-0.3585314622129897,-2.6547756177262856,2.148728235006148,-0.21984990394226667,-0.09390334061477079
-0.25731466850059515,0.12631717713461055,-0.3836318456352057,-2.806071886128852,1.2463556266553901,-0.2625930173188189,-0.1342457898956556
-0.12643373026797122,0.12216135237773718,-0.2485950826457084,-1.6564415328811863,1.5504781549326818,-0.19195404469362254,-0.13704210624740587
-0.28279965693106335,0.23505347229105777,-0.5178531292221211,-2.831557480949057,1.9664652963469869,-0.2840526604784568,-0.12126868898802001
-0.164585996937042,0.22093380643842386,-0.3855198033754659,-1.666861945040555,2.0636647660895293,-0.22871235996849282,-0.11291332017479239
-0.2234255531327063,0.16351905801444433,-0.3869446111471506,-3.4526962391885654,2.167687936812441,-0.22976617305913127,-0.08327609319731955
-0.1861112614747117,0.4475159990405022,-0.6336272605152139,-2.143699257137034,4.205355960574218,-0.202470322845975,-0.02933286777496147
-0.2264307973241354,0.6170373282648185,-0.8434681255889539,-2.6005217517465353,5.374429959946599,-0.2447741290383174,-0.04826507666512714
-0.21225255384659392,0.18805687496008816,-0.4003094288066821,-2.619275694516462,2.029332342855698,-0.23226923601319882,-0.1025898495123424
-0.21329543227711945,0.22995833278448097,-0.4432537650616004,-2.7575766008778926,2.522859411723048,-0.2238935311482323,-0.05159323553158257
-0.07023779662474006,0.11731001203728675,-0.1875478086620268,-0.5348788530157405,1.0799994969798918,-0.11518261108446293,-0.11117312132496349
-0.28670102069925174,0.7005155553221836,-0.9872165760214353,-2.9527790691256004,5.081722247519945,-0.29434917932357796,-0.04826507666512714
0.030348895780461183,-0.11380509571307396,0.14415399149353514,0.43219339320937283,-1.3704192155797112,-0.08708462161987429,-0.20936399002647832
-0.28944403477937364,0.4876267059528274,-0.7770707407322011,-3.724152070049601,4.607117588103051,-0.2845584313165116,-0.04817214446162277
-0.288296920941579,0.8065812455931343,-1.0948781665347131,-2.8324643024848504,5.452554794825813,-0.3176522752111427,-0.1014567691790984
-0.3063296099189675,0.5818799531085903,-0.8882095630275578,-3.406390238436305,4.587576684341833,-0.3298457994702213,-0.07186639778506465
-0.2801275713484791,0.44366473718564503,-0.7237923085341241,-2.918748104238885,3.517400879529232,-0.2779990144313218,-0.08461590773051098
-0.20116261872968877,0.4024183098483207,-0.6035809285780095,-2.000180007537022,3.3128076082413274,-0.24038486151977156,-0.14920637796816305
-0.17829805150656552,0.21912481991930943,-0.39742287142587496,-2.546813475070347,2.7312256112635147,-0.19296076491425695,-0.07226978340661061
-0.13678230164731908,0.30386507436291654,-0.4406473760102356,-2.482017214983141,4.793677577186746,-0.16569947233193305,-0.03444217386480808
-0.26097123434025404,0.32430176757370455,-0.5852730019139586,-3.0499749081092893,3.0256840004154095,-0.26111511601623105,-0.05816910656553809
-0.23398502721405368,0.41269890607623494,-0.6466839332902886,-2.0099378208809076,2.906546883783079,-0.2382339972881099,-0.08519698494127637
-0.2319112061845,0.6690235708036203,-0.9009347769881203,-2.250420727294514,4.854886974746294,-0.27706222948127257,-0.04826507666512714
-0.2045931125453101,0.16236775469612663,-0.36696086724143673,-2.8503823736461222,1.990672310210172,-0.21808084957900375,-0.05131759659947244
-0.21087778224943732,0.396813020220361,-0.6076908024697983,-2.491285634336013,3.8012686985412065,-0.2382083012629833,-0.11462409548381991
-0.18512652476353975,0.570982761204152,-0.7561092859676918,-1.9284719850645418,4.716915910093806,-0.2434500386938725,-0.056967844936333334
-0.18222429844411747,0.3199909438231956,-0.5022152422673131,-2.2138182117900396,3.2914285825640746,-0.21068828237481618,-0.08196415979449667
-0.3416608451051124,0.8362143290305042,-1.1778751741356166,-4.00312075628461,6.332102214162459,-0.35957236328899,-0.06566358794373539
-0.22591865964715496,0.3561880662244208,-0.5821067258715757,-2.9004121783090535,3.686523463410376,-0.24419166468156084,-0.04662696902156338
-0.33462067308987886,0.32867183597404326,-0.6632925090639221,-3.4339388256927346,2.563839844187466,-0.3604325885260893,-0.1728351579638604
-0.2520182898947616,0.4783036257813158,-0.7303219156760774,-3.1079180183449453,4.492178037246833,-0.2544753910505053,-0.06741521194063893
-0.2710208838557008,0.6471781944768853,-0.9181990783325861,-2.72837010149853,4.720867698318469,-0.26986113313758775,-0.04826507666512703
-0.2977874503798399,0.9810032506992936,-1.2787907010791335,-2.914446831275037,6.321936490970765,-0.29843013264641427,-0.04826507666512703
-0.14565091241340644,0.28011915715708047,-0.4257700695704869,-1.4345676334456343,2.52550620606979,-0.18590957971374478,-0.10440343791889006
-0.2707414951801853,0.7364730032522797,-1.007214498432465,-3.1488280216573576,6.055829741274314,-0.2893455818089099,-0.08377658927386922
-0.2161921215071605,0.40450542902299835,-0.6206975505301588,-2.0928828233988597,3.2161936714644894,-0.2598007708613328,-0.05716704446284526
-0.23809937614360854,0.18692275693379545,-0.425022133077404,-2.7710324734792353,1.8860000658081166,-0.24204805680868846,-0.1362653428491517
-0.1988672695224487,0.3216089106812281,-0.5204761802036768,-2.170704778443856,2.9652767658077805,-0.21996947874745976,-0.07672013905750108
-0.19402002350650582,0.31097436697553626,-0.5049943904820421,-2.244078254615593,3.0433188446382236,-0.21785404326124824,-0.06418234709053883
-0.1146638763452903,0.16476859096033314,-0.27943246730562343,-1.1435637137157084,1.646347092981398,-0.12637266866096408,-0.14066520155954543
-0.40250259814565015,0.5536253669556481,-0.9561279651012983,-4.6468072556330275,4.148698920573812,-0.4107055103804491,-0.06545521518168451
-0.16424518811186273,-0.00641158730144209,-0.15783360081042064,-1.9461923286269407,0.00855890686256206,-0.19791584885003866,-0.10009258936602572
-0.20559267480058796,0.4414541446948439,-0.6470468194954319,-1.960980057816371,3.4455678059021047,-0.23774458472487636,-0.1095562140142583
-0.18510344565269599,0.4022825775649963,-0.5873860232176923,-1.8389216367270893,3.3674247382885207,-0.20764825389147867,-0.05828019409969243
-0.22518927687737123,0.36099948393417214,-0.5861887608115434,-2.8073105936079563,3.6303834637704773,-0.24444986616469144,-0.05993920409738063
-0.24396615340982253,0.05448412870672947,-0.298450282116552,-3.130826595228142,0.6838381358120672,-0.2721699270948851,-0.14244146902272747
-0.2355047131023208,0.5128501342636422,-0.748354847365963,-2.2556082486993874,3.82312814367237,-0.252953184213496,-0.07470582952709515
-0.16691755047940038,0.44264882979931097,-0.6095663802787114,-1.5256316915714847,3.442108992694766,-0.18990462399042984,-0.06509787635479791
-0.14172957106065376,0.3238038536590342,-0.46553342471968795,-1.6943806859905235,3.401410704158308,-0.1996685014492111,-0.11635534728974717
-0.286289394109538,0.5457530197699136,-0.8320424138794517,-3.739586775262856,5.179452877213519,-0.3081711479836484,-0.03830866567277491
-0.1462909119377035,0.23994499433930572,-0.3862359062770092,-1.3626795640354747,2.1028158264734773,-0.1783430682208864,-0.05599663132016286
-0.22083528602364955,0.3344635235037876,-0.5552988095274372,-2.249375221449985,2.8431661887596884,-0.25463656895158326,-0.05546603380124393
-0.13862649751565148,0.31869522843080866,-0.45732172594646014,-1.4847630326123376,3.0534474887136938,-0.1706733991753998,-0.06853889929654022
-0.17713826832367496,0.08381167287999469,-0.26094994120366966,-1.9846974376401851,0.9410990563196784,-0.17843866078290227,-0.08782314379207268
-0.14227378950827896,0.4102724707299501,-0.5525462602382291,-2.2499767713930194,5.513428753185456,-0.18280592380190808,-0.03768115124420057
-0.19142221225272393,0.4835610742096268,-0.6749832864623507,-2.6194510619424154,5.275130711307792,-0.19430780607950449,-0.05396504178418515
-0.25376091751281804,0.5365183904352464,-0.7902793079480644,-2.847536385587253,4.524570569806769,-0.25213938055926777,-0.06612952094167268
-0.24531279154562247,0.4863739264066067,-0.7316867179522292,-3.4366661432703416,5.1689921397373775,-0.2363657887445051,-0.04817214446162288
-0.16681192625736874,0.11584520468170156,-0.2826571309390703,-1.8336599293297466,1.2444609023318556,-0.19525309190123052,-0.10145676917909863
-0.2726592588865535,0.4463191272238267,-0.7189783861103802,-3.4140315106929013,4.199214408343483,-0.28308377596558054,-0.05716704446284504
-0.15188547368644656,0.21574305618554712,-0.3676285298719937,-1.5891677219083886,2.0965507723812538,-0.16063881154268855,-0.0964925051124732
-0.22769885597884498,0.3833373458099165,-0.6110362017887615,-2.809899878869588,3.783861746175386,-0.23589202307412727,-0.05254939087238475
-0.08027642137016866,-0.11085117210616935,0.03057475073600069,-0.9672326917699589,-1.4019565339151907,-0.1005681710693831,-0.12709430466577942
-0.2318971069573963,0.4067416904655141,-0.6386387974229104,-3.4194835195696496,4.708616953935863,-0.24331079707695702,-0.04826507666512714
-0.23480395097759799,0.17625756104717816,-0.41106151202477614,-2.899481788967794,1.8835610164972854,-0.2610397716311297,-0.15204579607091673
-0.17324132450836716,0.3532899833337202,-0.5265313078420873,-1.5935216927341953,2.841049825440717,-0.2162026088725475,-0.0527277853049819
-0.1494807261954163,0.27623829823797985,-0.42571902443339615,-1.4546798723261696,2.460870845782731,-0.1814959483204972,-0.12714815215222552
-0.22340189864363524,0.610529869667084,-0.8339317683107192,-2.521727933478268,5.233776952846089,-0.2223948016383095,-0.0650978763547988
-0.13783526178588734,0.20655319180558962,-0.34438845359147696,-1.7075316560936205,2.3605374672887827,-0.16356541926349288,-0.0597225323010212
-0.27131933211963133,0.5289820531272789,-0.8003013852469102,-3.4928436181035085,5.038994586426772,-0.279350267576463,-0.07485154405502736
-0.2307937892902987,0.36590827492211053,-0.5967020642124092,-3.1623175148376315,3.976301437894966,-0.2631728130875045,-0.05629125631750209
-0.2858182604470251,0.25762638259476933,-0.5434446430417944,-3.3391355129766294,2.412132334203474,-0.285567385393649,-0.07042719599175828
-0.17507348302935766,0.3755814899257721,-0.5506549729551298,-2.0322174751716466,3.6762929526353103,-0.19237809314962429,-0.04826507666512703
-0.23712360026592638,0.5601521063012458,-0.7972757065671722,-2.4869231082241368,4.472751991569153,-0.2634881191416367,-0.0758492450022793
-0.12782260012421598,0.15612573116010187,-0.28394833128431785,-1.3239053544056076,1.5957281480621366,-0.19619136842414775,-0.06639306963660896
-0.2143705945450577,0.30486518362903525,-0.5192357781740929,-2.323306162469103,2.7806796299956975,-0.24149730077505038,-0.10753792066374679
-0.23665541553087588,0.4240197396301708,-0.6606751551610467,-2.4527109270434035,3.488644109853082,-0.25628558032560855,-0.11892278621750196
-0.18500325490322422,0.4027858774832027,-0.5877891323864269,-1.8895310067938234,3.451087116098745,-0.22082166789881952,-0.050240450034619744
-0.17999538125936976,0.2580198026489211,-0.43801518390829086,-2.269833820731743,2.832769464069871,-0.22040465093569095,-0.11335921541540583
-0.25513005366680097,0.22202910299277634,-0.4771591566595773,-2.7942254616597424,2.058117047463412,-0.28270359739409623,-0.09206754306196063
-0.25702394488483127,0.18933772914825808,-0.44636167403308935,-2.8375494596312767,1.7949454396464686,-0.2791812597341953,-0.11370634925770884
-0.18417621552692343,0.5835264638963966,-0.76770267942332,-2.0969880800171614,5.25805047096281,-0.23410036075473895,-0.04826507666512703
-0.22802506745898765,0.3149490304011413,-0.542974097860129,-4.148743705764407,4.58507419174056,-0.22925503303074912,-0.07485154405502781
-0.09673099244112238,-0.012983568636293352,-0.08374742380482902,-1.0606217839934267,-0.06575539109380167,-0.13009338740702658,-0.12354387769076358
-0.22878944328694073,0.7909744671812309,-1.0197639104681717,-2.432191174809543,6.1158881401879555,-0.23813523326680008,-0.04826507666512703
-0.18519660581685993,0.14857596756903058,-0.3337725733858905,-2.112658217290493,1.574770672473992,-0.18277108507142625,-0.11156667470775761
-0.1648084511947877,0.20111386987614166,-0.36592232107092937,-1.65488262324805,1.8888333061332687,-0.18808624377320426,-0.07505476415722145
-0.27610256594086424,0.29933136055344645,-0.5754339264943107,-3.6930869094967513,3.143076371583661,-0.28782549795822887,-0.11146268144028215
-0.20628827296953112,0.18882601036711621,-0.39511428333664733,-2.1185359757291633,1.75639182630732,-0.2085468593479567,-0.08702050778728077
-0.20849986713449387,0.2664115299768124,-0.47491139711130625,-2.3018405009949294,2.523939172117994,-0.20614371593779512,-0.07438415187827008
-0.1873134183157441,0.11521435226701215,-0.30252777058275626,-2.1546079083592096,1.2590009172098036,-0.20513107436468891,-0.15810082315860596
-0.19508779038205548,0.39236016097787685,-0.5874479513599323,-2.0596722380925536,3.4431066305460627,-0.2317516377319483,-0.06385962762400799
-0.3346687809309651,0.6118494051695791,-0.9465181861005442,-2.8536797393632454,3.672428840837494,-0.36119177639795597,-0.08077912284053379
-0.3497591076959202,0.6476158971766954,-0.9973750048726157,-3.5127993242847166,4.3856756428351105,-0.3790889210079361,-0.08077912284053346
-0.21238138832966236,0.30406305130480926,-0.5164444396344716,-2.7669871240188906,3.276530923997061,-0.24200688413111127,-0.09535061322461558
-0.17778167939646117,0.5336187253560392,-0.7114004047525003,-1.9776820875587826,4.789992220949889,-0.192147416837383,-0.060925145036066164
-0.25491318017512277,0.5487277776380086,-0.8036409578131314,-2.9420047442682873,4.736333281827243,-0.25975355929614186,-0.04662696902156349
-0.2717768888302128,0.39480474079084527,-0.666581629621058,-2.866600893136433,3.236697378418162,-0.2933334375457417,-0.10010635231275389
-0.26356376572227314,0.25501130327290755,-0.5185750689951807,-3.0336189262524593,2.413923059378556,-0.28552604754418487,-0.07485154405502759
-0.16911327794535946,0.04832950179843998,-0.21744277974379944,-2.2636394719394146,0.6672605433116725,-0.2165086540816863,-0.11531476296585075
-0.3040027916422281,0.6975000130175188,-1.001502804659747,-3.6798793952494915,5.814479479455264,-0.3079503832802123,-0.053566381114384165
-0.1706441909896098,0.27634655996227697,-0.4469907509518868,-1.8869673752284186,2.7044490087853923,-0.22326842752761766,-0.066621494185506
-0.26496402471248903,0.4406947318720682,-0.7056587565845572,-2.6148233759345145,3.3687784914966614,-0.27397227177194905,-0.08431504787906507
-0.3048318318730676,0.43713629668187615,-0.7419681285549438,-3.196274668453677,3.4220456023198986,-0.31647844222746824,-0.08585065586405938
-0.17944718241014923,0.03809499571390185,-0.21754217812405108,-2.3364918274787554,0.5300522543557024,-0.20351015667166306,-0.1067603436582133
-0.1923852917878106,0.1987869549193979,-0.3911722467072085,-2.3844898140198763,2.177943716450096,-0.23700848925880003,-0.08115165667722413
-0.29176738656899404,0.6890809681130636,-0.9808483546820577,-3.2660273320870368,5.408320641535526,-0.3018061719890347,-0.0718663977850642
-0.16397042185750543,0.6336051654918624,-0.7975755873493678,-1.6757201198498717,5.177766871550904,-0.19146697634539223,-0.05534993695076662
-0.1625638919159249,0.09104025164527596,-0.25360414356120087,-1.6740794919155297,0.9576424093020172,-0.20843004830565415,-0.09429037922364503
-0.12756688256313786,0.25577972441281926,-0.3833466069759571,-1.295005808529874,2.429226367016,-0.16182407298452062,-0.08017990344918058
-0.20325446287153348,0.23456186679049496,-0.43781632966202844,-2.4924106091503884,2.473645993443222,-0.21353953102675105,-0.11078588498055975
-0.1977074497968777,0.5696192248467957,-0.7673266746436734,-2.213405958379999,5.0003785006872175,-0.2573742294311857,-0.04826507666512703
-0.27504839095916833,0.5620903868595015,-0.8371387778186699,-3.2367445243746036,4.830727578064032,-0.2823289098297881,-0.04826507666512714
-0.20428735070059378,0.4776937576040241,-0.6819811083046179,-1.8192116666860874,3.472816102647555,-0.27300616280418843,-0.12639767628460608
-0.20120764120045787,0.3989845244249779,-0.6001921656254358,-1.6344002598936413,2.767992050083343,-0.22025946204808267,-0.14399294224083947
-0.17001274932181365,0.12133591456739334,-0.291348663889207,-2.0365462637155005,1.3817749394755716,-0.17499120905907783,-0.1365706703597066
-0.14579444063824631,0.19991723357336322,-0.34571167421160953,-2.222296979136344,2.757622393571363,-0.1482325669657094,-0.061237938824653226
-0.2586631130263438,0.273613225698047,-0.5322763387243908,-2.669819498328759,2.3487425295214086,-0.27589278275024776,-0.11124111803450054
-0.17732321522896588,0.11737482997103177,-0.29469804519999765,-2.189171840235434,1.370893221687798,-0.21153566672737822,-0.16076073274439218
-0.14545613389648715,0.05899278554958021,-0.20444891944606736,-1.6920417573757778,0.7271921678306443,-0.16866771052362128,-0.1305391893813581
-0.3055738126569931,0.16318679741047282,-0.46876061006746594,-3.4048609109731034,1.5321894636847848,-0.3284091530914235,-0.14069364843093735
-0.254025525125148,0.4598973726111142,-0.7139228977362622,-2.4564127275348273,3.4730549211771633,-0.2576939680156246,-0.07485154405502759
-0.2093360675649074,0.30490312438186207,-0.5142391919467695,-2.3249542110122428,2.845947722074729,-0.23706536432403347,-0.09681598682390491
-0.046937605678523786,0.10130714010685127,-0.14824474578537505,-0.6636222631211111,1.5232501987975806,-0.10177220864472691,-0.05802336064871072
-0.16898382779344412,0.21666333932812099,-0.3856471671215651,-1.7632459960797446,2.0762711888146232,-0.17030786208303783,-0.05254939087238497
-0.201808465143701,0.2677661303688059,-0.4695745955125069,-2.174971967166956,2.500248479120458,-0.20179723907488156,-0.08359924422358822
-0.09724205542063502,0.012665697029360823,-0.10990775244999584,-1.0852896970871035,0.22386791552376692,-0.17530141652893694,-0.12155726094471342
-0.18798289747859143,0.2406147548873694,-0.4285976523659608,-1.7930304684699845,2.0739909600406277,-0.25540516123837465,-0.118817311203407
-0.2508728730857316,0.4572302629585918,-0.7081031360443234,-2.3630362684971318,3.3807128495333396,-0.26115732974081685,-0.12818920071350626
-0.2340474009489697,0.5039301119592139,-0.7379775129081836,-2.8055054611822543,4.659136550296891,-0.23561581462936487,-0.04826507666512703
-0.06903507397233255,0.17562242856483468,-0.24465750253716723,-0.6031370018088836,1.6864438765132517,-0.1434075854902347,-0.09106624641972583
-0.2458537962776698,0.09539232210357285,-0.34124611838124264,-2.8783330864740204,1.0397860295663826,-0.2501405074770241,-0.12166927697618013
-0.261332062395483,0.26969884511148057,-0.5310309075069636,-2.8665254474960196,2.427777528755082,-0.31295898007021516,-0.07966774518067321
-0.26584274591128465,0.36131548420969706,-0.6271582301209817,-3.5369775360688402,3.7180174575779086,-0.26122862699185123,-0.0770455315912647
-0.13712398973899842,0.45245145139218024,-0.5895754411311787,-1.444234154833446,4.084697466887363,-0.1989704950303829,-0.083776589273869
-0.24986067564954573,0.25971191814007577,-0.5095725937896215,-3.541576604718408,2.9975237323299817,-0.24675298791013012,-0.04986350040875098
-0.1790899852306459,0.2610866303154893,-0.4401766155461352,-2.1686488265043278,2.7587162297458936,-0.21071688210927575,-0.0664629092653023
-0.10182317184146861,-0.04269392834343155,-0.059129243498037054,-1.2155311189277964,-0.45166442192581624,-0.1486221662321885,-0.09288476504465637
-0.2029349170521456,0.17149128484376952,-0.37442620189591513,-2.04631482013662,1.594846362247258,-0.2510170230747494,-0.09821108223442188
-0.10855120011281372,0.15878521861839978,-0.2673364187312135,-1.478437594345745,2.066100002260733,-0.14305857076541506,-0.10865215873409251
-0.18442906708351825,0.11651994436177615,-0.3009490114452944,-1.9254106410178637,1.1828710094341977,-0.22448617265195958,-0.1143759824528825
-0.18269599321823093,0.16299469512862452,-0.34569068834685546,-2.0695319344801,1.7058012374344513,-0.18068649061022635,-0.08891992774976265
-0.06095812075407869,0.051198376143458235,-0.11215649689753693,-0.5556967365082544,0.6021323197015862,-0.16223724805293294,-0.15374581052490943
-0.3044587130193023,0.5892757693279236,-0.8937344823472259,-3.065481437133132,4.2366223812320465,-0.3076970030544033,-0.0837765892738691
-0.2731851212085492,0.333499816338116,-0.6066849375466652,-3.0835324394653645,2.9812183417426352,-0.26424697483302506,-0.07485154405502759
-0.14023287433325693,0.4146075268654448,-0.5548404011987017,-1.3069137570555933,3.39881558121322,-0.16426708875165308,-0.09415121201446719
-0.15366690282743922,0.11809920484246961,-0.27176610766990883,-1.3635757093604668,1.089945591267163,-0.15357817609020963,-0.20490579391529773
-0.22151532240697447,0.5200743619985662,-0.7415896844055406,-2.9349395620459524,5.3092764787282976,-0.24120362801946138,-0.08711010440957156
-0.2735403920261421,0.6492682334657514,-0.9228086254918935,-3.160946311429236,5.366698606334745,-0.27554581713746873,-0.03830866567277458
-0.28072806695303154,0.38701757682121696,-0.6677456437742485,-3.065992986745223,3.2625889990634205,-0.2535678246127542,-0.04817214446162288
-0.26029502850139885,0.453369254850686,-0.7136642833520849,-3.055320856268397,4.077502404387501,-0.26008158445761775,-0.05254939087238497
-0.19146378041433454,0.28504089888282036,-0.4765046792971549,-1.912640802850103,2.4944176120157557,-0.20666626429698987,-0.07485154405502759
-0.1514954073312199,0.0926710815974996,-0.2441664889287195,-1.411138976791415,0.9156717331728544,-0.17604888909146754,-0.14455561138074557
-0.19932822194026834,0.06558360241914918,-0.2649118243594175,-2.4645090280109057,0.8046707397939558,-0.23585433298652037,-0.08220627171817407
-0.21956789693461976,0.2426912232200158,-0.46225912015463555,-2.96754979396228,2.7649975924608294,-0.2185558279732297,-0.083776589273869
-0.21659420235481797,0.4118527330217454,-0.6284469353765634,-2.147221100304031,3.329754314687146,-0.2455505316401012,-0.07212639907026586
-0.25198426372827654,0.5642888935319392,-0.8162731572602158,-2.626244559194134,4.4028506452651435,-0.3145315548523112,-0.0609588430974094
-0.24348470277861367,0.4952935061108459,-0.7387782088894596,-2.616142230677716,4.096357634376252,-0.276107193488768,-0.04826507666512714
-0.16645827228953924,0.19829891538901023,-0.3647571876785495,-1.856111627863361,2.025723625595928,-0.20369876008233878,-0.11541393296091795
-0.2795326538140199,0.4853203640702928,-0.7648530178843127,-3.1699898269654563,4.091925090572058,-0.3114485075698036,-0.05285516972407267
-0.15033110560172858,0.3528700570499794,-0.503201162651708,-2.0627472859315197,4.13514168774179,-0.16393071959059813,-0.06706919031441827
-0.3125742869703124,0.4812267462255333,-0.7938010331958457,-3.2547161401875426,3.660697351574505,-0.3399875988373978,-0.0656052516252128
-0.27611509602224316,0.6541345936691756,-0.9302496896914187,-2.9881109463582223,5.06483662674887,-0.2930375556243441,-0.083776589273869
-0.23726454762125493,0.1615598632763422,-0.3988244108975971,-2.7049546180582222,1.6271631763784125,-0.23735938751790053,-0.1602412170604397
-0.10973601557812152,0.2940622678230713,-0.40379828340119284,-1.2606339372043807,3.1198899075128037,-0.15223437589976918,-0.06695723433647993
-0.15948447341060257,0.15664976922659313,-0.3161342426371957,-1.5847173279706528,1.509147179928279,-0.1756776353831242,-0.11549462389615672
-0.23436333976405277,0.6843202935324628,-0.9186836332965156,-2.126796529126391,4.644075752004444,-0.2692470745712573,-0.050619032965812716
-0.22443732308712694,0.2045877090649466,-0.42902503215207355,-2.6202786601277612,2.0654230412516155,-0.24142221109009065,-0.12252708216396146
-0.19733429211344333,0.5414619000322711,-0.7387961921457145,-1.9780066715791649,4.3297101491004115,-0.22765242004207076,-0.04826507666512725
-0.2686871171830437,0.477119602822492,-0.7458067200055357,-2.701123519477512,3.6508858044048633,-0.2684302243666211,-0.0728837448374634
-0.24596261105867212,0.37640542702691304,-0.6223680380855852,-2.922783328526802,3.5352087630151754,-0.2502692575875648,-0.0611762459723274
-0.2711421206811735,0.40704365125307596,-0.6781857719342494,-3.006771595560103,3.477802142138386,-0.26565828511527345,-0.07485154405502736
-0.17094760737876447,0.2686967226087775,-0.439644329987542,-1.7070211458917715,2.4033692556064685,-0.2104597219934241,-0.08162118716556521
-0.2638586551280704,0.5430637644857788,-0.8069224196138491,-2.762136979399847,4.250216384373162,-0.26505943523297737,-0.06443947121836902
-0.2626317450452951,0.6317629030764442,-0.8943946481217393,-2.870998034659477,5.068854783574582,-0.27642028067708757,-0.07609198509265536
-0.21784408660806753,0.2499268980711269,-0.4677709846791944,-2.4604679182988747,2.4108795629800603,-0.24385944617570798,-0.07485154405502759
-0.21320904861532686,0.43609098914600253,-0.6493000377613294,-2.3132481954409876,3.805150846146108,-0.2137745380213688,-0.07172694820631564
-0.17531436197387162,0.15332720380819942,-0.32864156578207104,-1.744645159064772,1.4624703080562946,-0.1940613671214103,-0.12047279633376917
-0.15640730344580955,0.43827502622174785,-0.5946823296675574,-1.9576128241542627,4.590324179585892,-0.1704666419101264,-0.04826507666512714
-0.24528879934367276,0.4389030679122923,-0.684191867255965,-2.7504409427696412,3.8324327941978766,-0.25100211037904196,-0.05716704446284515
-0.13348509612164383,0.3001274964821221,-0.43361259260376595,-1.241790724582939,2.5885469350908084,-0.16784680684511277,-0.086510660798231
-0.24853967074807948,0.4226763739414374,-0.6712160446895169,-2.085789506731846,2.8746679248208955,-0.2626451153522871,-0.09278436210868246
-0.049183693014098195,0.1790777367270071,-0.2282614297411053,-0.5748869703620739,2.203785384989331,-0.10544858019721637,-0.10140851196404377
-0.2312956228590114,0.6026576233182661,-0.8339532461772775,-2.214716901497119,4.401265237337599,-0.27819978012236257,-0.060337535301137835
-0.18207144897334127,0.38472709321148657,-0.5667985421848278,-1.9139828465144102,3.4055492881151834,-0.2015722987203743,-0.11087820607475096
-0.27873331725958994,0.4948460674142632,-0.7735793846738531,-3.525775876085727,4.642080786226781,-0.2902013341770382,-0.051742387564228665
-0.15826491458224545,0.15467102556295576,-0.3129359401452012,-1.5921330372945783,1.50586739230254,-0.1834206610724427,-0.10258532980016
-0.2884167179709701,0.8303102174165027,-1.118726935387473,-2.548063480043554,5.03879927411392,-0.3249434798747832,-0.08377658927386877
-0.1512837069365065,0.36224398395588686,-0.5135276908923934,-1.6325796780202722,3.405936840741129,-0.17021285817812493,-0.10136874678940555
-0.2561034419654481,0.31928087307897357,-0.5753843150444217,-2.666934747563235,2.7079489625195694,-0.2731312953694064,-0.10651045748980048
-0.24458330221807878,0.38587271837792403,-0.6304560205960028,-3.2112465752988957,3.9698339023404676,-0.2242659833142444,-0.06936981400596254
-0.18381625978554295,0.2088315932172744,-0.39264785300281735,-1.806856062247944,1.888250973156529,-0.22318957297758202,-0.09346959751611883
-0.2437092958038719,0.5688195213767262,-0.8125288171805981,-2.2954876693991677,4.087044008129383,-0.2788425973374542,-0.056967844936333556
-0.25338098678419996,0.3877048075349323,-0.6410857943191323,-3.6772342474616115,4.371589779999321,-0.2516397868974545,-0.03967564289704262
-0.18091664151070574,0.10125187552614934,-0.2821685170368551,-2.0960602913365824,1.1405862063518863,-0.2245257410940934,-0.12799818243494998
-0.08427590759106485,0.16767345531946543,-0.2519493629105303,-0.9681637727307835,1.934444321477749,-0.18969264792704477,-0.0609137579654061
-0.2882568379728727,0.5950584533818772,-0.88331529135475,-3.5061052635890526,5.194655358207644,-0.29009227291932194,-0.04826507666512703
-0.1934815633684489,0.38638006549466297,-0.5798616288631119,-2.1545910428845434,3.5681268027488007,-0.2138340038742017,-0.07485154405502759
-0.3223745440053133,0.6990978367954972,-1.0214723808008106,-3.4690925190685302,5.101717400208151,-0.32890058794677457,-0.0656635879437355
-0.24475465850434663,0.33905590598649993,-0.5838105644908466,-2.546044974524266,2.8718672594640937,-0.25161216963572475,-0.12934213832256292
-0.2691501737415034,0.6645764548058457,-0.9337266285473491,-3.036505838234383,5.388876205016992,-0.28455468958199337,-0.04826507666512703
-0.1195126524358624,-0.00917538826799802,-0.11033726416786438,-1.2915262041719024,-0.01578202862558172,-0.16568146848207455,-0.09971091862399284
-0.03787404978401088,0.10806390061156801,-0.14593795039557889,-0.43271552349028314,1.4141099032315254,-0.1182748935446083,-0.06745275257336925
-0.15018180181815732,0.1524114422900511,-0.3025932441082084,-1.7838873597649891,1.7201006867511637,-0.16370448629180145,-0.10736144407867987
-0.252883566755689,0.558796853782106,-0.811680420537795,-2.7937261205429738,4.627037419027455,-0.2572141899891601,-0.0686509750383234
-0.1706927511609675,0.477585541029208,-0.6482782921901755,-1.6495700530580903,3.8357484792188417,-0.2097799899247933,-0.06619268640399012
-0.2300834882245102,0.4101330696954455,-0.6402165579199557,-2.4204511537574853,3.462624588777313,-0.2666199294262428,-0.07244861995189733
-0.2829524478690122,0.6032616559979169,-0.8862141038669291,-3.6252125446770127,5.552535127068664,-0.2784458620415279,-0.03116858062161698
-0.26389352087405493,0.4484853618913289,-0.7123788827653839,-2.6436059225862505,3.4794232539528385,-0.2743025530537636,-0.10843679993605726
-0.18967315020843722,0.26489893756177674,-0.45457208777021396,-1.8645655269807548,2.3124927051094035,-0.22202812647463854,-0.10457526490381286
-0.22697811508264665,0.2790042792990053,-0.5059823943816519,-2.0984486368619275,2.226644113823517,-0.24333344530427992,-0.13737767803092993
-0.1415084660299567,0.08510812568909198,-0.2266165917190487,-1.440046599530388,0.9108634165918941,-0.19628824805847223,-0.19129323375755736
-0.16142747541073832,-0.031322925986800754,-0.13010454942393757,-1.9621489960776715,-0.2899451535719692,-0.2086201599384191,-0.1366278385922477
-0.1271091044954188,0.04591562736217347,-0.17302473185759226,-1.3765760351543541,0.5688543038372432,-0.17593778268245275,-0.1264973098626272
-0.1610095811603104,0.1277323924354825,-0.2887419735957929,-1.807600626658108,1.3849639671873506,-0.1744024532852615,-0.10762222068182825
-0.23142491649686392,0.3821473038364931,-0.613572220333357,-2.7513325379500073,3.6228720726499715,-0.25633707555372787,-0.0628494976091658
-0.26638080306957035,0.296113090274283,-0.5624938933438534,-2.9430617919428697,2.6512364180134105,-0.2776018867486656,-0.07730017188993332
-0.15926313849087326,0.2768848259983354,-0.4361479644892087,-1.976638910740247,3.0081102153269446,-0.18602289318125065,-0.05244313239522891
-0.09446356977664316,0.36962741601106996,-0.46409098578771313,-0.8827499388905318,3.2586594913570033,-0.13373090629576156,-0.0851974426394374
-0.2771036144023695,0.24552075669344342,-0.522624371095813,-3.193443704630581,2.306984428252703,-0.2854904497899665,-0.10089975360660663
-0.20466698175323905,0.4047172954695373,-0.6093842772227763,-2.2489111732994167,3.635241079284479,-0.22408394577786162,-0.05683172802328451
-0.21805489720726645,0.3761302379397278,-0.5941851351469942,-1.8093604786445399,2.652497342691974,-0.254901741428038,-0.11460480143711327
-0.24686488083987268,0.24941208586895613,-0.4962769667088288,-3.016305069910289,2.518745993404864,-0.2562153848090607,-0.1049480586624768
-0.3002129390892202,0.3795933498981847,-0.6798062889874049,-3.1998196529907736,3.0854960496271975,-0.2894814331515543,-0.060670801841653854
-0.2860742486192748,0.6774490948825651,-0.9635233435018399,-2.7547017117583676,4.637438676656757,-0.31499132438597566,-0.056967844936333445
-0.14420404248247742,0.2027771521493782,-0.3469811946318556,-1.7243581336631955,2.2349357539074575,-0.17019152689446082,-0.08836489405577419
-0.2723777793544928,0.30792445525861445,-0.5803022346131073,-3.06596669658427,2.7722003246170828,-0.311753759265347,-0.14258195823357078
-0.2058757004312859,0.2428248883419215,-0.4487005887732074,-2.380385370202305,2.43499852335632,-0.21971637649898879,-0.0894882642416508
-0.16657575898430166,0.2927971340984523,-0.459372893082754,-1.3105133994995057,2.1476908530461007,-0.1943337151493446,-0.1401856554637294
-0.11320738989886359,0.2174013321449928,-0.3306087220438564,-1.4315940479698408,2.560757134412573,-0.1307808881544713,-0.07322228289584976
-0.294023187023956,0.4248162580895398,-0.7188394451134958,-3.4685635610133425,3.7421212935943404,-0.29930175459781183,-0.05849952409395942
-0.1991109963596963,0.5197573451244526,-0.7188683414841489,-2.5547833124140125,5.258663820641809,-0.21973357721834497,-0.04826507666512714
-0.28255148109192896,0.5827627143510057,-0.8653141954429346,-2.7582398880626346,4.160980880848482,-0.2836945712889948,-0.05115947233532059
-0.2284858473819017,0.20129210736689473,-0.42977795474879643,-2.1437936720413164,1.7030260483714719,-0.26773152383130727,-0.10625407392141117
-0.15809955504826212,0.05210408765776897,-0.2102036427060311,-1.3968599186196757,0.5482783013356648,-0.2538744761987697,-0.11468083217278047
-0.1382638959964203,0.3073368914659569,-0.4456007874623772,-1.3845705372292305,2.7922072166437886,-0.1599760016652284,-0.05913854489909076
-0.303860330040732,0.776464304334388,-1.08032463437512,-3.6348061249897445,6.313162902669621,-0.31935084892569043,-0.04400618534472045
-0.2150355177961304,-0.0427393227491879,-0.1722961950469425,-1.952922623989731,-0.26403685281896677,-0.2555752148162991,-0.14557407430305036
-0.259304617351256,0.2250642839793109,-0.48436890133056687,-3.245455687144131,2.325304564252331,-0.24942286574617345,-0.08928082433607543
-0.21815236257301418,0.5904417128083943,-0.8085940753814085,-2.6906571141283804,5.5611013922197685,-0.24200895175857895,-0.02933286777496169
-0.16864395915204655,0.3660451886499947,-0.5346891478020412,-1.7396719899357498,3.230200120647592,-0.19483316556385066,-0.12403329685554376
-0.13275266056810708,0.340762971552393,-0.4735156321205001,-1.6917972964407038,3.806266107997171,-0.14516607232255518,-0.05583238800791113
-0.0657467963004974,0.15085645238744494,-0.21660324868794234,-0.7570258447614929,1.8054204101990567,-0.12819756033274343,-0.13311919707943265
-0.2613810314935361,0.45319922640544275,-0.7145802578989788,-3.285974855593652,4.336079671044787,-0.29083583911976485,-0.04826507666512703
-0.2718908811486438,0.7716010544881462,-1.04349193563679,-2.6742115128693764,5.325451661304026,-0.2827176859937741,-0.0685524584844811
-0.3631733865750103,0.5255383631320221,-0.8887117497070324,-3.7702994197524067,3.751702974801057,-0.3697696734649586,-0.11029072082314062
-0.1782012898785338,0.33964428309332284,-0.5178455729718566,-1.6506464737559687,2.7547041300610267,-0.21644330943599566,-0.07644922508334473
-0.25331767777183445,0.26336609499379127,-0.5166837727656257,-3.3969040935678145,2.853981412439376,-0.266877881860482,-0.0748515440550277
-0.17990319950046596,0.06342242732036607,-0.24332562682083203,-1.8653973549190628,0.6996045363045702,-0.2499718825037215,-0.08776081507654343
-0.15210968520503243,0.3024622935827499,-0.4545719787877823,-1.5603706622458595,2.7793523772852833,-0.20576249780639555,-0.06566358794373517
-0.1995316993182592,0.1788441413474957,-0.3783758406657549,-2.248482518221101,1.8217983013424235,-0.2191914292276288,-0.10404413755867259
-0.36376979833139667,0.774024533144881,-1.1377943314762775,-3.4552319652900714,4.7627296659429135,-0.3805089757357367,-0.06988665085618706
-0.16589474461246334,0.16863544658458518,-0.3345301911970485,-2.2008183730478983,2.037933097074514,-0.19088879326648256,-0.07825876427197942
-0.2584160668835249,0.38799155064058466,-0.6464076175241096,-2.3165901069457164,2.8042669108897527,-0.2713858749819297,-0.09668673150742768
-0.1830181998372773,0.2562036425744092,-0.4392218424116865,-1.984868792627992,2.453829118920231,-0.19010610494935898,-0.10074873745319968
-0.17163390812235646,0.311171144524953,-0.48280505264730944,-2.2017468921155623,3.410018361953043,-0.15758120398286035,-0.07924656319304468
-0.2328797271829579,0.4055825259483121,-0.63846225313127,-2.6247597724265375,3.6266434510913554,-0.2683146618758254,-0.051038876077976636
-0.17755501092720705,0.3706318546892373,-0.5481868656164444,-1.8013358147153982,3.2136941688524376,-0.192109662264357,-0.04826507666512714
-0.09791774368167772,0.09455568741724418,-0.1924734310989219,-0.9477965216108912,1.0066471328851916,-0.13376330375511547,-0.11857375673192161
-0.1891495435830184,0.39922102851590635,-0.5883705720989247,-1.9605236094910734,3.461654248420564,-0.19517028807030823,-0.04826507666512714
-0.11760215086815329,0.2571303894588688,-0.3747325403270221,-1.9836941700018487,3.871177976972289,-0.1617634115003771,-0.05590078541082777
-0.27825543639870454,0.44908450975002245,-0.727339946148727,-3.0132853911491053,3.69060881235261,-0.31828079397428055,-0.05918435575501413
-0.13699917351494884,0.19996549828740218,-0.336964671802351,-1.907035696211893,2.5271960766947057,-0.14174955669977185,-0.07687998070604563
-0.11404724118764276,0.16813913884938425,-0.282186380037027,-1.4384297917699944,2.044396728333654,-0.15590279061197732,-0.05716704446284504
-0.25596419039549045,0.3058375027054199,-0.5618016931009103,-2.700041841780627,2.6352263185395803,-0.25614923520648314,-0.10759449634888385
-0.20474381600716518,0.35584033406978266,-0.5605841500769478,-1.8757773468136243,2.7679360486087274,-0.2745549695289957,-0.12296971778023746
-0.3138999161328321,0.7004595076907605,-1.0143594238235925,-3.3873667889600494,5.191529504715047,-0.31479209323661184,-0.05716704446284526
-0.2905948846894776,0.5847122296417395,-0.8753071143312171,-3.260254814761832,4.7103754043439565,-0.30116913498060227,-0.04826507666512703
-0.07688452131862367,0.17463800762757642,-0.2515225289462001,-0.8914319368336651,2.0366799687560224,-0.12869862840272894,-0.08317779942734294
-0.24405037021302634,0.22910902048100668,-0.473159390694033,-2.5959430803302355,2.0797708098102294,-0.27858175922305395,-0.10587763228459923
-0.2557173181705459,0.4626286286095851,-0.718345946780131,-3.282420825434834,4.500974468868013,-0.2727277855790774,-0.06283113703122734
-0.3603288425224014,1.0366380866047744,-1.3969669291271758,-3.5122420194060195,6.1973544229844615,-0.34300067295060455,-0.07062763620413892
-0.2243341236434323,0.2458149980029154,-0.4701491216463477,-2.1521709123950705,2.0591527990476712,-0.25530934542206196,-0.06357186753314081
-0.20093292808552043,0.6693873022523795,-0.8703202303379,-2.2305044411564103,5.710348553868449,-0.21874931108525064,-0.035113421869860884
-0.2962258867250894,0.5446283052002698,-0.8408541919253593,-2.860940289291485,3.8550886899815615,-0.3269083741227625,-0.09608291978301153
-0.2263256611006449,0.2585768891258884,-0.4849025502265333,-1.9766276042547553,1.996032261009236,-0.2543435310142783,-0.12788779394798555
-0.2119217551103586,0.3824774581534549,-0.5943992132638135,-2.242806803054435,3.3194633108586613,-0.25264226781768173,-0.06758577105199348
-0.12226363034419607,0.01832010376198423,-0.1405837341061803,-1.329476132384601,0.28142444384305315,-0.14160922172051038,-0.16033821079030341
-0.25904725004744544,0.6463282091470814,-0.9053754591945269,-2.845764340907209,5.171430090853726,-0.2841626541250999,-0.04826507666512714
-0.07571388147164226,0.036904083681051914,-0.11261796515269418,-0.7141556917471593,0.46024640590795635,-0.12648489127476847,-0.16192604504889363
-0.11438408588439941,0.06786196210748163,-0.18224604799188104,-1.3326722256748669,0.8462116231951753,-0.15507923870951046,-0.1259889229021003
-0.1557914414923851,0.47956163973292254,-0.6353530812253076,-1.724151162806027,4.429454944052886,-0.18470993023647597,-0.04826507666512714
-0.3008491447076366,0.33688438199570614,-0.6377335267033427,-3.5484107721060454,3.049247354658417,-0.30256631351277363,-0.09021780193953177
-0.2540613153026805,0.2682622122282534,-0.5223235275309339,-2.590104880920714,2.289851378224675,-0.25819892522018983,-0.10473973599395403
-0.2178745291913019,0.5836105421048268,-0.8014850712961287,-2.1109678617577345,4.3795051813197405,-0.2465428174054265,-0.055855383965805694
-0.2565831595640805,0.4023260918614542,-0.6589092514255347,-2.5633061869227465,3.1892771608873947,-0.2741792011251908,-0.09237329538784922
-0.22759840598632775,0.45823029755251055,-0.6858287035388383,-2.8209103897174406,4.456940762153449,-0.22860280612168093,-0.04817214446162277
-0.1486641411817441,0.138385034088371,-0.2870491752701151,-1.4152161406529682,1.321221141876843,-0.18706172108647967,-0.10195378487634532
-0.1686440413004754,0.1487166712037764,-0.3173607125042518,-1.6555673389324812,1.4148570182795441,-0.18132517242644963,-0.14310396347243337
-0.15820666766940017,0.20424153563437497,-0.36244820330377514,-1.68708822859151,2.015982085295733,-0.1816821782741057,-0.07736931138522529
-0.15529863362105734,0.004425535618205689,-0.15972416923926303,-1.826951008633896,0.13093930276421573,-0.1888051451778353,-0.09999809477277899
-0.24941128687862257,0.496619230794898,-0.7460305176735206,-2.1916912112690476,3.41530236186181,-0.28571096845937227,-0.05970838763503161
-0.11047147198415952,0.11628966950854358,-0.2267611414927031,-1.4103902150730272,1.4722081454490892,-0.11508120488393914,-0.08468390626887057
-0.22362854968643509,0.1571598163659711,-0.3807883660524062,-2.4632147557285666,1.5620571999958743,-0.2236289017347387,-0.0765476550602826
-0.10395109544945291,0.10434338482280547,-0.2082944802722584,-1.5074054938212667,1.4843200925511557,-0.12168718873310236,-0.06179782195880146
-0.25090783202653744,0.6907426636671719,-0.9416504956937093,-2.9848404520177567,5.972691750539526,-0.25185464102127875,-0.05960235806801184
-0.2991689582593974,0.27769139208260873,-0.5768603503420061,-3.2844589817056753,2.4294207680489626,-0.30698319446858835,-0.11433471625549507
-0.2025835675450165,0.022513664779719056,-0.22509723232473555,-2.37128494049954,0.32481578189466864,-0.22971103930669112,-0.1194179291232561
-0.1304518052113045,0.3825472477369063,-0.5129990529482108,-1.3743842821571892,3.5529307811807254,-0.15151164133910444,-0.11473495650925813
-0.180175784781752,0.4398353771979493,-0.6200111619797013,-1.772036032430144,3.6162901195147725,-0.21493105178965455,-0.06367811926873135
-0.22696830675065793,0.24084018141333874,-0.46780848816399667,-2.0479553994014474,1.9219605519571996,-0.24963770881624348,-0.11671974533143425
-0.3360424526047191,0.4014798952270793,-0.7375223478317984,-3.844311251903349,3.339006507321742,-0.34551109064308927,-0.0656635879437355
-0.18556373871617537,0.10927934513267346,-0.29484308384884883,-2.2117854408535362,1.240983988215273,-0.18630913089503254,-0.10535248383423423
-0.16087345182331414,0.04942233637478233,-0.21029578819809647,-1.8773324875814197,0.6217387452915959,-0.21682389167986793,-0.17156202267608656
-0.1873383466766173,0.12787220017341805,-0.31521054685003536,-1.9911713978727539,1.2971152258971488,-0.20724553484750452,-0.1519644908169282
-0.32017972278008655,0.740093729418196,-1.0602734521982824,-3.2901425776696516,5.136931997937635,-0.3407952183740265,-0.07809057229450389
-0.1753862669405175,0.3433697445033823,-0.5187560114438998,-2.0176878307147166,3.3615375522063453,-0.19459239906982218,-0.11075089687081507
-0.3219985561149643,0.46713531686701315,-0.7891338729819775,-2.9971762639000477,3.2065498544543494,-0.35462056671529496,-0.07163614141941
-0.1542027801564062,0.2157872731608954,-0.3699900533173016,-1.9388295369318405,2.4440192507365897,-0.17526303035617186,-0.12794171247279917
-0.2598753754072901,0.3951895846150748,-0.6550649600223649,-3.4803637067299986,4.07935100314344,-0.26732479864810343,-0.06814796555325975
-0.2963296405676278,0.5507569831062138,-0.8470866236738416,-3.227955698246827,4.330828624497033,-0.32375233555217364,-0.04826507666512714
-0.1667006430494693,0.27969901971741673,-0.44639966276688603,-1.611734905080854,2.434079587090447,-0.1802178270689958,-0.08523333379576215
-0.1554330298192439,0.25163071821776195,-0.40706374803700585,-2.0499391604086,2.9262830028399693,-0.20892898494004253,-0.07485154405502725
-0.10838780868183928,0.1929643525130924,-0.3013521611949317,-1.3576546976082813,2.298537211753324,-0.16924475110011683,-0.07908139716222717
-0.23442262901649302,0.6655171907667305,-0.8999398197832236,-2.574461512024274,5.4319238924054485,-0.2322530845038252,-0.04826507666512714
-0.24737491259769395,0.47782692413544803,-0.725201836733142,-2.722560674473053,4.037156925055509,-0.26716065755036444,-0.05434658075726706
-0.0923860153390279,-0.05112746228305254,-0.04125855305597537,-1.0879728103867956,-0.554608675550731,-0.1345622185490134,-0.145458556758302
-0.28527749194126284,0.21830888817227545,-0.5035863801135383,-2.9523835330501713,1.8900980909656695,-0.3139016504617861,-0.21388792128177148
-0.1951267008360661,0.3363058856620622,-0.5314325864981283,-1.962847892979616,2.885073409387286,-0.24496664383866984,-0.07171206964726295
-0.1537798752238445,0.1031243029708695,-0.256904178194714,-1.6955943193473229,1.1358900211633312,-0.19679469504922298,-0.10452880460701108
-0.18940486643603716,0.2617878003555325,-0.45119266679156966,-1.7258575448425804,2.1470093662337533,-0.21028011290032678,-0.14528889123289535
-0.1065874118849699,0.22393524554474453,-0.33052265742971443,-1.0656747819882955,2.1810985789347805,-0.16023050804961858,-0.06958240551170691
-0.2971619830998663,0.7305277116802311,-1.0276896947800975,-3.150255700818448,5.352903090552721,-0.29844836994049273,-0.047560070855859005
-0.1475757015637379,0.30494457833859623,-0.4525202799023341,-1.676798887660241,3.0751603041181554,-0.17287265953366027,-0.0664314791685201
-0.29693955995609667,0.5598644359356417,-0.8568039958917384,-3.624609848689723,4.884552998788726,-0.29712014697655587,-0.0709796409609843
-0.12621917329060484,0.27165535745527625,-0.3978745307458811,-1.6399890707426241,3.1815578312081554,-0.13957041129173986,-0.04826507666512714
-0.06250770761757685,0.16970591025505355,-0.2322136178726304,-0.5363743230903026,1.6356747481328897,-0.15957899085748561,-0.0647894102012967
-0.1717007114649941,0.4517112053851242,-0.6234119168501183,-2.317885351480742,5.015447202990185,-0.19004595409234015,-0.03388359689085252
-0.19866301764592253,0.4164265360353614,-0.6150895536812839,-2.649111518342536,4.470379401263565,-0.2037517677093007,-0.04817214446162288
-0.1029209376251331,0.16373612664808057,-0.2666570642732137,-0.8145002608829417,1.4038224429777155,-0.17906025911047452,-0.16779314065656392
-0.23054011157716547,0.653714530515433,-0.8842546420925985,-2.1772366505876137,4.658346038490796,-0.236541269092568,-0.07034589249394307
-0.23042627685573602,0.32486496602802695,-0.555291242883763,-2.230767563817406,2.6360502998586273,-0.23471096149714832,-0.1059480689867236
-0.14219970310619368,0.18939914895038434,-0.331598852056578,-1.6666045707490174,2.0805978686006217,-0.17235641765078313,-0.07485154405502759
-0.17066600011801292,0.3464828349675755,-0.5171488350855884,-1.9987729221489645,3.4524466219704593,-0.21328027084866918,-0.06353959208902904
-0.1959335959319729,0.37376966515485277,-0.5697032610868257,-2.0358175128299263,3.244406340726456,-0.21057239498745028,-0.10145676917909863
-0.07081039387208754,0.04828044073591897,-0.11909083460800651,-0.8599752868547722,0.6718710405158418,-0.15315371826829838,-0.08377658927386877
-0.19420225912842137,0.5344463374721473,-0.7286485966005687,-1.740793975790009,3.875387824551574,-0.20199246777451108,-0.05471439400788436
-0.20064316329310972,0.3119772481366119,-0.5126204114297216,-2.0193565941159273,2.6992254925873262,-0.23382734257112248,-0.12182132917983501
-0.15370109533808174,0.2900032350729478,-0.4437043304110295,-1.6753640208745944,2.8275148730091253,-0.17912385427811617,-0.09236197896775611
-0.13944840609856812,0.1482922573053187,-0.2877406634038868,-1.4368709866193619,1.500952761413631,-0.18037738347212917,-0.09308655551107914
-0.17856910365372636,0.27221835027485053,-0.4507874539285769,-2.169676329978173,2.8699346262514607,-0.18952146095872213,-0.07485154405502759
-0.23850742293879978,0.31436088768280546,-0.5528683106216052,-2.7785075137360304,2.989229659936162,-0.24872867008856137,-0.05777379858313403
-0.24436593547597807,0.3881341739280735,-0.6325001094040515,-2.5784558066659367,3.275103410221579,-0.25002692030476614,-0.08077912284053379
-0.14442339703423823,0.37156565709943523,-0.5159890541336735,-1.8422340282939258,4.0585737957608305,-0.16752318869044425,-0.08703320582646501
-0.3099766217397333,0.5924521777766247,-0.902428799516358,-3.41493928591417,4.612307639601868,-0.3125863517419105,-0.04826507666512714
-0.2386695920100561,0.36082127411758,-0.5994908661276361,-2.4851319279506607,3.042168907617249,-0.2559930217410181,-0.12191394530432209
-0.29822021857283965,0.5673316613044781,-0.8655518798773177,-3.4074769432621976,4.648585751353052,-0.3021274531375142,-0.06741521194063926
-0.22744884197002146,0.469330687919987,-0.6967795298900085,-2.612190205998668,4.2238867066797114,-0.2515553453358339,-0.04826507666512714
-0.3182224833034689,0.538852818944096,-0.8570753022475649,-2.980274507042083,3.6472655875006237,-0.3139375667939419,-0.10352700443858665
-0.26828384878058653,0.6859151021451901,-0.9541989509257767,-2.8464874825276327,5.214422392134205,-0.2751233298391256,-0.03830866567277447
-0.28519418211967285,0.41591433722228044,-0.7011085193419533,-3.456629037273385,3.8070150620238703,-0.3251675423534284,-0.0643195398855596
-0.14003103011350626,0.18143530912920758,-0.32146633924271384,-1.623425502755899,1.9862356990845769,-0.16441362438985097,-0.10145676917909874
-0.1977325270555611,0.352432811364741,-0.5501653384203021,-2.1346008359526203,3.192565216451255,-0.20892120978714424,-0.07065767469852169
-0.2817544981065646,0.29904898241108513,-0.5808034805176497,-3.1937535516209414,2.6881670327291287,-0.29595008777560383,-0.12104945152760727
-0.2341663450115229,0.3681429037451964,-0.6023092487567193,-2.266867569468133,2.9149293821688187,-0.2341663450115229,-0.11102739901483993
-0.11558894127214292,0.497171020934726,-0.6127599622068689,-1.4466189881065334,5.359301011491152,-0.12668141993970095,-0.06795374531603138
-0.15917311849391613,0.18261386728995266,-0.3417869857838688,-2.327425070882767,2.4053260179839713,-0.18589660887347836,-0.0664364267829538
-0.2208808417019259,0.2603553261637854,-0.48123616786571133,-2.5810404324884195,2.56798432529199,-0.22724223883531425,-0.06566358794373561
-0.19162836973367847,0.22935088467027742,-0.4209792544039559,-2.9721889978004152,3.0221033955475454,-0.22023285139903925,-0.06268389242029282
-0.17047468371850816,0.3556147008528321,-0.5260893845713402,-1.645388306407173,2.982734646822807,-0.2066236871703513,-0.07735366487932682
-0.16479412766766055,0.2661239263744102,-0.43091805404207073,-2.19479984668102,3.083174873964125,-0.23665817870927686,-0.05254939087238497
-0.02806580909861489,-0.08516033688612845,0.05709452778751356,-0.29804717397793046,-1.091787868519396,-0.10460449898321611,-0.19158848682466445
-0.33897191500503343,0.8865022190267298,-1.2254741340317632,-3.024515413936504,5.128131785625703,-0.3487609173659524,-0.04826507666512725
-0.27638845104273335,0.7329185922207988,-1.009307043263532,-2.623519964630796,4.929582468461187,-0.31512451006896214,-0.05716704446284504
-0.2912372407782736,0.45638840926290203,-0.7476256500411756,-3.673620952999749,4.262796152158302,-0.27989255315702743,-0.04826507666512703
-0.2252855309163334,0.420504112158816,-0.6457896430751494,-3.2564691071657736,4.777996733434904,-0.2325759565857657,-0.06453624904416966
-0.27664238722314594,0.360121295079463,-0.6367636823026089,-3.2863099592756306,3.3057712177638465,-0.2752962036981522,-0.050669761070491814
-0.071087851824852,-0.07273797516215363,0.0016501233373016344,-0.9499266365425342,-0.9845657004217031,-0.1141793109366066,-0.12693382221088112
-0.23976909644788047,0.39199986514180885,-0.6317689615896893,-2.247285584605116,2.981662179577003,-0.2858198676889361,-0.09993186190073589
-0.17185804480651745,0.1791403146220918,-0.35099835942860924,-1.7949320166962441,1.744808798969651,-0.18091268628233081,-0.11563572748585627
-0.22339072107949143,0.11268350284681428,-0.3360742239263057,-2.8291903446573117,1.3045101921736693,-0.22818512864506268,-0.08754261623692983
-0.1411186239559723,0.16041772573309077,-0.30153634968906307,-1.621526520742659,1.7574047169386897,-0.1964068982530135,-0.11770738665714964
-0.22015952157432184,0.4404566577321307,-0.6606161793064526,-2.563760365031037,4.065236953091879,-0.2503482643627464,-0.04826507666512703
-0.23448371413972247,0.40190434835458166,-0.6363880624943041,-3.237614181585016,4.369313422236675,-0.23533823562566336,-0.04826507666512714
-0.24415166244354503,0.26855996488488354,-0.5127116273284286,-2.6270826408742343,2.4231912806233424,-0.2836521778173191,-0.12369294280540721
-0.186806933990753,0.33739042818451415,-0.5241973621752671,-2.6523874170514747,3.990006380832773,-0.22056550494544502,-0.04826507666512703
-0.2171463469813486,0.16863658155268824,-0.38578292853403684,-2.5325706324902644,1.7471703687319278,-0.23148722203943406,-0.10145676917909852
-0.15891271197602952,0.34290015927517103,-0.5018128712512006,-1.928252400422445,3.5716001286554278,-0.2020849238318928,-0.0625629310955953
-0.07753001723242103,0.05541392094675435,-0.13294393817917538,-0.7517843072281692,0.6519191038148725,-0.09672387524452053,-0.13592922453192646
-0.37224876453026934,0.9710533180059095,-1.3433020825361788,-4.104181389295744,6.56659788107038,-0.3875899254200389,-0.04379622473763478
-0.20273016266629107,0.14950970561381238,-0.35223986828010345,-2.1202982192390096,1.4543257378705652,-0.2542024919278941,-0.1317494903057268
-0.2843401831177106,0.6403314852946029,-0.9246716684123135,-3.1040171021963032,4.994682101517322,-0.29720055234684983,-0.04826507666512703
-0.22977133990812337,0.5528902506669409,-0.7826615905750642,-2.5924412150548255,4.758381437032455,-0.2807980827258372,-0.04949407078595491
-0.25083824966054147,0.7028206821382883,-0.9536589317988298,-2.7053290299893855,5.512135625413007,-0.2690855570643821,-0.05080326128801593
-0.1409185666321432,0.24976296373002627,-0.39068153036216946,-1.3826631167238672,2.285450460458543,-0.148295678660204,-0.09748009859531015
-0.14472522717197633,0.22824641650293676,-0.3729716436749131,-1.5724145576969377,2.286607257964945,-0.15415138159215358,-0.08694368880612968
-0.2998822591750694,0.7100472675511764,-1.0099295267262458,-3.5297498072599667,5.788654644768377,-0.30591503826199373,-0.02933286777496158
-0.056889961760825725,0.2152748211715796,-0.2721647829324053,-0.67047703611277,2.568935411674451,-0.13006603472631584,-0.056967844936333556
-0.11873514853134703,0.16783924778126047,-0.2865743963126075,-1.3545992556012625,1.8529180079352214,-0.19478903315587415,-0.10640443715753833
-0.28733589763170264,0.3128008029670428,-0.6001367005987455,-3.201238144852987,2.7408136555306233,-0.2855836728041511,-0.08377658927386888
-0.29532900399976114,0.3703624665408658,-0.6656914705406269,-3.587713959427123,3.412048779435329,-0.2962196672130094,-0.07884951914340088
-0.24008982080138308,0.3829030317422275,-0.6229928525436106,-3.3684217285263425,4.222784027441088,-0.2477325428187841,-0.04826507666512703
-0.21094700090909302,0.28387203365939184,-0.49481903456848486,-3.8242510200839597,4.221884211889156,-0.22885787567514948,-0.038668861880952865
-0.2998182970280199,0.3945537613172825,-0.6943720583453024,-3.845479538562391,3.7626118965417144,-0.30070328603560836,-0.11789161166429052
-0.21558235711461615,0.3123205588474127,-0.5279029159620289,-2.6580892231778592,3.18405728411255,-0.22442229445896766,-0.06054565332488315
-0.29582310533277856,0.49027983270251085,-0.7861029380352894,-3.33822503545785,4.058164461332697,-0.2989558537967896,-0.04835022355195606
-0.24646892843639912,0.2515537299433419,-0.498022658379741,-2.989956643226013,2.523937494381961,-0.24173304664224826,-0.10145676917909852
-0.19853455246600427,0.3411381494225214,-0.5396727018885257,-2.2392724313194106,3.2208877393132824,-0.22821397402212262,-0.06566358794373561
-0.18739950370798353,0.43289090300036404,-0.6202904067083476,-2.19772051567161,4.160309040572049,-0.19200845168315295,-0.04826507666512714
-0.24542071086051376,0.45977015268989585,-0.7051908635504096,-3.665198586358762,5.259946870364981,-0.26359546710556114,-0.03178666147155085
-0.0995616360332785,0.1613830656418611,-0.2609447016751396,-1.3534481845991697,2.1213249081580647,-0.15107581511352608,-0.07504245518639574
-0.12347632576389678,0.05471699814373521,-0.17819332390763198,-1.4118870880983387,0.6838265041796916,-0.13343428329198181,-0.11008534242291601
-0.2448485393056734,0.22134201783561425,-0.46619055714128765,-2.90533016378456,2.2247186635820575,-0.2461107739415863,-0.06566358794373572
-0.24243830124226928,0.4634041648919216,-0.7058424661341909,-2.934287777955912,4.30939702871617,-0.24333165683242364,-0.042365291598224886
-0.1713396044051254,0.2543197368269703,-0.4256593412320957,-1.8356060221797432,2.4350773047331846,-0.21121540565626573,-0.0687457899212226
-0.2830448062188735,0.5302536045609461,-0.8132984107798196,-2.867828959105046,3.9751561714870056,-0.2864314188648247,-0.08276299628540928
-0.2093564555670162,0.1922181468254811,-0.4015746023924973,-2.0097662620764085,1.6865192835706744,-0.21516605254489818,-0.12172318828394146
-0.1646029466753013,0.2323976609800189,-0.3970006076553202,-1.6863283933342008,2.172821981178535,-0.2076992626627573,-0.11656692576513072
-0.20888709133053807,0.415467608297982,-0.6243546996285201,-2.216089892828222,3.5925205692644306,-0.2333989190910729,-0.06998667877246223
-0.29456374098063254,0.25668963534867784,-0.5512533763293104,-3.070865187055768,2.1772339016967717,-0.2838170231321083,-0.17515443474905523
-0.25883106162823,0.508393785392987,-0.767224847021217,-3.0153307716434883,4.442859894872368,-0.27469449023112935,-0.08359495041590526
-0.2278107148648657,0.11570205306953008,-0.3435127679343958,-2.2705685646203353,1.101710578012533,-0.2526181132382058,-0.13208199376396468
-0.11076416788439314,0.27276686384547566,-0.3835310317298688,-1.06831412618666,2.513939596077051,-0.1864071183687438,-0.07964818949870689
-0.16676483251471763,0.34619666396014437,-0.512961496474862,-1.7118786855557921,3.091283058411353,-0.17238493965240098,-0.07485154405502759
-0.20026696299084135,0.16558305429632458,-0.36585001728716593,-3.0272524859336403,2.196505667552702,-0.20386711072201558,-0.15084692692065205
-0.2701739798948861,0.5731003758673383,-0.8432743557622244,-3.268888562668373,5.098575560639093,-0.284018831724816,-0.053815541531564204
-0.17680917552251518,0.3236287190224316,-0.5004378945449468,-1.5410168808478018,2.512922904114565,-0.19504600714209352,-0.12768941956732016
-0.1612966877975327,0.13287427163443266,-0.29417095943196536,-2.166686863498377,1.6614667431919274,-0.17510581271067271,-0.07639814744175444
-0.13189547703152893,0.2589111240880748,-0.39080660111960375,-1.5753786452078709,2.811233297501936,-0.1573529202877112,-0.10582169747880565
-0.21870409213987518,0.04896031549025759,-0.2676644076301328,-1.8980110267907921,0.5005674155252289,-0.23606162871763903,-0.15992186742750714
-0.25470286057823754,0.45758881625137193,-0.7122916768296095,-3.0303882546576433,4.154466762673471,-0.3092134550569493,-0.06282579547395639
-0.14087484399636685,0.06186937625767941,-0.20274422025404626,-1.5433698481716032,0.7305738278395238,-0.1461802668635661,-0.16433258583029897
-0.1708605380538707,0.18464872992146408,-0.3555092679753348,-2.103253900829819,2.0588653891471775,-0.19459932721432127,-0.11434563618776317
-0.178420141910261,0.35135004897664324,-0.5297701908869042,-2.160827962743253,3.5860355365200514,-0.19991672409605177,-0.04826507666512703
-0.2835507226025744,0.33688581017507246,-0.6204365327776469,-4.13201254451694,3.7542464680447605,-0.2851098994783595,-0.0298819298911146
-0.19281082895602353,0.22916225993791284,-0.42197308889393637,-2.7465370922112116,2.8028271008696453,-0.19955875858113536,-0.08059864029692965
-0.19298820180295284,-0.08555382746056528,-0.10743437434238756,-2.6011259655872974,-1.0390010506036813,-0.1792977596803883,-0.17838225649578943
-0.2634836853079563,0.21141757291721142,-0.4749012582251677,-3.339596095819526,2.22312412591104,-0.28544835531847934,-0.07485154405502759
-0.21993916287564563,0.175883264420446,-0.39582242729609163,-2.2035444164371527,1.6004386225507605,-0.2574286987154484,-0.10965450032373325
-0.24110213765532873,0.16931529044252103,-0.41041742809784976,-3.7051574640210547,2.197111886508373,-0.24115072112535163,-0.12389002345708056
-0.3039464743332322,0.2858564148296796,-0.5898028891629118,-3.0331826614728064,2.279923429417566,-0.29538662164013074,-0.14474152349921587
-0.24980966812165528,0.4087912703817995,-0.6586009385034548,-2.476126023258535,3.222924987813336,-0.2834321641831151,-0.07437258175820716
-0.21625475190270382,0.34870476495479563,-0.5649595168574995,-2.250467804322211,3.0115410154259123,-0.23720559102882777,-0.09206754306196074
-0.2369738006226888,0.26544618169176903,-0.5024199823144578,-2.5117769704918547,2.3758683717638163,-0.23697414661954241,-0.08953697885001055
-0.08955756875324672,0.059669826344012744,-0.14922739509725946,-0.8389520786863368,0.669731024933577,-0.1395091339852388,-0.1804744015409242
-0.19297699269716662,0.31853757354903167,-0.5115145662461983,-2.1576361106671067,3.0232514088855047,-0.2378300344547113,-0.04817214446162288
-0.17556060727179035,0.1880729384295705,-0.36363354570136086,-1.7761446071817175,1.7751170711386703,-0.20956595466938666,-0.12497890399988765
-0.28591832071966283,0.4409196302853491,-0.7268379510050119,-3.338045251659164,3.8640117867565262,-0.29784661210723207,-0.08037717183392046
-0.12213613903567877,0.2353580078175479,-0.35749414685322667,-1.3289768764472134,2.408490307268353,-0.1503808297948156,-0.10310976683289219
-0.10354394283692447,0.07760731741679106,-0.18115126025371553,-1.1652260206340248,0.9383768835136493,-0.15707032027647627,-0.09496551070383019
-0.2034046446823341,0.177990389354167,-0.3813950340365011,-1.783802201497469,1.4791800801871744,-0.20588294668339224,-0.15859821984570832
-0.13715024597960468,0.24139395808910868,-0.37854420406871336,-1.6768039028520725,2.6898634234981067,-0.13018930761597147,-0.07532713670553004
-0.23255008896277363,0.4887551357787874,-0.721305224741561,-2.974518976383613,4.823754903472951,-0.24059910876136803,-0.04826507666512714
-0.17957294522177347,0.18037135892448974,-0.3599443041462632,-1.9070204326630504,1.7739689992701317,-0.18758736086401528,-0.15464793126499998
-0.3380742679420715,0.4510275897046947,-0.7891018576467662,-4.073427631599637,3.8486005706980584,-0.34052534335487517,-0.07296219272539173
-0.23449822844048884,0.2264033159715524,-0.46090154441204123,-3.0931200961925436,2.5109820826525366,-0.2516411643398926,-0.06885418767003781
-0.241492869838147,0.16475047113538244,-0.40624334097352943,-2.2623373208312656,1.4101953012354695,-0.25319009347685306,-0.1080350468951512
-0.22223567385872922,0.27792805575082746,-0.5001637296095567,-2.5161768090005157,2.639418223594905,-0.2585393658646845,-0.06850507163762298
-0.22961046723773604,0.5206542323944252,-0.7502646996321612,-2.3319098945617824,4.090839216937899,-0.24939811504611453,-0.04817214446162277
-0.17124706303309045,0.3164381724425982,-0.48768523547568865,-1.8798444172489193,3.0168894483419626,-0.17229455861332232,-0.0852492268239956
-0.21052938806972843,0.5987347549787427,-0.8092641430484712,-2.0070882118501174,4.437024423079597,-0.2308579497756037,-0.06490002826071939
-0.126098278525395,0.022485675117717818,-0.14858395364311283,-1.5685781092718072,0.347410615724438,-0.12857803691665437,-0.18552822198279206
-0.15050616618564538,0.3521339216617183,-0.5026400878473637,-1.610531174321491,3.287495599789302,-0.17007217129369712,-0.08921825143090689
-0.1649096259290853,0.17606127181268794,-0.34097089774177325,-1.9634888821142622,1.9380319289680805,-0.21517487944350377,-0.06760150177767743
-0.08430886882488897,0.30543305455861613,-0.3897419233835051,-1.1370239119159355,3.8231413030268437,-0.10450434074896398,-0.057167044462845484
-0.20170787376545007,0.4397478228196512,-0.6414556965851013,-2.0997630403805636,3.7187108658003516,-0.2076500504251575,-0.07485154405502747
-0.276197269266396,0.4742266972955751,-0.7504239665619711,-4.382533617921008,5.568662891661602,-0.29307722678273784,-0.021823989603876437
-0.16614657776582353,0.31990664988917517,-0.4860532276549987,-1.4934326035092025,2.5772310411505086,-0.19190572833171116,-0.08776323634660588
-0.23353136270825836,0.4309037386944339,-0.6644351014026922,-2.329581924820056,3.429124981334205,-0.26514561174870954,-0.08784792026584198
-0.23706730825720213,0.33218879210939956,-0.5692561003666017,-3.268865123605755,3.6655139732661777,-0.2510286988412035,-0.04817214446162288
-0.18458215682740386,0.41169150928003617,-0.59627366610744,-1.9632164718914427,3.633723650984791,-0.23266850140609108,-0.04817214446162277
-0.21208809009098473,0.2080445151116328,-0.4201326052026175,-2.44489287540505,2.106560445120652,-0.2207718249189644,-0.08985516463422372
-0.19825782399278202,0.30255653565496776,-0.5008143596477498,-2.5520028138208435,3.260159216701816,-0.20191970432953832,-0.04817214446162277
-0.2992482498057015,0.3869221197037933,-0.6861703695094948,-3.9696816941835524,3.8198655721193573,-0.3024028147752983,-0.08065224936039006
-0.22947580954108848,0.2210817227652675,-0.450557532306356,-2.613686898656803,2.1629590817995683,-0.2333843125293632,-0.08594910870488615
-0.23368898732586219,0.4042421575701165,-0.6379311448959787,-2.557462319178498,3.5309055311855726,-0.23886082958756039,-0.07485154405502736
-0.18115114464902993,0.6369498472978725,-0.8181009919469024,-1.857856238523169,5.136662501629751,-0.21649694504257144,-0.04826507666512703
-0.26272683257224805,0.21631394733741627,-0.4790407799096643,-3.985294197797748,2.6521549777164446,-0.2765097246097089,-0.0656635879437355
-0.23781010098762756,0.5070692418260203,-0.7448793428136479,-2.5511618385368577,4.197119401870352,-0.23941728370193394,-0.048265076665126916
-0.29762081819043795,0.24347960017736403,-0.541100418367802,-2.8488941923064997,1.929405670518947,-0.3109345373882412,-0.10647863843694627
-0.13301990876699765,0.2279628934550173,-0.36098280222201495,-1.5925892611097505,2.510924117402561,-0.17747131717608522,-0.09392886602267325
-0.26963263980443364,0.3631499866415604,-0.632782626445994,-3.564395177101966,3.7101975940514142,-0.27170510922020596,-0.0317866614715514
-0.18101518994028087,0.0011636306369959826,-0.18217882057727686,-2.0856739216747076,0.09669276645950634,-0.21955343022275242,-0.13708781950135096
-0.14165584971707512,0.08471609211027209,-0.2263719418273472,-1.3578329503409667,0.8719036256957173,-0.1579057407952793,-0.09894210564042716
-0.1572984770452971,0.3823996952454587,-0.5396981722907558,-1.21226085322197,2.67142790351598,-0.23254200394152091,-0.061331137659054846
-0.236096948699267,0.169912367364903,-0.40600931606417,-3.0137340843729508,1.8804517219682613,-0.23964626968688607,-0.13058024592141015
-0.24010640479925627,0.4332491862153378,-0.6733555910145941,-2.8570207542552053,4.025406236886364,-0.2551251381448376,-0.05716704446284515
-0.18672167706623366,0.4535443829625718,-0.6402660600288055,-1.6947314973536824,3.43203142473046,-0.21097557291838587,-0.08746994821912402
-0.09362431337163701,0.40890519611929665,-0.5025295094909337,-0.9816137807343177,3.907843509144759,-0.11228834187463443,-0.07030456686029751
-0.0825956523403415,-0.08217986647703845,-0.000415785863303042,-0.7872795924281286,-0.7879637997681447,-0.15627132946820355,-0.2340342038972819
-0.2739744059125173,0.4865172765819006,-0.7604916824944179,-4.000098792131771,5.274639831136067,-0.2775185257948498,-0.04121767099575391
-0.1862829265671978,0.24248366681053923,-0.42876659337773704,-2.431857226354413,2.737095424488198,-0.19079649303338586,-0.07818590646920476
-0.19780437919518012,0.1589549599271156,-0.35675933912229574,-2.113193908067907,1.5699365738290467,-0.20984811448686225,-0.13728291441968077
-0.1990196971796162,0.04770669830252161,-0.24672639548213782,-2.8304252697770256,0.6758984051171325,-0.23817993382583547,-0.09910001156445458
-0.3647820276342574,0.6654993544009087,-1.0302813820351662,-3.7106699619369716,4.472064101303518,-0.36736656578152127,-0.06578141934100146
-0.23372525127934074,0.31967503206219194,-0.5534002833415327,-2.630733785126616,2.9513196787325744,-0.23927554519300465,-0.07755922549409555
-0.11562599591921041,-0.06741383941915902,-0.048212156500051395,-1.2031251251968689,-0.650521931147424,-0.16252046097094197,-0.18203521618486584
-0.1982876268474857,0.1979129563842319,-0.3962005832317176,-2.547582631045755,2.2354247868316355,-0.22192422023608593,-0.05360156396066562
-0.26580357416126155,0.3028227547718729,-0.5686263289331345,-2.8592540237645485,2.6287038282872186,-0.2782667438016687,-0.116378643677849
-0.23223688808865328,0.3360709797035617,-0.568307867792215,-2.321904511948738,2.7856552030198314,-0.2651027856983582,-0.08576406046662566
-0.3414044987494378,0.8786490864217711,-1.2200535851712089,-4.3697316183333985,7.272495682202567,-0.3444777502165659,-0.029332867774961358
-0.08180882640220377,0.18418780933710632,-0.2659966357393101,-0.8701228483159196,1.9843192549028228,-0.09522298246636696,-0.09613246595884861
-0.24056386705053456,0.2889028179161479,-0.5294666849666825,-3.825298803107732,3.6866842878454817,-0.24145943306957718,-0.03439881164158476
-0.16270393891758927,0.15139004465322925,-0.3140939835708185,-1.609448360897007,1.4537334534547657,-0.2557819549902939,-0.11511643535185478
-0.19865761995108588,0.48822287707580414,-0.68688049702689,-2.3285452098058683,4.564235006039483,-0.21189627192312321,-0.05800152261051905
-0.18740034472515454,0.1947212260128215,-0.38212157073797604,-2.529660646778712,2.319701223801064,-0.2180722870697105,-0.0770455315912647
-0.24665416385580907,0.3975186784734137,-0.6441728423292228,-2.539071760668388,3.2473726511502656,-0.2513109993694508,-0.07753060566373027
-0.2169561876653392,0.34891196805027924,-0.5658681557156184,-2.2442747412244626,2.994555829782033,-0.21975113678064273,-0.08267020919876056
-0.30624222534744105,0.51719907532658,-0.8234413006740211,-3.805416795424774,4.609061993465253,-0.3110851666763277,-0.06338528003326671
-0.19773100818112932,0.5505937670238397,-0.748324775204969,-2.767105807765816,6.083127642961134,-0.22085491482991926,-0.03983086018165316
-0.19535811852936646,0.7667440861327595,-0.9621022046621259,-1.4613274181312397,4.433342509488132,-0.2640277906170376,-0.05764223128795021
-0.049899389996276744,0.30203729652629696,-0.3519366865225737,-0.476052558961133,3.023595651140151,-0.1663912019633177,-0.05743905691702411
-0.2661162141325356,0.15057762705401423,-0.41669384118654984,-3.303393346417569,1.6089237082863772,-0.26617351705427394,-0.13502024463188766
-0.2727386513058586,0.3740780991134445,-0.6468167504193031,-2.821898562760908,3.046449723954088,-0.29681516260659113,-0.1342297433647639
-0.25144272906615406,0.3041077720530443,-0.5555505011191983,-3.173149896779134,3.076606917986232,-0.2611586157656597,-0.06643642678295392
-0.27759833430367176,0.2302992014615688,-0.5078975357652405,-3.1947176980417273,2.178083086631183,-0.2833218277400801,-0.08382643906469911
-0.20707439049789989,0.2707517477838186,-0.4778261382817185,-2.0332577042153384,2.318035274037501,-0.23286305602883484,-0.17435688341387923
-0.09952397878175534,0.050009450218035933,-0.14953342899979127,-1.1820291645726229,0.6637916015340896,-0.10976381075410457,-0.0925972233205381
-0.19679354036367114,0.2571242319620164,-0.45391777232568753,-2.5003998852324476,2.787916849605926,-0.19796411442810546,-0.08821329289507496
-0.2533078588690725,0.2551495031581603,-0.5084573620272328,-2.704927728728576,2.2758107764392497,-0.2477181732841266,-0.1253266336295178
-0.13847165964181518,0.17740757067049362,-0.3158792303123088,-1.4488526628272473,1.784983631906881,-0.1572565793292422,-0.07868525950307803
-0.17976558893318806,0.37365738792419734,-0.5534229768573854,-2.1414323655834426,3.7337645545932805,-0.20457544731193433,-0.0664364267829537
-0.179894287505455,0.02461232285037207,-0.20450661035582707,-2.3246357751798006,0.3694939850251883,-0.21012751923680506,-0.12980951006829655
-0.2923129617425829,0.8315028749218625,-1.1238158366644453,-3.1570329042524445,6.112981961819759,-0.2970116046479081,-0.05383808172422522
-0.22839126290912615,0.4435853139896879,-0.6719765768988141,-2.983645234105029,4.529349185307806,-0.24232221153684774,-0.04826507666512703
-0.024467583867783138,0.007913107775314288,-0.032380691643097426,-0.2300143193916274,0.17155662654281897,-0.08744491105422181,-0.15782723361987505
-0.15524258457238305,0.1445189582960542,-0.29976154286843726,-1.661591248352909,1.4927977756949005,-0.18108479509177877,-0.1014567691790983
-0.17746870861706798,0.49480575797276205,-0.67227446658983,-1.8825024994525912,4.278661944705235,-0.19898995418835275,-0.06543847499701638
-0.08573306124060476,0.2937754539753503,-0.3795085152159551,-0.8729046215044772,2.8898729074264167,-0.11123454291484092,-0.07701373739010398
-0.21831803635607483,0.3224854870856475,-0.5408035234417223,-2.8256861063191674,3.4108520911250033,-0.25394011515376735,-0.09502819934276374
-0.249487130689668,0.19306305276806568,-0.44255018345773367,-4.032994882453139,2.5750477298871055,-0.2672037771509338,-0.07485154405502736
-0.09293468727148801,0.2465898127418571,-0.3395245000133451,-0.9025414593820005,2.36141207296776,-0.1323492758703385,-0.0833820085931285
-0.2530973629629484,0.11972825562504252,-0.3728256185879909,-3.2874193551964197,1.3732135707296338,-0.2542777150434873,-0.10742195765198415
-0.21752109661410035,0.20830855855427677,-0.4258296551683771,-2.3147674379179195,1.961244688834685,-0.2614763747053246,-0.10500912473664148
-0.23081372052450744,0.3716511516083678,-0.6024648721328753,-2.56082014671392,3.3286247537228224,-0.25286316941710696,-0.07496487123530193
-0.2408395111738164,0.3667365125898632,-0.6075760237636796,-2.717923940385727,3.3109333897002484,-0.2637489394920941,-0.05696784493633322
-0.2393995189783864,0.09352841558001601,-0.3329279345584024,-2.50829134181639,0.9462067560128928,-0.24834953286862904,-0.14537866433221258
-0.15935868395690833,0.08748832383910443,-0.24684700779601276,-2.823255715639972,1.4487292596249368,-0.16166654781778156,-0.12254533489881625
-0.153414808052736,0.3100611630577086,-0.4634759711104446,-1.8116049963648837,3.2112626212783852,-0.20839187235568224,-0.052562953556113845
-0.053380690363024286,0.2765591232244511,-0.3299398135874754,-0.4719404264959991,2.633502178957218,-0.09250118907911298,-0.10687835600245532
-0.22539271187851284,0.44190075929515205,-0.6672934711736649,-2.02526961716433,3.2220707951665477,-0.25052731280968765,-0.08668125450222841
-0.21353221438261938,0.23035804792619197,-0.44389026230881135,-2.6731817834575913,2.4692895276473603,-0.23370392642960025,-0.06643642678295392
-0.28967402622956884,0.5022130077956464,-0.7918870340252152,-2.8747161152534644,3.700590296643343,-0.3023264513388315,-0.08192885746027356
-0.21725684904639908,0.2289742204963916,-0.4462310695427907,-2.5898716792233905,2.34167429369689,-0.22118641575758935,-0.06282579547395684
-0.2759935090521043,0.30416409668427447,-0.5801576057363788,-3.2025419013894685,2.806632677462405,-0.272825427566017,-0.06566358794373539
-0.17985884263840368,0.3776774501879434,-0.5575362928263471,-1.9037075786203037,3.376465500819723,-0.20626818722244034,-0.09286652509049775
-0.1785018683871077,0.24547862105237916,-0.42398048943948685,-1.720081003001439,2.1487688272356578,-0.2547415072685325,-0.08201801869094771
-0.239629625915613,0.3295984039159696,-0.5692280298315826,-2.946275799748638,3.259633515641313,-0.2639479773570532,-0.05798320497275444
-0.25157220209402054,0.44057691994771053,-0.6921491220417311,-2.5684215247453746,3.5179017961961607,-0.26334372059487754,-0.11789543973376149
-0.23573400055260008,0.5949814349850038,-0.8307154355376039,-2.6081826521978715,4.950768915699973,-0.27965994790595494,-0.036771344525816985
-0.15874949469080812,0.2815962974756716,-0.44034579216647973,-2.152665106915625,3.3259796456387067,-0.20737249227099286,-0.07749147025900605
-0.18759046327189177,0.279531290383513,-0.46712175365540476,-2.112825008059216,2.7117441844238717,-0.23067310197526192,-0.07988042904346648
-0.0721822818919986,0.067304405969556,-0.1394866878615546,-0.655906862999845,0.7437725015826521,-0.16147486430783276,-0.1941211903260942
-0.13619140053053613,0.3104399327977567,-0.44663133332829286,-1.8999168491365261,3.793102323537343,-0.14867871143584743,-0.0662769075383749
-0.21066367676816278,0.2904324161710199,-0.5010960929391827,-3.148410899501191,3.574333854559807,-0.2566840404168351,-0.083776589273869
-0.23769880626064877,0.3588422796605497,-0.5965410859211985,-2.5768832396124965,3.145687712155168,-0.2385977509062468,-0.066326611358685
-0.21123521511598553,0.14818749362010708,-0.3594227087360926,-2.119834795781585,1.3899479225373557,-0.23810087330403107,-0.12307647734019178
-0.24610135293338486,0.18116581499681206,-0.4272671679301969,-2.478411401466434,1.6181698337047614,-0.25207506224445164,-0.1527473813231719
-0.19584436908028824,0.507809062241894,-0.7036534313221823,-2.4147173608090324,4.961751863790147,-0.21676950052967803,-0.044169333763111274
-0.1914413189639066,0.5863546201869072,-0.7777959391508138,-1.6649891655142786,4.080806783948125,-0.2489898301541803,-0.04826507666512703
-0.18005494146669365,0.11915572399224628,-0.29921066545893993,-2.312605010374472,1.4312145932219391,-0.22552614529033865,-0.083776589273869
-0.07149560498524765,0.22112082729134697,-0.2926164322765946,-0.6072487488358492,2.0175834765026894,-0.13448371723732844,-0.1090363713020861
-0.1300602703589464,0.02757532621983705,-0.15763559657878345,-1.7804953127755911,0.42933853623588053,-0.1645834156070608,-0.1173924810747291
-0.14237566674652935,0.052849445357553426,-0.19522511210408278,-2.0312159329680135,0.770502247638081,-0.141093615937673,-0.11363330580427111
-0.1570752033944347,0.27194269217512534,-0.42901789556956005,-1.6592670964583687,2.587262897052907,-0.152809949041526,-0.0664364267829537
-0.1756619461647424,0.48090873163894376,-0.6565706778036862,-1.7474545569509627,3.9509265499377073,-0.21244675520421352,-0.05027057574441918
-0.14040999507601137,0.412089384617772,-0.5524993796937834,-1.5013905990573904,3.8118255820651217,-0.16291932613145899,-0.053549073708188955
-0.22392156285196674,0.2697410516824297,-0.4936626145343964,-2.336971470174928,2.4060959695209494,-0.23290920985286356,-0.08832794630503538
-0.09772839943892464,0.1030848278366594,-0.20081322727558404,-1.032074081106728,1.1545820674139324,-0.1368473822122266,-0.08860507162025422
-0.2315778404865334,0.43407566764963557,-0.665653508136169,-2.118178849026368,3.2132868912261716,-0.23575363470483024,-0.07485154405502736
-0.2866392796989581,0.4336861888077106,-0.7203254685066687,-3.080417572333802,3.5361850941032213,-0.3092571008091569,-0.07485154405502736
-0.20156288781729192,0.2243160418151089,-0.4258789296324008,-2.376071785857693,2.309860811114389,-0.20643636042294256,-0.07174653036537137
-0.15733535282290356,0.2629697440720926,-0.4203050968949962,-2.1429747666528627,3.1408338215576146,-0.1924424677970542,-0.06874832399168018
-0.20131700040778655,0.23652959163209686,-0.4378465920398834,-2.2031189691233113,2.260204971161741,-0.19835422972130745,-0.09039930603638224
-0.050594784738537735,0.16519259661669072,-0.21578738135522846,-0.4025155621419589,1.5734496187580358,-0.09956134463664967,-0.07505245198300703
-0.21961431198707404,0.27936109889317895,-0.498975410880253,-2.568239800286813,2.7388429706308437,-0.2461163132443963,-0.0803604721650425
-0.2727774427659687,0.4375415748614724,-0.7103190176274411,-3.3517344108238287,4.054609801336515,-0.28557561960946753,-0.07186639778506443
-0.3125803457798205,0.5034563939429526,-0.8160367397227731,-3.5179546974171747,4.085170184374805,-0.33239726265813674,-0.07713763331144297
-0.11393000643264761,-0.0024277249211822616,-0.11150228151146535,-1.0996043477232589,0.06902753542498237,-0.21478002677412955,-0.13677057819617
-0.1999911880522346,0.3056282929588463,-0.5056194810110809,-2.812794890735055,3.564203298913867,-0.19750061071999847,-0.07808287513715584
-0.2709990216809852,0.34871766984630237,-0.6197166915272876,-3.5073354765719262,3.498490254826701,-0.263966640460641,-0.04817214446162277
-0.2120952547820273,0.11966585318739265,-0.33176110796941993,-3.3564371060828067,1.6771535899868886,-0.2116229269393518,-0.10188057072418566
-0.22626659303023722,0.27303734073586816,-0.4993039337661054,-2.5484700661928787,2.5796853126928547,-0.24580355571418566,-0.08881255463700655
-0.23501251659353883,0.28999559881490145,-0.5250081154084403,-2.5687338636579455,2.64854861438105,-0.21225462409956342,-0.13739988994478236
-0.18527278223718668,0.4089399420601949,-0.5942127242973816,-2.466917780508046,4.440516985311005,-0.17813542768460788,-0.04817214446162266
-0.1672965146512091,0.17214674702501953,-0.3394432616762286,-2.056384402952732,1.9496437515359175,-0.18184517528370614,-0.10217429657076338
-0.15247570804505073,0.2167134120155556,-0.36918912006060634,-1.7171819266745458,2.23161321384398,-0.19295619013100174,-0.09892488832132218
-0.13376236763700544,0.44531792665073366,-0.5790802942877391,-1.3112254446528067,3.805484113027165,-0.1915436846550269,-0.050568507821808106
-0.1490577018029895,0.36762714200790003,-0.5166848438108895,-1.698035977738493,3.6228702945398004,-0.18838705957530988,-0.08030498222246085
-0.16007462942057427,0.16231947967546678,-0.32239410909604105,-1.9511767156690998,1.8393604252723819,-0.1622195989039079,-0.11208864640689986
-0.18211815833944534,0.35965373833000913,-0.5417718966694545,-2.7807507580474398,4.575963978008506,-0.1713630293004872,-0.04708943747532068
-0.16002169193427573,0.36308418938593,-0.5231058813202057,-1.5387655430437337,3.0540050647583983,-0.15718650350791985,-0.08946475558553602
-0.15013929454920383,0.17555089134674984,-0.32569018589595367,-2.3962729235081075,2.521895834010562,-0.17228849474344876,-0.08298359936582267
-0.24244962839886752,0.24897455437345695,-0.49142418277232447,-3.084270024269008,2.6117775878114866,-0.2474052143553146,-0.11907683915501133
-0.19932611063573447,0.3943423576883658,-0.5936684683241003,-2.2580333109740436,3.6777180160141483,-0.197357496441398,-0.05282372991753548
-0.27268956203574723,0.5543568595842738,-0.8270464216200211,-2.9033292729175164,4.358018022120232,-0.28170715050744444,-0.0656635879437355
-0.3277646053676785,0.6216566940145396,-0.9494212993822181,-3.756526644920109,4.894912574426865,-0.3596982007888776,-0.06973081950569149
-0.3761766320283859,0.6505611223261138,-1.0267377543544998,-3.9987029621975965,4.5192246934288685,-0.3819472307315618,-0.06418234709053883
-0.1409895055285625,0.4090936903281561,-0.5500831958567186,-1.544279407630817,3.8809461428363954,-0.1844915253572028,-0.04826507666512714
-0.20381589451325988,0.449416112889905,-0.6532320074031649,-1.9500134450444415,3.5173393239519406,-0.20872004262966037,-0.053633340861224066
-0.20138480550693838,0.3766376257810631,-0.5780224312880015,-1.9617690137944097,3.0735765059328526,-0.2614134193597528,-0.10777300126286826
-0.22078886950881427,0.3767928038376469,-0.5975816733464612,-2.6375928993385283,3.6565219041202406,-0.22989452154753542,-0.04826507666512725
-0.2818333692118541,0.6511157751422192,-0.9329491443540733,-3.2596127655558234,5.3694340502802556,-0.3054991195303195,-0.05565613576337025
-0.16423807359463782,0.06717514929205182,-0.23141322288668964,-2.061024776317184,0.8526268976928643,-0.16415045510366966,-0.12328841854495598
-0.15528226503600917,0.12114671596288162,-0.2764289809988908,-2.374377779030284,1.7292511252719553,-0.15174909786953117,-0.07485154405502747
-0.2327842639767168,0.3150839915237733,-0.5478682555004901,-2.6264669770753484,2.9245680229592237,-0.2636522662435573,-0.051593235531582904
-0.2576637015402261,0.49000153999720175,-0.7476652415374279,-2.817375381759666,4.077129534741575,-0.26186684302938457,-0.0656635879437355
-0.18915360141440296,0.02290276997219798,-0.21205637138660094,-2.3473940848601758,0.34102930695227945,-0.18326339325338115,-0.1214382203283253
-0.26815834657892346,0.39399719426664626,-0.6621555408455697,-3.2096010951513354,3.66342294025565,-0.277011667418375,-0.04068097564130013
-0.22548368897725402,0.09578735584112774,-0.32127104481838176,-2.4830036848363872,1.0078856227275084,-0.22815479014971296,-0.1263363735778542
-0.2614027351002014,0.33364711002104075,-0.5950498451212421,-3.4666883126370047,3.4771926633037418,-0.2779431613122233,-0.08682556386744233
-0.22667800478943267,0.4271750765097906,-0.6538530812992233,-2.822510241702066,4.18989892413363,-0.22716510026455383,-0.06170582262382773
-0.20579958358820638,0.15852448636506633,-0.3643240699532727,-2.998074254382155,2.0157102876465585,-0.23077598566602142,-0.08377658927386922
-0.21681170674840022,0.4600804698315868,-0.676892176579987,-2.7003126734077245,4.531076531361426,-0.23840594191060138,-0.061078226576581574
-0.19169105282735133,0.3228122070649919,-0.5145032598923432,-1.7902282194691723,2.618093058432176,-0.2268832653137557,-0.08377658927386888
-0.21487049669579716,0.26595945482464267,-0.48082995152043984,-3.44610853549104,3.507371964737221,-0.22988816742333074,-0.08766941600808176
-0.23752731103151847,0.2464608515801785,-0.48398816261169697,-2.4995412361919156,2.2112495717605003,-0.2555301221388462,-0.14944384601004324
-0.07062074608430002,-0.15821396111681796,0.08759321503251793,-0.7349450066754738,-1.859884081276919,-0.15014578591741035,-0.20135606744586954
-0.26737357396548966,0.41439432460093517,-0.6817678985664248,-3.391361974407107,4.001686646801287,-0.25314193651944883,-0.04817214446162277
-0.12109418972578989,0.12369954104463576,-0.24479373077042565,-1.0972807978746506,1.1811293664521598,-0.15864632811947033,-0.14805196058238923
-0.17787344582727516,0.12744382543089938,-0.30531727125817454,-1.9250825300619712,1.3261188240489774,-0.19402198633256174,-0.11486576087297962
-0.1579558326104522,0.20669491904954174,-0.36465075165999394,-1.6495131204718152,2.012226402335059,-0.20814488491272187,-0.07759923225997789
-0.14432813423686108,0.3965386921129248,-0.5408668263497859,-1.8913216696982678,4.448150111702548,-0.1548576080234818,-0.05878152112132051
-0.2465876303160438,0.3919276764059283,-0.6385153067219721,-2.46070219255594,3.1355713161179724,-0.26026432936597677,-0.08123243058436946
-0.18770355366386116,0.15823507476524346,-0.3459386284291046,-2.7913316663608643,2.101600618642632,-0.21332646478907902,-0.10267893783927595
-0.23228492288787528,0.3305606883375467,-0.562845611225422,-2.313168914084212,2.7406202859482525,-0.22624181114279607,-0.09075051258746758
-0.26872040961726507,0.575748692841944,-0.844469102459209,-2.4181501996167722,3.873655806064227,-0.30002665828373853,-0.10145676917909852
-0.2601967155564494,0.4975185328455589,-0.7577152484020083,-3.431149209943692,4.921090171648775,-0.2829758785920714,-0.03178666147155129
-0.20506943650611675,0.17263950836077924,-0.377708944866896,-2.068427318582474,1.606388066033899,-0.21376129390374565,-0.117988412450721
-0.2620767049314332,0.4415043806097918,-0.703581085541225,-3.3019424436583353,4.21189312795687,-0.27395663382346147,-0.06418234709053894
-0.10693387924317033,0.10813948618882474,-0.21507336543199507,-1.038813347667101,1.1226780173381539,-0.2102819725229177,-0.14094327592326472
-0.2107743527747613,0.39563173188627787,-0.6064060846610392,-3.395104108062929,5.092307471150935,-0.21264707100559632,-0.04817214446162277
-0.15314939365011615,0.46179392660548313,-0.6149433202555993,-1.9735546380141007,4.943106265589389,-0.19477300350521343,-0.09195431323035685
-0.25447265306121847,0.3977564522184498,-0.6522291052796683,-2.6160537787971267,3.2399157759695028,-0.2773130238424293,-0.07607739925282198
-0.28377404380377125,0.46228936672449894,-0.7460634105282702,-3.9071932482214313,4.719891762846587,-0.286199167848864,-0.05409236951902385
-0.11018600459812822,-0.016891978962434218,-0.093294025635694,-1.4635240920551031,-0.1547936628065124,-0.14654485112562665,-0.10805101320869825
-0.23180497627424335,0.1057554825240179,-0.33756045879826124,-3.3202469625288944,1.3517483497096399,-0.2620928094870403,-0.10227989147535299
-0.2636876999921428,0.3613069145584815,-0.6249946145506243,-4.366461307290959,4.608783257967732,-0.2712803717714538,-0.03772011567595701
-0.12072907709462444,0.17171117054939566,-0.2924402476440201,-1.4349864211276409,1.959695642918716,-0.12520662282914374,-0.08954405664597775
-0.2708096816574712,0.5624596775854895,-0.8332693592429607,-3.0160278607410937,4.636784028039597,-0.2659220914464099,-0.04826507666512703
-0.16368301226702864,0.2011868166811397,-0.36486982894816833,-2.2801313536593115,2.511164695009428,-0.17654977754538936,-0.15687476634238018
-0.21702727888714946,0.4742034731400977,-0.6912307520272472,-3.320272692663009,5.697039704125381,-0.21471214368383007,-0.0404489777020729
-0.19843424778622942,0.2852805856841685,-0.4837148334703979,-2.0401990913637102,2.5353636536288136,-0.21866170762151216,-0.14962226536910173
-0.23601946013030262,0.24509271369635433,-0.48111217382665694,-3.6192355728646106,3.11089909548817,-0.23215366885646782,-0.04559910031082459
-0.24854115049934766,0.4551738925352564,-0.7037150430346041,-3.23695910519771,4.554556379838381,-0.2769221352573441,-0.057140459767181295
-0.2915697477375717,0.6002287015787269,-0.8917984493162986,-3.006929864760862,4.457236670798466,-0.2940129356349638,-0.04826507666512714
-0.20243198478340196,0.3705864289291734,-0.5730184137125753,-2.3070713964121152,3.4945051120595254,-0.2112564892584381,-0.10074774565485045
-0.24780300547088374,0.45597159349550664,-0.7037745989663904,-2.709831739449836,3.865837296966962,-0.26490403441683474,-0.10386092891515819
-0.2446257004151985,0.45329634556812004,-0.6979220459833185,-2.6514328764873216,3.831850438725311,-0.2556578472719121,-0.0497193361098498
-0.19172098160706852,0.39795265406276914,-0.5896736356698377,-2.24322847887643,3.8359015366406934,-0.22054023252551413,-0.07485154405502725
-0.2267964739867726,0.4592593243270866,-0.6860557983138592,-2.3533740057722463,3.772025945038553,-0.24154771088423843,-0.08181324474802487
-0.13799964878279014,0.2779341582262247,-0.41593380700901483,-1.73729511997959,3.105782864214607,-0.20326795389577723,-0.06503335166184765
-0.3211956545075366,0.7230438669381256,-1.0442395214456623,-2.9574318113563693,4.552796576494009,-0.3229461472189382,-0.0843055839830511
-0.12375466937727841,0.1301588472278541,-0.2539135166051325,-1.4851220919216501,1.5304870484166493,-0.14847651080051583,-0.11305611329181764
-0.26682204158289535,0.5446626980533482,-0.8114847396362436,-2.5703622509357635,3.9441945192727434,-0.27640705485015793,-0.12781361895885446
-0.16232322644994945,0.28750070010469186,-0.4498239265546413,-2.208788103172648,3.384810234843495,-0.154260770545392,-0.08524922682399538
-0.26547225176739275,0.21030831326221966,-0.4757805650296124,-3.5819012983536576,2.332013255418142,-0.2906565666789678,-0.108645750991192
-0.183111369594689,0.11431308982827959,-0.2974244594229686,-1.9888004009838816,1.1998084366708768,-0.2001814650314181,-0.13442030692060658
-0.20934352455743443,0.5014727125833289,-0.7108162371407634,-1.997501291761801,3.8323351652788156,-0.2307294372523474,-0.04826507666512714
-0.2093825332959236,0.5100024170023532,-0.7193849502982768,-2.150720792101921,4.167360246246993,-0.22056806654690364,-0.049996186377702756
-0.09508261897539405,0.189378604486947,-0.28446122346234104,-1.0390419904537103,2.0490860636867096,-0.11518821278874969,-0.09057664439134305
-0.17259320428982772,0.2606293239045876,-0.4332225281944153,-1.8192676390034601,2.444712300585995,-0.22505210976236123,-0.07328752049614762
-0.2741894614053326,0.5026867042602619,-0.7768761656655945,-2.953572283983341,4.06805777300137,-0.2963426221529717,-0.04826507666512703
-0.23447405277320466,0.2294252222688662,-0.46389927504207085,-2.6769132750852003,2.2378667216190884,-0.2388774767632632,-0.11700279820228221
-0.15528484157934686,0.18710509543663933,-0.3423899370159862,-1.9323924569202335,2.1326699945964314,-0.174201711993061,-0.06723826193129079
-0.1504439925360026,0.033395022091607274,-0.18383901462760988,-2.595033275713045,0.588516575471489,-0.18090256410203864,-0.08229588906558338
-0.12345400087985359,0.09786194975291274,-0.22131595063276632,-1.2307957894392563,1.0325902217486018,-0.20333371392486344,-0.1426371247949899
-0.12848035435641814,0.3173872084270246,-0.44586756278344275,-1.8165787320749962,3.945291441432826,-0.16777655954468373,-0.0726727972625616
-0.2288465885026213,0.1471926988119383,-0.3760392873145596,-2.590106515307222,1.5002204914660704,-0.22776539423485798,-0.1489060494842862
-0.19640942587936383,0.30486488165174896,-0.5012743075311128,-1.8892855817112448,2.5582933481400443,-0.17119295818518776,-0.09366430232078216
-0.06801015620291129,0.11959229680674022,-0.1876024530096515,-0.6023807282871063,1.2132134976615394,-0.18282989463094268,-0.10145676917909852
-0.22781422396298423,0.14564048547215958,-0.3734547094351438,-2.981023518725017,1.6834163371033923,-0.24180997297418783,-0.09307409676608858
-0.2558673939783547,0.346808972191748,-0.6026763661701027,-2.951562225213771,3.173365164675858,-0.2726409930579523,-0.06133774760478583
-0.21240471163974073,0.09108637086468563,-0.30349108250442636,-2.9119203997478516,1.1616057927660122,-0.2432874325939528,-0.10363887451318454
-0.21978876145274318,0.18427983560183514,-0.4040685970545783,-2.4695741905329047,1.8289576780675396,-0.2513839551891721,-0.1591292032806102
-0.2283247195656981,-0.11420460009311906,-0.11412011947257905,-2.840268064926682,-1.2816658207424279,-0.2544421456093233,-0.16742891887626277
-0.20418604004998375,0.30907438680392074,-0.5132604268539045,-2.4198071977240136,3.0775350125306584,-0.21837054127908895,-0.10976007431551837
-0.2226696134267533,0.22961814644822387,-0.45228775987497716,-3.5089220405146313,3.004905312337648,-0.21994789411058568,-0.07485154405502747
-0.22659438318743874,0.3558528580495828,-0.5824472412370215,-2.616798582874283,3.3478788828696673,-0.26340012168917726,-0.04691832655150574
-0.3195140319129042,0.6024019044965261,-0.9219159364094303,-3.4576471324207807,4.5597268353365505,-0.34970366953501464,-0.06666980600299999
-0.20815042029781727,0.30358198950027915,-0.5117324097980964,-2.07025624655787,2.5889616247833116,-0.2296066374761413,-0.1014567691790984
-0.14064562450028117,0.2409657724184242,-0.3816113969187054,-1.8017222461081992,2.778555088775881,-0.1470423248367837,-0.10391339117321718
-0.30190262889425346,0.31377067407251436,-0.6156733029667678,-2.828481030895118,2.3462549053714685,-0.3021878090764286,-0.1014567691790984
-0.24675098694853093,0.3916607552434339,-0.6384117421919648,-2.637739148730906,3.320471918968703,-0.28495358179292984,-0.10671561725253387
-0.16098474292448683,0.554704732966717,-0.7156894758912038,-1.5412386676124763,4.373711108466431,-0.18376664532972387,-0.07918439135009303
-0.18740401642749382,0.19878409622245674,-0.38618811264995057,-2.6312178654261187,2.452348510546452,-0.19351798910133466,-0.08422980361921362
-0.18597264557821036,0.13895098144947537,-0.32492362702768574,-2.5250910992333138,1.7190735323460575,-0.22948221820021875,-0.14067991943650582
-0.23636138901418435,0.2799017489260138,-0.5162631379401982,-3.2624515110811054,3.142137399442371,-0.22340674543943917,-0.08948060522668011
-0.17620339829730147,0.22781362003542127,-0.40401701833272274,-1.8909580998639228,2.19815855668228,-0.18127837164658167,-0.1039366731556336
-0.2734165242632135,0.41126665884482505,-0.6846831831080386,-2.9794326585888036,3.4521372406995963,-0.28362586278968827,-0.0748515440550277
-0.23206871717593391,0.3262499478169665,-0.5583186649929004,-3.256548532877107,3.6766921781022033,-0.252628144169752,-0.040936202378676456
-0.21667594926612943,0.40604795330193433,-0.6227239025680638,-2.475305699897662,3.7365227112244574,-0.243810844119156,-0.060897825700387154
-0.22599407714257924,0.43274871616383304,-0.6587427933064123,-3.3444615229509886,5.014368404591896,-0.23167840490289704,-0.027409195393174768
-0.12697018307294883,0.09499049976449125,-0.22196068283744008,-1.1084314089088694,0.9148579194449861,-0.1502706911304792,-0.10503824713445886
-0.09879937247963055,0.2205252377565332,-0.31932461023616376,-0.9677055697680212,2.1333843645657353,-0.139011386872811,-0.10157947708666626
-0.19677473081468055,0.20982062046386885,-0.4065953512785494,-2.496325575507298,2.3313453360328564,-0.21412129051533202,-0.1552446820922514
-0.28515281302345374,0.47281475225041536,-0.7579675652738691,-2.9999933288731557,3.7389160578880527,-0.28303911500698764,-0.057045447876615585
-0.18291309259244537,0.061097346459203505,-0.24401043905164888,-2.0329352156217158,0.7103852118521459,-0.21239666139117164,-0.13516340952352657
-0.1957907469471124,0.2678219351927347,-0.4636126821398471,-2.16203910114983,2.5699467141839607,-0.21483362655179428,-0.10742195765198415
-0.23567197695867192,0.43377477353909244,-0.6694467504977644,-2.165806254640003,3.207164323198362,-0.26104394293100364,-0.06629787550320565
-0.26605134787564877,0.26927723970743966,-0.5353285875830884,-3.5054250320875946,2.8462841556105616,-0.26388116963553476,-0.08377658927386866
-0.24341020317440354,0.47326885548740494,-0.7166790586618085,-2.757124340964961,4.138101744320716,-0.2528133238326953,-0.05479948966935311
-0.2503753893905897,0.3154169017763202,-0.5657922911669099,-3.328704374964743,3.345166897266933,-0.2884293955347288,-0.07485154405502725
-0.1605861926346589,0.19548962001337689,-0.3560758126480358,-1.78781947938722,2.0124926936930847,-0.20824880408030688,-0.07152944222652735
-0.20821465830156316,0.198042611328054,-0.40625726962961717,-1.7289872320559143,1.5509681689466672,-0.24904585454803652,-0.1616281417113824
-0.3407965968496378,0.6779444695619918,-1.0187410664116296,-3.8791758654670496,5.162236983260637,-0.3162546610800179,-0.08175191654023439
-0.2451354144616279,0.5963435024860997,-0.8414789169477276,-2.3966236385731357,4.398149242074578,-0.29597867712480785,-0.07485154405502759
-0.17773555337390567,0.529017557013179,-0.7067531103870847,-2.042922064270626,4.891322509270335,-0.20535744213421103,-0.04826507666512714
-0.2063776119937174,0.33323331471045514,-0.5396109267041725,-2.3335146825332944,3.144792645522545,-0.22052937039873022,-0.07257133106330416
-0.20358021085711486,0.1300350459305626,-0.33361525678767745,-2.0190769108938125,1.2357311527424537,-0.2294106357458512,-0.13249615035005435
-0.1569710210612938,0.029969731853883186,-0.18694075291517698,-1.7336910873746276,0.40016952798957633,-0.1878147785064086,-0.09130334336292534
-0.13483319245828873,0.28757691016343867,-0.4224101026217274,-1.2575835309552437,2.4933334898611,-0.16135785204079633,-0.07485154405502759
-0.07041662875188115,-0.21151977984664727,0.14110315109476612,-0.6472174078073126,-2.3523078095818675,-0.08677609430704625,-0.24899141725410745
-0.19239903069079134,0.4723783628716913,-0.6647773935624827,-2.4001836220304127,4.754503982626399,-0.19431922683156688,-0.060187135308560125
-0.1335395660420422,0.10600441990833875,-0.23954398595038096,-1.4741211302004642,1.183266081581036,-0.13954079896073857,-0.1168742542333483
-0.2126763790593592,0.23970168961910399,-0.4523780686784632,-2.2772789086460183,2.2333539637279256,-0.2316209643148317,-0.07966774518067388
-0.11466366659715821,0.0884258648064229,-0.2030895314035811,-1.4183205108752373,1.1168479439430734,-0.1527080202831731,-0.09107205877965197
-0.2480317127987648,0.5374864956986567,-0.7855182084974215,-3.196763400053332,5.2369715656220714,-0.2585389901437082,-0.04534113957581165
-0.32883096389472566,0.4458313386340613,-0.774662302528787,-4.022193260899993,3.9124313814387692,-0.33851187208422295,-0.0837765892738691
-0.299814575974681,0.37204661110404813,-0.6718611870787291,-3.6338768905228145,3.4034915975640434,-0.3121369342277025,-0.07186639778506443
-0.2532025713314334,0.49920914292087404,-0.7524117142523075,-3.135822477424688,4.682566203118946,-0.26152933079337026,-0.05610696931478909
-0.16701979086205598,0.09811104136306481,-0.2651308322251208,-1.815943976213644,1.0667283548324635,-0.20502896402879944,-0.08077912284053379
-0.26299713080523746,0.4454180478245253,-0.7084151786297628,-3.236162905350941,4.182163789817819,-0.28504421423917514,-0.03925945084617033
-0.2929739627378892,0.6287208874807313,-0.9216948502186205,-3.1105763089010066,4.7397994842826305,-0.29943387781119724,-0.07485154405502759
-0.22542271843784223,0.19322013444372543,-0.41864285288156766,-2.680737932582308,1.9990533730586877,-0.23440460561933785,-0.07485154405502747
-0.22719995479090993,0.3115051587545985,-0.5387051135455084,-3.299875884622836,3.677098023736738,-0.23902032973581766,-0.03983086018165327
-0.22996177709277543,0.5516791431757453,-0.7816409202685207,-2.287145086320832,4.221994402417056,-0.24301071231873894,-0.04826507666512714
-0.21969339259511833,0.3319155315236819,-0.5516089241188002,-2.4369646391697994,3.0393179964492125,-0.24067711237639466,-0.07485154405502736
-0.08039677099865539,0.3683025714607855,-0.4486993424594409,-0.6797211633785273,3.0793170290399474,-0.1454150192093736,-0.07217146733295687
-0.2000617728373375,0.350982269468078,-0.5510440423054155,-2.19725548819244,3.2332540532607292,-0.22485661372072807,-0.06246969672637104
-0.24204620176979963,0.5491588035126123,-0.7912050052824119,-2.7450791513915993,4.703863138473961,-0.23850616183624307,-0.04363675816578616
-0.28390868506397204,0.3830052095738439,-0.6669138946378159,-2.9932471600551924,3.11906761623158,-0.2723236297684277,-0.12578527725267086
-0.26863623023655525,0.32864281552482,-0.5972790457613752,-3.9470930853019848,3.750930454859528,-0.2668380285997778,-0.07485154405502759
-0.1860527841077163,0.23988173641340937,-0.4259345205211257,-2.7852458349238565,3.089343278819674,-0.20982075050141247,-0.039830860181653605
-0.18260195266009738,0.2552435107344535,-0.4378454633945509,-2.139358304624167,2.608748955435552,-0.22948850390995634,-0.12742652774784957
-0.24547260486080535,0.4945783381407436,-0.7400509430015489,-2.573356252945928,4.005236890682622,-0.263272735683877,-0.04826507666512703
-0.18522409510203786,0.3762414661682725,-0.5614655612703103,-2.4821748190097246,4.144172871747041,-0.1843355694255603,-0.05254939087238519
-0.34869102542201835,0.8205111237307281,-1.1692021491527465,-3.3861831629497714,5.168344283981098,-0.3542086818645528,-0.07574169025878563
-0.16285888896984546,-0.11144761291977734,-0.05141127605006812,-1.6093390053484877,-1.0458488943692477,-0.16969402709631842,-0.16448676201771661
-0.14571792146710638,0.3170699780032036,-0.46278789947030996,-1.3147463298660533,2.618229667591351,-0.17710143469383965,-0.08154114458769268
-0.3260534732420822,0.5903872092707643,-0.9164406825128465,-3.6195177046983096,4.546273509018945,-0.3415404654489915,-0.07704866810201538
-0.14256612683581982,0.6126371877060426,-0.7552033145418624,-1.753133971102417,6.140078988969983,-0.19845947365078842,-0.054849137796968206
-0.173089948514222,0.208627538520485,-0.381717487034707,-1.756965655941567,1.9492642059635532,-0.18894138334618638,-0.08627353433340001
-0.3127504974171499,0.6361576046592217,-0.9489081020763716,-3.6558953685609845,5.146722294194579,-0.30460298523489326,-0.04817214446162288
-0.2018306885453618,0.33753091730975027,-0.5393616058551121,-2.0145454836718386,2.857030807895662,-0.21331448385072926,-0.06424149845553329
-0.13072068880011178,0.1866680538113492,-0.317388742611461,-1.5141231009841896,2.04276337295106,-0.15927342420708923,-0.06521899476114068
-0.31674448741742944,0.43635239643177837,-0.7530968838492078,-3.613576594082241,3.6490760860624643,-0.33425719802823617,-0.08523333379576181
-0.198744043591649,0.19834801123642887,-0.39709205482807786,-2.6713533639710167,2.3241947331810127,-0.2317268613955915,-0.1113024587107837
-0.27489594474806056,0.4525835522860764,-0.727479497034137,-3.7591991800853264,4.6149815058720804,-0.293193898613357,-0.03768640088064179
-0.19291624236314187,0.2050287437417886,-0.39794498610493045,-2.1519681049124526,2.0449065461763105,-0.21524925075305046,-0.10664810930509927
-0.14559863278289698,-0.029952693894669147,-0.11564593888822783,-1.7882964361892095,-0.2832234075306242,-0.18333163995259738,-0.2128140550357246
-0.23807397004421837,0.4524175479949575,-0.6904915180391759,-2.7461118952928016,4.072249011859659,-0.24336361973980725,-0.08077912284053401
-0.15489688445082905,0.2576922948359359,-0.412589179286765,-1.925458277561868,2.8503243836335397,-0.17930864182295525,-0.10391339117321763
-0.24959015809691876,0.33031191194804066,-0.5799020700449594,-2.910477164029971,3.105330182243935,-0.27885302414992763,-0.05368236015295613
-0.2889069341586855,0.3460103105144494,-0.6349172446731349,-3.0459721181962913,2.860430314454624,-0.2925139712993714,-0.09660717720476109
-0.21588356273633325,0.3873613496600168,-0.60324491239635,-2.2749920175677265,3.347271736852925,-0.23202138308480014,-0.07485154405502747
-0.18449466697713013,-0.0042299431802627074,-0.18026472379686742,-1.9037197344107117,0.0518428764148816,-0.1859457275281846,-0.14366597718884333
-0.17670982160843185,-0.15190265237349032,-0.02480716923494153,-2.20441340786688,-1.8761205084008652,-0.18509092432136787,-0.21103323731723334
-0.20426973974583518,0.21983869423209357,-0.42410843397792874,-2.0176888366261023,1.9467662862594253,-0.24604858714022215,-0.12180853316355589
-0.2670930714255618,0.3561904239004017,-0.6232834953259635,-3.548423620145214,3.6569897862372756,-0.2868395479917484,-0.08610130918025116
-0.22747879806543403,0.5180781844938922,-0.7455569825593262,-2.0854510759785128,3.7436539575697276,-0.24396449955746013,-0.05471439400788458
-0.20147161018090176,-0.01859647193818159,-0.18287513824272017,-2.2656295545977807,-0.10787357030018531,-0.2431587319468569,-0.1997086810557661
-0.15296218175347065,0.3080312514014121,-0.4609934331548827,-1.4553552247207175,2.6454849689757323,-0.19569550454562445,-0.11017746627939118
-0.22213212920935588,0.38886160937663394,-0.6109937385859898,-2.0128494301497577,2.9233120563666786,-0.24307896806519103,-0.10680283353388342
-0.0867205814202252,0.15918446915595164,-0.24590505057617684,-0.8915909870216692,1.6932687962720285,-0.12806412728590377,-0.0703458924939433
-0.21843127637879955,0.14376205057266822,-0.3621933269514678,-2.3103782565255657,1.4013046437126342,-0.2446964353025246,-0.10876864076377069
-0.15056493091528178,0.2217844789020973,-0.3723494098173791,-1.9629704206206606,2.6030488748324045,-0.13615480497144583,-0.11554468029153175
-0.21147656159539896,0.4072707505119879,-0.6187473121073869,-2.9460394227811437,4.545290799247346,-0.23839505241804837,-0.07485154405502759
-0.24999664924226095,0.48961779398958893,-0.7396144432318499,-3.06752255270285,4.586908470913109,-0.2534870324150479,-0.04826507666512725
-0.1791319406675116,0.09363721509353717,-0.27276915576104876,-1.809244782607971,0.9575748410760545,-0.2141405472305291,-0.10644818006061063
-0.2128086598855985,0.38201734894373396,-0.5948260088293325,-2.127066159273473,3.1618290568992258,-0.22819359756177615,-0.07736313690912366
-0.19875011190362046,0.476349048470017,-0.6750991603736375,-2.3099970774667753,4.4296632993182055,-0.23361200798920645,-0.060617421841757
-0.19430032356437577,0.5050895627339511,-0.6993898862983269,-2.3729828150054204,4.896145160676048,-0.20866102672596465,-0.07755818142184912
-0.28092902337683934,0.37700211471945555,-0.6579311380962949,-2.8947673536967877,3.027077649791602,-0.30024555249515283,-0.10413618915039746
-0.18453895329725356,0.1450171381268448,-0.32955609142409836,-2.9678206317759526,2.073609901436017,-0.17840352632664325,-0.13951042913352274
-0.20700895906371442,0.5182688431698865,-0.7252778022336009,-2.123818057116936,4.218535238268162,-0.26591700164276333,-0.06844457529467673
-0.2568307089172194,0.44444587415669634,-0.7012765830739157,-2.6385509044289432,3.5431639340752783,-0.2793654314387416,-0.0780383827767599
-0.2018743026295451,0.5774149875120846,-0.7792892901416297,-1.9194030307487813,4.325263292736015,-0.20510146770618964,-0.06394447192435626
-0.0269212713428717,0.08268220720382335,-0.10960347854669505,-0.22841817304325754,0.9862992100712643,-0.12650055124707515,-0.11043913553574847
-0.1981500505012317,0.4531649506700439,-0.6513150011712756,-1.6314542949561734,3.1219955776111235,-0.21018598774314745,-0.08737697540791978
-0.22761490948483842,0.22353345537776725,-0.4511483648626057,-3.1727882810713974,2.6162373601213385,-0.23346348384150417,-0.05684258216358895
-0.13900221082374353,0.11495373516610763,-0.25395594598985116,-1.7204775283139664,1.3886418740757671,-0.1812625616900616,-0.08732248256704844
-0.1489250696060196,0.394491135680747,-0.5434162052867666,-1.499205230426682,3.4475018324759024,-0.14545881806280947,-0.053876485595706125
-0.15812559871076604,0.3189634153739822,-0.47708901408474824,-2.6466474290106627,4.559395012885639,-0.1794260993083342,-0.03178666147155107
-0.16449321989291754,0.2990957919194448,-0.46358901181236234,-2.2450214660898866,3.5089870213971053,-0.16293832444074563,-0.08455181355318253
-0.18887087914622747,0.21637339015015677,-0.40524426929638424,-2.216803543342027,2.2502168910388107,-0.19175559453993007,-0.08071837479342259
-0.11342238211366518,0.18089538994567111,-0.2943177720593363,-1.4055166405980202,2.1388633244378648,-0.1818395079158981,-0.07766498140822131
-0.23285155296564197,0.39240458632730335,-0.6252561392929453,-2.975057667396623,3.980387313150855,-0.23391810191067908,-0.04826507666512703
-0.2401629479396964,0.43729585862671416,-0.6774588065664106,-2.792524081753247,3.9638832727827684,-0.25141649800241506,-0.10121815758395969
-0.2276938167393554,0.5568570245323909,-0.7845508412717463,-2.419041718917417,4.5449315443755625,-0.23222502245703636,-0.08377658927386888
-0.21777718115809086,0.32800338522026085,-0.5457805663783517,-2.43892711039071,3.0446254467474287,-0.22180733558695653,-0.08208277361562155
-0.15433319671674783,0.299093916247821,-0.45342711296456883,-1.6279944093451102,2.807954284065512,-0.18358054745915553,-0.12438025652708906
-0.13642531815037917,0.15121492545488624,-0.2876402436052654,-1.225689681076944,1.383502728019658,-0.17336405553026468,-0.10064070331717179
-0.2926843817425949,0.6952197670444156,-0.9879041487870105,-3.3120886680927555,5.478175673964373,-0.3053330371477382,-0.04817214446162277
-0.16686854942202323,0.44769625440777294,-0.6145648038297962,-1.9038225108713671,4.229104121260397,-0.194519069205641,-0.05282268940610546
-0.31401946470479414,0.7141830023857048,-1.028202467090499,-3.1040004039992697,4.827148507517819,-0.33443714716066875,-0.05254939087238519
-0.16137299120519177,0.27300212476967656,-0.43437511597486833,-1.5516578094099853,2.385165924124165,-0.22657277153364508,-0.08053908779298391
-0.2541801330239394,0.428723720869556,-0.6829038538934954,-2.511067283091946,3.319362698639366,-0.2706986144537258,-0.08052148428306394
-0.2578153890626196,0.41561548424928496,-0.6734308733119045,-2.31594240568656,2.9803955214813915,-0.3092897999139652,-0.08808883238165188
-0.2809301099810859,0.3802224241497134,-0.6611525341307993,-4.767024934825867,4.872703263892584,-0.2886541102891159,-0.03728235429039084
-0.15207226341978153,0.380941401054788,-0.5330136644745695,-1.736131506117545,3.721781094023817,-0.19218504307374584,-0.07584924500227919
-0.27075371544853455,0.5575498736272948,-0.8283035890758293,-3.542465216939811,5.35478514064978,-0.28350710537690527,-0.03178666147155118
-0.18619956612354294,0.12520701424703073,-0.31140658037057367,-2.0223279066771886,1.296585182960411,-0.2292258609013489,-0.10060707353279019
-0.0536296426978452,0.07382633960010332,-0.12745598229794852,-0.5618887270100766,0.9089505678437355,-0.08703153332597102,-0.11096716677051688
-0.2549243325520907,0.3529554571073481,-0.6078797896594388,-3.2609257978987167,3.543344176301899,-0.26550748147995407,-0.054337343550489026
-0.2877195825595614,0.8386675667013022,-1.1263871492608635,-2.5902474992826803,5.180379154047127,-0.29921264998897923,-0.04826507666512714
-0.20339036780155473,0.21896237515165562,-0.42235274295321035,-2.2936520577362836,2.1720357924077622,-0.23672002959672223,-0.07485154405502759
-0.23510904919896114,0.18654184898582815,-0.4216508981847893,-2.6113482274384228,1.8146884269197046,-0.2377469550589293,-0.10145676917909863
-0.14911545780336,0.18785487144187218,-0.3369703292452322,-1.3023291896612172,1.6130466540070274,-0.17672511721991802,-0.10145676917909863
-0.2115990171098875,0.0894027169339986,-0.3010017340438861,-2.597766151874305,1.044182948537711,-0.21559820056933143,-0.1182162857181297
-0.19153861555795892,0.14979191231537436,-0.3413305278733333,-2.153046557470372,1.5609962270826614,-0.22384571815633025,-0.16830914649230933
-0.1716097191995758,0.21051753279528396,-0.38212725199485975,-1.6459616122159197,1.8794194645886504,-0.18661489155945588,-0.10281231416780556
-0.22089457777642907,0.16333816893512898,-0.38423274671155805,-2.145133865865255,1.4638280112163617,-0.21599796325836218,-0.0807791228405339
-0.25848117459329656,0.1842998959180595,-0.44278107051135607,-2.6505572466772147,1.6534559497162398,-0.28254211495024795,-0.13451443069497027
-0.13927125926211537,0.4001420692539013,-0.5394133285160166,-1.835802130499942,4.518914906820133,-0.12901349101279547,-0.04826507666512703
-0.27669257441722006,0.72953208653296,-1.00622466095018,-2.741180552270677,5.103757192420959,-0.26499077557358675,-0.05426007428508273
-0.20448106344573125,0.23104263889081067,-0.4355237023365419,-2.457033690543742,2.4107522533010606,-0.23966635801858527,-0.11629400166950088
-0.2595497198820206,0.3097370963333006,-0.5692868162153212,-3.292454007188392,3.1373519643599224,-0.26853220892901775,-0.08407493418564216
-0.1902827267609576,0.353113575413899,-0.5433963021748566,-2.289045264016468,3.5390103525586487,-0.21226185797645847,-0.12492505269034626
-0.1971150997937633,0.09252873769145853,-0.2896438374852218,-2.2813086365630584,1.0387718548890348,-0.2046111028057832,-0.10625561993342247
-0.2001360549721033,0.25740433038747157,-0.45754038535957486,-2.306818521956623,2.5535975254236787,-0.22065012808529016,-0.06304308895385358
-0.1172539152368659,0.061608594416992624,-0.17886250965385853,-1.3218068952431177,0.75618423858221,-0.1543884298308298,-0.07650171849759546
-0.2720037766118587,0.3615714353093149,-0.6335752119211736,-3.148530692865535,3.275133608602516,-0.2881274984775001,-0.07065285285429312
-0.2589865175739704,0.3583469122251217,-0.6173334297990921,-3.7052263681980766,3.9747912937307626,-0.2904906311737693,-0.05432630653509629
-0.26527395548673527,0.5454293757372755,-0.8107033312240107,-2.807143749586965,4.293356970659244,-0.28461145294627943,-0.05696784493633367
-0.21740192670028458,0.23714399476023673,-0.4545459214605213,-2.862803036307973,2.6462444143754955,-0.20829579785793417,-0.14593780580051607
-0.17392239716386648,0.25449185472480207,-0.42841425188866855,-2.062596534932498,2.6515657595920037,-0.17260817008672658,-0.09902374284593018
-0.23948008443320778,0.365666045131247,-0.6051461295644548,-2.431628284174497,3.0187538752700434,-0.2398129556820191,-0.08546566605114336
-0.14679255425692916,0.03924394509099072,-0.18603649934791988,-2.0515688964532695,0.584166304633538,-0.15287449033811173,-0.0786128200941768
-0.2360012548551279,0.3614672941403976,-0.5974685489955255,-2.2889022251766984,2.8863129296236645,-0.2635976659786451,-0.07949575436955636
-0.2988262561969969,0.6039735512676678,-0.9027998074646647,-3.119531682123491,4.500304169748476,-0.338317898470448,-0.05818761100597036
-0.20940042953433857,0.12459417609125523,-0.3339946056255938,-2.0495432302211927,1.1733046802548532,-0.2261957472354772,-0.12754082584314574
-0.2803413404730887,0.28679977037660054,-0.5671411108496892,-3.425200815994263,2.7743392317614934,-0.2789152007073913,-0.10145676917909796
-0.19935451978806018,0.523044295110114,-0.7223988148981741,-2.013035972882246,4.225558700118393,-0.20261213981152315,-0.0718175806244099
-0.14652229478833134,0.09732840560809852,-0.24385070039642986,-1.514285492250808,1.032928968057211,-0.1534065759326525,-0.12364684996887343
-0.30112108246170777,0.5593440135336694,-0.8604650959953771,-3.603638030627196,4.775658231307975,-0.30913458002808014,-0.06566358794373528
-0.19144009736161527,0.1631104969749717,-0.354550594336587,-2.866348050475657,2.1621005407967835,-0.21916413933201218,-0.0748515440550277
-0.2004306043100066,0.07305902739966563,-0.2734896317096722,-1.991208417884906,0.7546070876729625,-0.22758594871514481,-0.1395971838227965
-0.25532086348039185,0.45428911283531437,-0.7096099763157062,-3.4097295536649237,4.612802625363781,-0.26853520311442547,-0.05881712816687401
-0.08623483734592874,0.2422694207816325,-0.32850425812756123,-0.7155442509903961,2.089960715175352,-0.11945592612621714,-0.08815169240888798
-0.17653454737670915,0.20213948207987875,-0.3786740294565879,-2.192257335695209,2.250015931745987,-0.22493152718858134,-0.10145676917909852
-0.26876440994524264,0.39731639062391233,-0.666080800569155,-2.816921630962714,3.242703657776651,-0.2740987778176026,-0.07257262465763625
-0.1078579317358066,0.11872287983438357,-0.22658081157019017,-1.1150277159846702,1.2734309775233403,-0.1552274326138373,-0.17340213440785668
-0.22021182932234729,0.6640569463928774,-0.8842687757152247,-2.2278392547539374,5.054629832478236,-0.24433999831180042,-0.04826507666512703
-0.16808793647791354,0.10415721697986746,-0.272245153457781,-1.7630482006700612,1.088180616111125,-0.20542003439971535,-0.11036309606143602
-0.154726969505537,0.08178021235957611,-0.2365071818651131,-1.8948802423575866,0.9999188856455357,-0.1687548435620453,-0.14457318182363288
-0.26883964287493534,0.45049301948545395,-0.7193326623603893,-3.4491949766495087,4.3574270709037215,-0.26513992386268137,-0.09809088311395286
-0.30014910934269323,0.39838987952931193,-0.6985389888720052,-3.174570314329532,3.1953903810263995,-0.34111526403216197,-0.08155925712712364
-0.16490598638275078,0.21498005581456403,-0.3798860421973148,-1.627888306597597,1.9718909860183904,-0.19016606171667083,-0.0862377287881777
-0.2570015564981504,0.676071927786124,-0.9330734842842744,-2.637227456306569,5.061205745319102,-0.28732463145064213,-0.04979820469450347
-0.23490046499105066,0.3185475657846428,-0.5534480307756935,-2.444614733052664,2.746964778371777,-0.26458080476001156,-0.10310410378004742
-0.17909834805684444,0.33455375972774837,-0.5136521077845928,-2.024694917279665,3.2269007743098395,-0.19344221869952838,-0.0717874015483474
-0.2544689662504759,0.7329502859934054,-0.9874192522438813,-2.472449003158946,5.148768776674377,-0.2541017390503426,-0.06822728475210404
-0.13040295565236226,0.19567052480339875,-0.326073480455761,-2.1422927909150875,2.909313305865225,-0.16509365662425968,-0.04817214446162288
-0.14885830587193283,0.14515114479167424,-0.29400945066360706,-1.602763427791008,1.5153071390893944,-0.1904677958374138,-0.10447283432712728
-0.2095843436338818,0.4448196408689149,-0.6544039845027967,-1.9645524423607055,3.4061308526372778,-0.21680498093831535,-0.06643642678295392
-0.2460445886576057,0.6176531580347862,-0.8636977466923919,-2.4723584546196244,4.628180720800977,-0.2889279822352715,-0.04826507666512703
-0.19110954821201454,0.22059587323727992,-0.41170542144929445,-1.9401990933790498,2.0261645910935853,-0.19463487092029264,-0.09983472561228057
-0.1289708829320293,0.37127184271619873,-0.500242725648228,-1.0817525558659216,2.8698141333476634,-0.1457509872683983,-0.07186639778506443
-0.1532189952288353,0.4628855766490596,-0.6161045718778949,-1.2883143597982283,3.3860445564325894,-0.18045210247287535,-0.09808100798424857
-0.2557236718574142,0.2053275783804167,-0.4610512502378309,-3.068516063313744,2.0766842236922107,-0.2727339940533994,-0.12025380431295163
-0.09622942554875746,0.12610384945464825,-0.22233327500340572,-0.8502168470519549,1.2172018083274836,-0.1230082071940819,-0.07937230419663965
-0.250162599554691,0.31876775768262466,-0.5689303572373157,-2.539189637854786,2.6468300553356197,-0.2730554822875161,-0.08377658927386888
-0.15642797820615684,0.4219108854317344,-0.5783388636378912,-1.7918170269263445,4.095737356892625,-0.1593871374287016,-0.06799537460154303
-0.151929198943502,0.062256819906202354,-0.21418601884970434,-1.9841897106276145,0.8289851220917236,-0.1577051664376231,-0.1574589104518519
-0.28098859172088475,0.5508308200542009,-0.8318194117750857,-3.116060113279979,4.481852718085307,-0.2933705249487496,-0.042893259799765104
-0.24961160768419288,0.7912319809163262,-1.0408435886005192,-2.4406827471273838,5.540050222743865,-0.2634163225039049,-0.06210011488605438
-0.19415434643979312,0.19920420452255883,-0.39335855096235195,-2.3708080178380357,2.1453600543412357,-0.19920404588202723,-0.06426606994007478
-0.15725135243030286,0.3310824000994286,-0.48833375252973144,-1.5566761907987146,2.907846229028848,-0.20541186078640583,-0.09608291978301164
-0.0467512774066543,-0.11245124374898496,0.06569996634233066,-0.32262931385165056,-0.9623573240537588,-0.11265983730391382,-0.23959360310473066
-0.29476835140636737,0.7664904650792153,-1.0612588164855827,-2.842663609277707,5.110782752298229,-0.3027407147624631,-0.04826507666512714
-0.20835596144729884,0.3452129319729693,-0.5535688934202682,-2.6278690993247245,3.5679765375040717,-0.21433113928864633,-0.04379434845908414
-0.2637848325402745,0.3797270695098087,-0.6435119020500832,-2.9254909433694105,3.3064043171374804,-0.26479083621012056,-0.04913427284977512
-0.11432232261697106,0.10355202092994942,-0.21787434354692048,-1.1825796226124363,1.1239933500582004,-0.15939822306530627,-0.11149494421604467
-0.19700839605010656,0.42234442654001003,-0.6193528225901166,-1.8234802029389434,3.2580035190203036,-0.2361522141003899,-0.08482303888149278
-0.2255756429421949,0.39579132604167633,-0.6213669689838712,-2.1562580478179605,3.096332474701113,-0.26317815610792283,-0.14300264536032925
-0.2785264846604588,0.39547498881190957,-0.6740014734723684,-3.8988825570939873,4.198685406090346,-0.28754060666659953,-0.025388283645986887
-0.29183797720574334,0.4284626007439001,-0.7203005779496434,-3.4014951210580073,3.7410251803899985,-0.3001831994073132,-0.05054362551832614
-0.24868350679779172,0.08551650218024509,-0.3342000089780368,-3.128106503232473,0.9930654340592363,-0.2521575333327394,-0.08113995108568528
-0.3050328205427172,0.4489809096420043,-0.7540137301847215,-3.4578576546223196,3.7463031813358443,-0.30755016616881514,-0.07845040268254311
-0.2691179210359196,0.5555508856447031,-0.8246688066806227,-3.3446709850676926,5.077452749505235,-0.2669422187037388,-0.10496970397208794
-0.1909831858433333,0.3361741417170032,-0.5271573275603365,-2.3608371630658613,3.4755482029687528,-0.19628820422212523,-0.04826507666512703
-0.18833279759881283,0.3836818037279004,-0.5720146013267132,-1.9621366272457734,3.353236239926856,-0.22929818057663198,-0.1141080754301459
-0.1793571612250373,0.41271275916213446,-0.5920699203871718,-1.9999594471110942,3.829078070067099,-0.20885002138273068,-0.04826507666512703
-0.18107648864528758,0.18235414265712624,-0.3634306313024138,-2.3992145831430327,2.1533270401863254,-0.21692844715268234,-0.042336247589563114
-0.2108527745295653,0.25885296212797426,-0.46970573665753956,-2.5726260754628685,2.6812881683595045,-0.20491532946028712,-0.056058926020189026
-0.14579675863922892,0.04904638814049456,-0.19484314677972348,-1.275450346356529,0.5246603861652619,-0.15783055205553542,-0.2487137232418054
-0.18722045337209037,0.33272840914656965,-0.51994886251866,-2.0367509058027706,3.079264156204617,-0.23642794076216023,-0.10239572614201609
-0.15607326569799418,0.15743562744286188,-0.31350889314085606,-1.682655705679787,1.6200347026226063,-0.21017922789685228,-0.11098264768973687
-0.12311270148821474,0.21214236933521735,-0.3352550708234321,-1.1813809572463334,1.9846924594857946,-0.17351661359994008,-0.07485154405502725
-0.2149826380384111,0.25321577251630556,-0.46819841055471667,-2.466240635225504,2.4763421074017478,-0.21724589667237615,-0.12058133250549774
-0.20607007069730532,0.3946717266934494,-0.6007417973907547,-4.136741002558733,6.423967628243093,-0.2138256467807481,-0.028240153822092218
-0.261696444766194,0.43031231360279554,-0.6920087583689896,-3.1438742855989363,3.972008816935023,-0.2551827436596237,-0.04826507666512703
-0.12997086968368243,0.1363788941086701,-0.26634976379235253,-1.7040405440036104,1.7065466312943631,-0.15641266566381085,-0.1014567691790984
-0.21264217229216775,0.2880701007245907,-0.5007122730167585,-2.849298040313346,3.2039729388467406,-0.2747943928129828,-0.07485154405502725
-0.23257659411709364,0.524328704846823,-0.7569052989639167,-2.7553268710649585,4.77738673045745,-0.24088433284329047,-0.04826507666512725
-0.24780267245926335,0.20446886902496297,-0.4522715414842263,-2.6729709092818528,1.9044180756179374,-0.2629711993095535,-0.07551150108462479
-0.25251167645647754,0.33196763896041404,-0.5844793154168916,-3.347838235791813,3.480834316078164,-0.2690419476898184,-0.07667425354830437
-0.20982094158577103,0.3427241734619717,-0.5525451150477427,-2.360384815146581,3.1891952650887307,-0.2244564527708719,-0.075360022131298
-0.29210792537813834,0.5995920364295235,-0.8916999618076619,-2.8142261230032295,4.180234092311829,-0.2980095707071412,-0.07186639778506432
-0.2725485281583204,0.26999398131047525,-0.5425425094687957,-3.352936500332849,2.663991909917348,-0.2888393512694193,-0.06783875480636259
-0.2165918647444387,0.31645623668781253,-0.5330481014322512,-2.445572847898354,2.967899724694682,-0.24245174627049715,-0.0702551163727887
-0.22963122648845613,0.2847965603569984,-0.5144277868454545,-3.2897739114603666,3.3202836195631487,-0.22756850539748996,-0.07485154405502747
-0.2125984544899049,0.3802419394060115,-0.5928403938959164,-2.5231500955923956,3.670756731392145,-0.2226857570448032,-0.07848927628095392
